

Started GET "/" for 127.0.0.1 at 2017-03-20 18:06:38 +0100
Processing by Rails::WelcomeController#index as HTML
  Rendered /home/kovo/.rbenv/versions/2.3.1/lib/ruby/gems/2.3.0/gems/railties-4.2.6/lib/rails/templates/rails/welcome/index.html.erb (7.0ms)
Completed 200 OK in 141ms (Views: 70.8ms | ActiveRecord: 0.0ms)
  [1m[36m (7.3ms)[0m  [1mCREATE TABLE "schema_migrations" ("version" varchar NOT NULL) [0m
  [1m[35m (0.5ms)[0m  select sqlite_version(*)
  [1m[36m (15.2ms)[0m  [1mCREATE UNIQUE INDEX "unique_schema_migrations" ON "schema_migrations" ("version")[0m
  [1m[35mActiveRecord::SchemaMigration Load (0.7ms)[0m  SELECT "schema_migrations".* FROM "schema_migrations"
Migrating to CreateUsers (20170320171002)
  [1m[36m (0.3ms)[0m  [1mbegin transaction[0m
  [1m[35m (1.2ms)[0m  CREATE TABLE "users" ("id" INTEGER PRIMARY KEY AUTOINCREMENT NOT NULL, "name" varchar, "created_at" datetime NOT NULL, "updated_at" datetime NOT NULL) 
  [1m[36mSQL (0.6ms)[0m  [1mINSERT INTO "schema_migrations" ("version") VALUES (?)[0m  [["version", "20170320171002"]]
  [1m[35m (6.8ms)[0m  commit transaction
  [1m[36mActiveRecord::SchemaMigration Load (0.5ms)[0m  [1mSELECT "schema_migrations".* FROM "schema_migrations"[0m
  [1m[36mActiveRecord::SchemaMigration Load (0.5ms)[0m  [1mSELECT "schema_migrations".* FROM "schema_migrations"[0m
Migrating to CreateBlogs (20170320171159)
  [1m[36mActiveRecord::SchemaMigration Load (0.5ms)[0m  [1mSELECT "schema_migrations".* FROM "schema_migrations"[0m
Migrating to CreateBlogs (20170320171159)
  [1m[36mActiveRecord::SchemaMigration Load (0.4ms)[0m  [1mSELECT "schema_migrations".* FROM "schema_migrations"[0m
Migrating to CreateBlogs (20170320171159)
  [1m[36mActiveRecord::SchemaMigration Load (0.5ms)[0m  [1mSELECT "schema_migrations".* FROM "schema_migrations"[0m
Migrating to CreateBlogs (20170320171159)
  [1m[36mActiveRecord::SchemaMigration Load (0.4ms)[0m  [1mSELECT "schema_migrations".* FROM "schema_migrations"[0m
Migrating to CreateBlogs (20170320171159)
  [1m[35m (0.2ms)[0m  begin transaction
  [1m[36m (1.6ms)[0m  [1mCREATE TABLE "blogs" ("id" INTEGER PRIMARY KEY AUTOINCREMENT NOT NULL, "title" varchar, "user_id" integer, "created_at" datetime NOT NULL, "updated_at" datetime NOT NULL) [0m
  [1m[35m (0.3ms)[0m  select sqlite_version(*)
  [1m[36m (0.5ms)[0m  [1mCREATE  INDEX "index_blogs_on_user_id" ON "blogs" ("user_id")[0m
  [1m[35mSQL (5.4ms)[0m  INSERT INTO "schema_migrations" ("version") VALUES (?)  [["version", "20170320171159"]]
  [1m[36m (15.4ms)[0m  [1mcommit transaction[0m
  [1m[35mActiveRecord::SchemaMigration Load (0.6ms)[0m  SELECT "schema_migrations".* FROM "schema_migrations"
  [1m[36m (0.5ms)[0m  [1m            SELECT sql
            FROM sqlite_master
            WHERE name='index_blogs_on_user_id' AND type='index'
            UNION ALL
            SELECT sql
            FROM sqlite_temp_master
            WHERE name='index_blogs_on_user_id' AND type='index'
[0m
  [1m[36mActiveRecord::SchemaMigration Load (0.5ms)[0m  [1mSELECT "schema_migrations".* FROM "schema_migrations"[0m
Migrating to CreateCategories (20170320174002)
  [1m[35m (0.2ms)[0m  begin transaction
  [1m[36m (1.5ms)[0m  [1mCREATE TABLE "categories" ("id" INTEGER PRIMARY KEY AUTOINCREMENT NOT NULL, "title" varchar, "created_at" datetime NOT NULL, "updated_at" datetime NOT NULL) [0m
  [1m[35mSQL (1.1ms)[0m  INSERT INTO "schema_migrations" ("version") VALUES (?)  [["version", "20170320174002"]]
  [1m[36m (25.7ms)[0m  [1mcommit transaction[0m
Migrating to CreatePosts (20170320174021)
  [1m[35m (0.2ms)[0m  begin transaction
  [1m[36m (8.1ms)[0m  [1mCREATE TABLE "posts" ("id" INTEGER PRIMARY KEY AUTOINCREMENT NOT NULL, "title" varchar, "user_id" integer, "blog_id" integer, "created_at" datetime NOT NULL, "updated_at" datetime NOT NULL) [0m
  [1m[35m (0.3ms)[0m  select sqlite_version(*)
  [1m[36m (0.5ms)[0m  [1mCREATE  INDEX "index_posts_on_user_id" ON "posts" ("user_id")[0m
  [1m[35m (0.4ms)[0m              SELECT sql
            FROM sqlite_master
            WHERE name='index_posts_on_user_id' AND type='index'
            UNION ALL
            SELECT sql
            FROM sqlite_temp_master
            WHERE name='index_posts_on_user_id' AND type='index'

  [1m[36m (0.5ms)[0m  [1mCREATE  INDEX "index_posts_on_blog_id" ON "posts" ("blog_id")[0m
  [1m[35mSQL (0.5ms)[0m  INSERT INTO "schema_migrations" ("version") VALUES (?)  [["version", "20170320174021"]]
  [1m[36m (99.8ms)[0m  [1mcommit transaction[0m
Migrating to CreateTags (20170320174042)
  [1m[35m (0.2ms)[0m  begin transaction
  [1m[36m (0.9ms)[0m  [1mCREATE TABLE "tags" ("id" INTEGER PRIMARY KEY AUTOINCREMENT NOT NULL, "title" varchar, "created_at" datetime NOT NULL, "updated_at" datetime NOT NULL) [0m
  [1m[35mSQL (0.5ms)[0m  INSERT INTO "schema_migrations" ("version") VALUES (?)  [["version", "20170320174042"]]
  [1m[36m (38.0ms)[0m  [1mcommit transaction[0m
  [1m[35mActiveRecord::SchemaMigration Load (0.4ms)[0m  SELECT "schema_migrations".* FROM "schema_migrations"
  [1m[36m (0.5ms)[0m  [1m            SELECT sql
            FROM sqlite_master
            WHERE name='index_blogs_on_user_id' AND type='index'
            UNION ALL
            SELECT sql
            FROM sqlite_temp_master
            WHERE name='index_blogs_on_user_id' AND type='index'
[0m
  [1m[35m (0.4ms)[0m              SELECT sql
            FROM sqlite_master
            WHERE name='index_posts_on_blog_id' AND type='index'
            UNION ALL
            SELECT sql
            FROM sqlite_temp_master
            WHERE name='index_posts_on_blog_id' AND type='index'

  [1m[36m (0.6ms)[0m  [1m            SELECT sql
            FROM sqlite_master
            WHERE name='index_posts_on_user_id' AND type='index'
            UNION ALL
            SELECT sql
            FROM sqlite_temp_master
            WHERE name='index_posts_on_user_id' AND type='index'
[0m


Started GET "/" for 127.0.0.1 at 2017-03-20 18:46:00 +0100
  [1m[36mActiveRecord::SchemaMigration Load (0.6ms)[0m  [1mSELECT "schema_migrations".* FROM "schema_migrations"[0m
Processing by Rails::WelcomeController#index as HTML
  Rendered /home/kovo/.rbenv/versions/2.3.1/lib/ruby/gems/2.3.0/gems/railties-4.2.6/lib/rails/templates/rails/welcome/index.html.erb (0.2ms)
Completed 200 OK in 5ms (Views: 4.0ms | ActiveRecord: 0.0ms)


Started GET "/" for 127.0.0.1 at 2017-03-20 18:51:29 +0100
Processing by HomepageController#index as HTML
Completed 500 Internal Server Error in 34ms (ActiveRecord: 0.0ms)

ActionView::MissingTemplate (Missing template homepage/index, application/index with {:locale=>[:en], :formats=>[:html], :variants=>[], :handlers=>[:erb, :builder, :raw, :ruby, :coffee, :jbuilder]}. Searched in:
  * "/home/kovo/:. WWW/kovoweb-3.0/mojWeb/app/views"
):
  actionview (4.2.6) lib/action_view/path_set.rb:46:in `find'
  actionview (4.2.6) lib/action_view/lookup_context.rb:121:in `find'
  actionview (4.2.6) lib/action_view/renderer/abstract_renderer.rb:18:in `find_template'
  actionview (4.2.6) lib/action_view/renderer/template_renderer.rb:40:in `determine_template'
  actionview (4.2.6) lib/action_view/renderer/template_renderer.rb:8:in `render'
  actionview (4.2.6) lib/action_view/renderer/renderer.rb:46:in `render_template'
  actionview (4.2.6) lib/action_view/renderer/renderer.rb:27:in `render'
  actionview (4.2.6) lib/action_view/rendering.rb:100:in `_render_template'
  actionpack (4.2.6) lib/action_controller/metal/streaming.rb:217:in `_render_template'
  actionview (4.2.6) lib/action_view/rendering.rb:83:in `render_to_body'
  actionpack (4.2.6) lib/action_controller/metal/rendering.rb:32:in `render_to_body'
  actionpack (4.2.6) lib/action_controller/metal/renderers.rb:37:in `render_to_body'
  actionpack (4.2.6) lib/abstract_controller/rendering.rb:25:in `render'
  actionpack (4.2.6) lib/action_controller/metal/rendering.rb:16:in `render'
  actionpack (4.2.6) lib/action_controller/metal/instrumentation.rb:44:in `block (2 levels) in render'
  activesupport (4.2.6) lib/active_support/core_ext/benchmark.rb:12:in `block in ms'
  /home/kovo/.rbenv/versions/2.3.1/lib/ruby/2.3.0/benchmark.rb:308:in `realtime'
  activesupport (4.2.6) lib/active_support/core_ext/benchmark.rb:12:in `ms'
  actionpack (4.2.6) lib/action_controller/metal/instrumentation.rb:44:in `block in render'
  actionpack (4.2.6) lib/action_controller/metal/instrumentation.rb:87:in `cleanup_view_runtime'
  activerecord (4.2.6) lib/active_record/railties/controller_runtime.rb:25:in `cleanup_view_runtime'
  actionpack (4.2.6) lib/action_controller/metal/instrumentation.rb:43:in `render'
  actionpack (4.2.6) lib/action_controller/metal/implicit_render.rb:10:in `default_render'
  actionpack (4.2.6) lib/action_controller/metal/implicit_render.rb:5:in `send_action'
  actionpack (4.2.6) lib/abstract_controller/base.rb:198:in `process_action'
  actionpack (4.2.6) lib/action_controller/metal/rendering.rb:10:in `process_action'
  actionpack (4.2.6) lib/abstract_controller/callbacks.rb:20:in `block in process_action'
  activesupport (4.2.6) lib/active_support/callbacks.rb:117:in `call'
  activesupport (4.2.6) lib/active_support/callbacks.rb:555:in `block (2 levels) in compile'
  activesupport (4.2.6) lib/active_support/callbacks.rb:505:in `call'
  activesupport (4.2.6) lib/active_support/callbacks.rb:92:in `__run_callbacks__'
  activesupport (4.2.6) lib/active_support/callbacks.rb:778:in `_run_process_action_callbacks'
  activesupport (4.2.6) lib/active_support/callbacks.rb:81:in `run_callbacks'
  actionpack (4.2.6) lib/abstract_controller/callbacks.rb:19:in `process_action'
  actionpack (4.2.6) lib/action_controller/metal/rescue.rb:29:in `process_action'
  actionpack (4.2.6) lib/action_controller/metal/instrumentation.rb:32:in `block in process_action'
  activesupport (4.2.6) lib/active_support/notifications.rb:164:in `block in instrument'
  activesupport (4.2.6) lib/active_support/notifications/instrumenter.rb:20:in `instrument'
  activesupport (4.2.6) lib/active_support/notifications.rb:164:in `instrument'
  actionpack (4.2.6) lib/action_controller/metal/instrumentation.rb:30:in `process_action'
  actionpack (4.2.6) lib/action_controller/metal/params_wrapper.rb:250:in `process_action'
  activerecord (4.2.6) lib/active_record/railties/controller_runtime.rb:18:in `process_action'
  actionpack (4.2.6) lib/abstract_controller/base.rb:137:in `process'
  actionview (4.2.6) lib/action_view/rendering.rb:30:in `process'
  actionpack (4.2.6) lib/action_controller/metal.rb:196:in `dispatch'
  actionpack (4.2.6) lib/action_controller/metal/rack_delegation.rb:13:in `dispatch'
  actionpack (4.2.6) lib/action_controller/metal.rb:237:in `block in action'
  actionpack (4.2.6) lib/action_dispatch/routing/route_set.rb:74:in `dispatch'
  actionpack (4.2.6) lib/action_dispatch/routing/route_set.rb:43:in `serve'
  actionpack (4.2.6) lib/action_dispatch/journey/router.rb:43:in `block in serve'
  actionpack (4.2.6) lib/action_dispatch/journey/router.rb:30:in `each'
  actionpack (4.2.6) lib/action_dispatch/journey/router.rb:30:in `serve'
  actionpack (4.2.6) lib/action_dispatch/routing/route_set.rb:817:in `call'
  rack (1.6.5) lib/rack/etag.rb:24:in `call'
  rack (1.6.5) lib/rack/conditionalget.rb:25:in `call'
  rack (1.6.5) lib/rack/head.rb:13:in `call'
  actionpack (4.2.6) lib/action_dispatch/middleware/params_parser.rb:27:in `call'
  actionpack (4.2.6) lib/action_dispatch/middleware/flash.rb:260:in `call'
  rack (1.6.5) lib/rack/session/abstract/id.rb:225:in `context'
  rack (1.6.5) lib/rack/session/abstract/id.rb:220:in `call'
  actionpack (4.2.6) lib/action_dispatch/middleware/cookies.rb:560:in `call'
  activerecord (4.2.6) lib/active_record/query_cache.rb:36:in `call'
  activerecord (4.2.6) lib/active_record/connection_adapters/abstract/connection_pool.rb:653:in `call'
  activerecord (4.2.6) lib/active_record/migration.rb:377:in `call'
  actionpack (4.2.6) lib/action_dispatch/middleware/callbacks.rb:29:in `block in call'
  activesupport (4.2.6) lib/active_support/callbacks.rb:88:in `__run_callbacks__'
  activesupport (4.2.6) lib/active_support/callbacks.rb:778:in `_run_call_callbacks'
  activesupport (4.2.6) lib/active_support/callbacks.rb:81:in `run_callbacks'
  actionpack (4.2.6) lib/action_dispatch/middleware/callbacks.rb:27:in `call'
  actionpack (4.2.6) lib/action_dispatch/middleware/reloader.rb:73:in `call'
  actionpack (4.2.6) lib/action_dispatch/middleware/remote_ip.rb:78:in `call'
  actionpack (4.2.6) lib/action_dispatch/middleware/debug_exceptions.rb:17:in `call'
  web-console (2.3.0) lib/web_console/middleware.rb:28:in `block in call'
  web-console (2.3.0) lib/web_console/middleware.rb:18:in `catch'
  web-console (2.3.0) lib/web_console/middleware.rb:18:in `call'
  actionpack (4.2.6) lib/action_dispatch/middleware/show_exceptions.rb:30:in `call'
  railties (4.2.6) lib/rails/rack/logger.rb:38:in `call_app'
  railties (4.2.6) lib/rails/rack/logger.rb:20:in `block in call'
  activesupport (4.2.6) lib/active_support/tagged_logging.rb:68:in `block in tagged'
  activesupport (4.2.6) lib/active_support/tagged_logging.rb:26:in `tagged'
  activesupport (4.2.6) lib/active_support/tagged_logging.rb:68:in `tagged'
  railties (4.2.6) lib/rails/rack/logger.rb:20:in `call'
  actionpack (4.2.6) lib/action_dispatch/middleware/request_id.rb:21:in `call'
  rack (1.6.5) lib/rack/methodoverride.rb:22:in `call'
  rack (1.6.5) lib/rack/runtime.rb:18:in `call'
  activesupport (4.2.6) lib/active_support/cache/strategy/local_cache_middleware.rb:28:in `call'
  rack (1.6.5) lib/rack/lock.rb:17:in `call'
  actionpack (4.2.6) lib/action_dispatch/middleware/static.rb:120:in `call'
  rack (1.6.5) lib/rack/sendfile.rb:113:in `call'
  railties (4.2.6) lib/rails/engine.rb:518:in `call'
  railties (4.2.6) lib/rails/application.rb:165:in `call'
  rack (1.6.5) lib/rack/lock.rb:17:in `call'
  rack (1.6.5) lib/rack/content_length.rb:15:in `call'
  rack (1.6.5) lib/rack/handler/webrick.rb:88:in `service'
  /home/kovo/.rbenv/versions/2.3.1/lib/ruby/2.3.0/webrick/httpserver.rb:140:in `service'
  /home/kovo/.rbenv/versions/2.3.1/lib/ruby/2.3.0/webrick/httpserver.rb:96:in `run'
  /home/kovo/.rbenv/versions/2.3.1/lib/ruby/2.3.0/webrick/server.rb:296:in `block in start_thread'


  Rendered /home/kovo/.rbenv/versions/2.3.1/lib/ruby/gems/2.3.0/gems/actionpack-4.2.6/lib/action_dispatch/middleware/templates/rescues/_source.erb (72.3ms)
  Rendered /home/kovo/.rbenv/versions/2.3.1/lib/ruby/gems/2.3.0/gems/actionpack-4.2.6/lib/action_dispatch/middleware/templates/rescues/_trace.html.erb (17.6ms)
  Rendered /home/kovo/.rbenv/versions/2.3.1/lib/ruby/gems/2.3.0/gems/actionpack-4.2.6/lib/action_dispatch/middleware/templates/rescues/_request_and_response.html.erb (2.9ms)
  Rendered /home/kovo/.rbenv/versions/2.3.1/lib/ruby/gems/2.3.0/gems/actionpack-4.2.6/lib/action_dispatch/middleware/templates/rescues/missing_template.html.erb within rescues/layout (181.8ms)
  Rendered /home/kovo/.rbenv/versions/2.3.1/lib/ruby/gems/2.3.0/gems/web-console-2.3.0/lib/web_console/templates/_markup.html.erb (5.5ms)
  Rendered /home/kovo/.rbenv/versions/2.3.1/lib/ruby/gems/2.3.0/gems/web-console-2.3.0/lib/web_console/templates/_inner_console_markup.html.erb within layouts/inlined_string (1.1ms)
  Rendered /home/kovo/.rbenv/versions/2.3.1/lib/ruby/gems/2.3.0/gems/web-console-2.3.0/lib/web_console/templates/_prompt_box_markup.html.erb within layouts/inlined_string (1.1ms)
  Rendered /home/kovo/.rbenv/versions/2.3.1/lib/ruby/gems/2.3.0/gems/web-console-2.3.0/lib/web_console/templates/style.css.erb within layouts/inlined_string (1.1ms)
  Rendered /home/kovo/.rbenv/versions/2.3.1/lib/ruby/gems/2.3.0/gems/web-console-2.3.0/lib/web_console/templates/console.js.erb within layouts/javascript (148.0ms)
  Rendered /home/kovo/.rbenv/versions/2.3.1/lib/ruby/gems/2.3.0/gems/web-console-2.3.0/lib/web_console/templates/main.js.erb within layouts/javascript (1.0ms)
  Rendered /home/kovo/.rbenv/versions/2.3.1/lib/ruby/gems/2.3.0/gems/web-console-2.3.0/lib/web_console/templates/error_page.js.erb within layouts/javascript (9.9ms)
  Rendered /home/kovo/.rbenv/versions/2.3.1/lib/ruby/gems/2.3.0/gems/web-console-2.3.0/lib/web_console/templates/index.html.erb (284.8ms)


Started GET "/" for 127.0.0.1 at 2017-03-20 18:51:55 +0100
Processing by HomepageController#index as HTML
  Rendered homepage/index.html.erb within layouts/application (1.0ms)
Completed 200 OK in 3851ms (Views: 3849.3ms | ActiveRecord: 0.0ms)


Started GET "/assets/blogs.self-e3b0c44298fc1c149afbf4c8996fb92427ae41e4649b934ca495991b7852b855.css?body=1" for 127.0.0.1 at 2017-03-20 18:51:59 +0100


Started GET "/assets/homepage.self-e3b0c44298fc1c149afbf4c8996fb92427ae41e4649b934ca495991b7852b855.css?body=1" for 127.0.0.1 at 2017-03-20 18:51:59 +0100


Started GET "/assets/users.self-e3b0c44298fc1c149afbf4c8996fb92427ae41e4649b934ca495991b7852b855.css?body=1" for 127.0.0.1 at 2017-03-20 18:51:59 +0100


Started GET "/assets/blogs.self-877aef30ae1b040ab8a3aba4e3e309a11d7f2612f44dde450b5c157aa5f95c05.js?body=1" for 127.0.0.1 at 2017-03-20 18:51:59 +0100


Started GET "/assets/application.self-e80e8f2318043e8af94dddc2adad5a4f09739a8ebb323b3ab31cd71d45fd9113.css?body=1" for 127.0.0.1 at 2017-03-20 18:51:59 +0100


Started GET "/assets/homepage.self-877aef30ae1b040ab8a3aba4e3e309a11d7f2612f44dde450b5c157aa5f95c05.js?body=1" for 127.0.0.1 at 2017-03-20 18:51:59 +0100


Started GET "/assets/users.self-877aef30ae1b040ab8a3aba4e3e309a11d7f2612f44dde450b5c157aa5f95c05.js?body=1" for 127.0.0.1 at 2017-03-20 18:51:59 +0100


Started GET "/assets/application.self-3b8dabdc891efe46b9a144b400ad69e37d7e5876bdc39dee783419a69d7ca819.js?body=1" for 127.0.0.1 at 2017-03-20 18:51:59 +0100


Started GET "/assets/jquery_ujs.self-784a997f6726036b1993eb2217c9cb558e1cbb801c6da88105588c56f13b466a.js?body=1" for 127.0.0.1 at 2017-03-20 18:51:59 +0100


Started GET "/assets/jquery.self-bd7ddd393353a8d2480a622e80342adf488fb6006d667e8b42e4c0073393abee.js?body=1" for 127.0.0.1 at 2017-03-20 18:51:59 +0100


Started GET "/assets/turbolinks.self-c5acd7a204f5f25ce7a1d8a0e4d92e28d34c9e2df2c7371cd7af88e147e4ad82.js?body=1" for 127.0.0.1 at 2017-03-20 18:51:59 +0100
  [1m[36m (1.1ms)[0m  [1mSELECT COUNT(*) FROM "blogs"[0m


Started GET "/" for 127.0.0.1 at 2017-03-20 19:19:07 +0100

ActionController::RoutingError (undefined method `model_exist?' for ApplicationController:Class):
  app/controllers/application_controller.rb:13:in `<class:ApplicationController>'
  app/controllers/application_controller.rb:1:in `<top (required)>'
  app/controllers/homepage_controller.rb:1:in `<top (required)>'




Started GET "/" for 127.0.0.1 at 2017-03-20 19:20:28 +0100
  [1m[36mActiveRecord::SchemaMigration Load (0.5ms)[0m  [1mSELECT "schema_migrations".* FROM "schema_migrations"[0m

ActionController::RoutingError (undefined method `model_exist?' for ApplicationController:Class):
  app/controllers/application_controller.rb:13:in `<class:ApplicationController>'
  app/controllers/application_controller.rb:1:in `<top (required)>'
  app/controllers/homepage_controller.rb:1:in `<top (required)>'




Started GET "/" for 127.0.0.1 at 2017-03-20 19:22:28 +0100

ActionController::RoutingError (undefined method `model_exist?' for ApplicationController:Class):
  app/controllers/application_controller.rb:13:in `<class:ApplicationController>'
  app/controllers/application_controller.rb:1:in `<top (required)>'
  app/controllers/homepage_controller.rb:1:in `<top (required)>'




Started GET "/" for 127.0.0.1 at 2017-03-20 19:23:09 +0100

ActionController::RoutingError (undefined method `model_exist?' for ApplicationController:Class):
  app/controllers/application_controller.rb:13:in `<class:ApplicationController>'
  app/controllers/application_controller.rb:1:in `<top (required)>'
  app/controllers/homepage_controller.rb:1:in `<top (required)>'




Started GET "/" for 127.0.0.1 at 2017-03-20 19:24:48 +0100

ActionController::RoutingError (undefined method `model_exist?' for ApplicationController:Class):
  app/controllers/application_controller.rb:13:in `<class:ApplicationController>'
  app/controllers/application_controller.rb:1:in `<top (required)>'
  app/controllers/homepage_controller.rb:1:in `<top (required)>'




Started GET "/" for 127.0.0.1 at 2017-03-20 19:25:33 +0100
Processing by HomepageController#index as HTML
  Rendered homepage/index.html.erb within layouts/application (7.2ms)
Completed 200 OK in 1710ms (Views: 1639.6ms | ActiveRecord: 0.0ms)


Started GET "/assets/blogs.self-e3b0c44298fc1c149afbf4c8996fb92427ae41e4649b934ca495991b7852b855.css?body=1" for 127.0.0.1 at 2017-03-20 19:25:35 +0100


Started GET "/assets/homepage.self-e3b0c44298fc1c149afbf4c8996fb92427ae41e4649b934ca495991b7852b855.css?body=1" for 127.0.0.1 at 2017-03-20 19:25:35 +0100


Started GET "/assets/users.self-e3b0c44298fc1c149afbf4c8996fb92427ae41e4649b934ca495991b7852b855.css?body=1" for 127.0.0.1 at 2017-03-20 19:25:35 +0100


Started GET "/assets/application.self-e80e8f2318043e8af94dddc2adad5a4f09739a8ebb323b3ab31cd71d45fd9113.css?body=1" for 127.0.0.1 at 2017-03-20 19:25:35 +0100


Started GET "/assets/jquery.self-bd7ddd393353a8d2480a622e80342adf488fb6006d667e8b42e4c0073393abee.js?body=1" for 127.0.0.1 at 2017-03-20 19:25:35 +0100


Started GET "/assets/blogs.self-877aef30ae1b040ab8a3aba4e3e309a11d7f2612f44dde450b5c157aa5f95c05.js?body=1" for 127.0.0.1 at 2017-03-20 19:25:35 +0100


Started GET "/assets/jquery_ujs.self-784a997f6726036b1993eb2217c9cb558e1cbb801c6da88105588c56f13b466a.js?body=1" for 127.0.0.1 at 2017-03-20 19:25:35 +0100


Started GET "/assets/turbolinks.self-c5acd7a204f5f25ce7a1d8a0e4d92e28d34c9e2df2c7371cd7af88e147e4ad82.js?body=1" for 127.0.0.1 at 2017-03-20 19:25:36 +0100


Started GET "/assets/homepage.self-877aef30ae1b040ab8a3aba4e3e309a11d7f2612f44dde450b5c157aa5f95c05.js?body=1" for 127.0.0.1 at 2017-03-20 19:25:36 +0100


Started GET "/assets/users.self-877aef30ae1b040ab8a3aba4e3e309a11d7f2612f44dde450b5c157aa5f95c05.js?body=1" for 127.0.0.1 at 2017-03-20 19:25:36 +0100


Started GET "/assets/application.self-3b8dabdc891efe46b9a144b400ad69e37d7e5876bdc39dee783419a69d7ca819.js?body=1" for 127.0.0.1 at 2017-03-20 19:25:36 +0100


Started GET "/" for 127.0.0.1 at 2017-03-20 19:27:55 +0100
Processing by HomepageController#index as HTML
  Rendered homepage/index.html.erb within layouts/application (0.2ms)
Completed 200 OK in 189ms (Views: 187.5ms | ActiveRecord: 0.0ms)


Started GET "/assets/blogs.self-e3b0c44298fc1c149afbf4c8996fb92427ae41e4649b934ca495991b7852b855.css?body=1" for 127.0.0.1 at 2017-03-20 19:27:56 +0100


Started GET "/assets/homepage.self-e3b0c44298fc1c149afbf4c8996fb92427ae41e4649b934ca495991b7852b855.css?body=1" for 127.0.0.1 at 2017-03-20 19:27:56 +0100


Started GET "/assets/users.self-e3b0c44298fc1c149afbf4c8996fb92427ae41e4649b934ca495991b7852b855.css?body=1" for 127.0.0.1 at 2017-03-20 19:27:56 +0100


Started GET "/assets/application.self-e80e8f2318043e8af94dddc2adad5a4f09739a8ebb323b3ab31cd71d45fd9113.css?body=1" for 127.0.0.1 at 2017-03-20 19:27:56 +0100


Started GET "/assets/jquery_ujs.self-784a997f6726036b1993eb2217c9cb558e1cbb801c6da88105588c56f13b466a.js?body=1" for 127.0.0.1 at 2017-03-20 19:27:56 +0100


Started GET "/assets/jquery.self-bd7ddd393353a8d2480a622e80342adf488fb6006d667e8b42e4c0073393abee.js?body=1" for 127.0.0.1 at 2017-03-20 19:27:56 +0100


Started GET "/assets/turbolinks.self-c5acd7a204f5f25ce7a1d8a0e4d92e28d34c9e2df2c7371cd7af88e147e4ad82.js?body=1" for 127.0.0.1 at 2017-03-20 19:27:56 +0100


Started GET "/assets/blogs.self-877aef30ae1b040ab8a3aba4e3e309a11d7f2612f44dde450b5c157aa5f95c05.js?body=1" for 127.0.0.1 at 2017-03-20 19:27:56 +0100


Started GET "/assets/homepage.self-877aef30ae1b040ab8a3aba4e3e309a11d7f2612f44dde450b5c157aa5f95c05.js?body=1" for 127.0.0.1 at 2017-03-20 19:27:56 +0100


Started GET "/assets/users.self-877aef30ae1b040ab8a3aba4e3e309a11d7f2612f44dde450b5c157aa5f95c05.js?body=1" for 127.0.0.1 at 2017-03-20 19:27:57 +0100


Started GET "/assets/application.self-3b8dabdc891efe46b9a144b400ad69e37d7e5876bdc39dee783419a69d7ca819.js?body=1" for 127.0.0.1 at 2017-03-20 19:27:57 +0100
  [1m[35mUser Load (0.7ms)[0m  SELECT "users".* FROM "users"
  [1m[36m (0.3ms)[0m  [1mbegin transaction[0m
  [1m[35mSQL (1.4ms)[0m  INSERT INTO "blogs" ("title", "created_at", "updated_at") VALUES (?, ?, ?)  [["title", "blog"], ["created_at", "2017-03-20 18:42:01.573930"], ["updated_at", "2017-03-20 18:42:01.573930"]]
  [1m[36m (11.6ms)[0m  [1mcommit transaction[0m


Started GET "/" for 127.0.0.1 at 2017-03-20 19:50:07 +0100

SyntaxError (/home/kovo/:. WWW/kovoweb-3.0/mojWeb/config/routes.rb:7: syntax error, unexpected ':', expecting keyword_end
    to: "homepage#index",
       ^
/home/kovo/:. WWW/kovoweb-3.0/mojWeb/config/routes.rb:7: syntax error, unexpected ',', expecting keyword_end):
  config/routes.rb:7: syntax error, unexpected ':', expecting keyword_end
  config/routes.rb:7: syntax error, unexpected ',', expecting keyword_end




Started GET "/" for 127.0.0.1 at 2017-03-20 19:50:25 +0100
Processing by HomepageController#index as HTML
  Rendered homepage/index.html.erb within layouts/application (0.2ms)
Completed 200 OK in 586ms (Views: 584.1ms | ActiveRecord: 0.0ms)


Started GET "/assets/blogs.self-e3b0c44298fc1c149afbf4c8996fb92427ae41e4649b934ca495991b7852b855.css?body=1" for 127.0.0.1 at 2017-03-20 19:50:26 +0100


Started GET "/assets/homepage.self-e3b0c44298fc1c149afbf4c8996fb92427ae41e4649b934ca495991b7852b855.css?body=1" for 127.0.0.1 at 2017-03-20 19:50:26 +0100


Started GET "/assets/posts.self-e3b0c44298fc1c149afbf4c8996fb92427ae41e4649b934ca495991b7852b855.css?body=1" for 127.0.0.1 at 2017-03-20 19:50:26 +0100


Started GET "/assets/posts.self-877aef30ae1b040ab8a3aba4e3e309a11d7f2612f44dde450b5c157aa5f95c05.js?body=1" for 127.0.0.1 at 2017-03-20 19:50:26 +0100


Started GET "/assets/users.self-e3b0c44298fc1c149afbf4c8996fb92427ae41e4649b934ca495991b7852b855.css?body=1" for 127.0.0.1 at 2017-03-20 19:50:26 +0100


Started GET "/assets/jquery.self-bd7ddd393353a8d2480a622e80342adf488fb6006d667e8b42e4c0073393abee.js?body=1" for 127.0.0.1 at 2017-03-20 19:50:26 +0100


Started GET "/assets/jquery_ujs.self-784a997f6726036b1993eb2217c9cb558e1cbb801c6da88105588c56f13b466a.js?body=1" for 127.0.0.1 at 2017-03-20 19:50:26 +0100


Started GET "/assets/turbolinks.self-c5acd7a204f5f25ce7a1d8a0e4d92e28d34c9e2df2c7371cd7af88e147e4ad82.js?body=1" for 127.0.0.1 at 2017-03-20 19:50:26 +0100


Started GET "/assets/application.self-e80e8f2318043e8af94dddc2adad5a4f09739a8ebb323b3ab31cd71d45fd9113.css?body=1" for 127.0.0.1 at 2017-03-20 19:50:26 +0100


Started GET "/assets/blogs.self-877aef30ae1b040ab8a3aba4e3e309a11d7f2612f44dde450b5c157aa5f95c05.js?body=1" for 127.0.0.1 at 2017-03-20 19:50:26 +0100


Started GET "/assets/homepage.self-877aef30ae1b040ab8a3aba4e3e309a11d7f2612f44dde450b5c157aa5f95c05.js?body=1" for 127.0.0.1 at 2017-03-20 19:50:26 +0100


Started GET "/assets/users.self-877aef30ae1b040ab8a3aba4e3e309a11d7f2612f44dde450b5c157aa5f95c05.js?body=1" for 127.0.0.1 at 2017-03-20 19:50:26 +0100


Started GET "/assets/application.self-3b8dabdc891efe46b9a144b400ad69e37d7e5876bdc39dee783419a69d7ca819.js?body=1" for 127.0.0.1 at 2017-03-20 19:50:26 +0100


Started GET "/" for 127.0.0.1 at 2017-03-20 19:51:40 +0100
Processing by HomepageController#index as HTML
  Rendered homepage/index.html.erb within layouts/application (0.1ms)
  Rendered layouts/_main_menu.html.erb (36.2ms)
Completed 200 OK in 280ms (Views: 266.6ms | ActiveRecord: 0.0ms)


Started GET "/assets/blogs.self-e3b0c44298fc1c149afbf4c8996fb92427ae41e4649b934ca495991b7852b855.css?body=1" for 127.0.0.1 at 2017-03-20 19:51:41 +0100


Started GET "/assets/homepage.self-e3b0c44298fc1c149afbf4c8996fb92427ae41e4649b934ca495991b7852b855.css?body=1" for 127.0.0.1 at 2017-03-20 19:51:41 +0100


Started GET "/assets/jquery.self-bd7ddd393353a8d2480a622e80342adf488fb6006d667e8b42e4c0073393abee.js?body=1" for 127.0.0.1 at 2017-03-20 19:51:41 +0100


Started GET "/assets/posts.self-e3b0c44298fc1c149afbf4c8996fb92427ae41e4649b934ca495991b7852b855.css?body=1" for 127.0.0.1 at 2017-03-20 19:51:41 +0100


Started GET "/assets/application.self-e80e8f2318043e8af94dddc2adad5a4f09739a8ebb323b3ab31cd71d45fd9113.css?body=1" for 127.0.0.1 at 2017-03-20 19:51:41 +0100


Started GET "/assets/jquery_ujs.self-784a997f6726036b1993eb2217c9cb558e1cbb801c6da88105588c56f13b466a.js?body=1" for 127.0.0.1 at 2017-03-20 19:51:41 +0100


Started GET "/assets/users.self-e3b0c44298fc1c149afbf4c8996fb92427ae41e4649b934ca495991b7852b855.css?body=1" for 127.0.0.1 at 2017-03-20 19:51:41 +0100


Started GET "/assets/turbolinks.self-c5acd7a204f5f25ce7a1d8a0e4d92e28d34c9e2df2c7371cd7af88e147e4ad82.js?body=1" for 127.0.0.1 at 2017-03-20 19:51:41 +0100


Started GET "/assets/blogs.self-877aef30ae1b040ab8a3aba4e3e309a11d7f2612f44dde450b5c157aa5f95c05.js?body=1" for 127.0.0.1 at 2017-03-20 19:51:41 +0100


Started GET "/assets/homepage.self-877aef30ae1b040ab8a3aba4e3e309a11d7f2612f44dde450b5c157aa5f95c05.js?body=1" for 127.0.0.1 at 2017-03-20 19:51:41 +0100


Started GET "/assets/posts.self-877aef30ae1b040ab8a3aba4e3e309a11d7f2612f44dde450b5c157aa5f95c05.js?body=1" for 127.0.0.1 at 2017-03-20 19:51:41 +0100


Started GET "/assets/users.self-877aef30ae1b040ab8a3aba4e3e309a11d7f2612f44dde450b5c157aa5f95c05.js?body=1" for 127.0.0.1 at 2017-03-20 19:51:41 +0100


Started GET "/assets/application.self-3b8dabdc891efe46b9a144b400ad69e37d7e5876bdc39dee783419a69d7ca819.js?body=1" for 127.0.0.1 at 2017-03-20 19:51:41 +0100


Started GET "/" for 127.0.0.1 at 2017-03-20 19:52:32 +0100
Processing by HomepageController#index as HTML
  Rendered homepage/index.html.erb within layouts/application (0.1ms)
  Rendered layouts/_main_menu.html.erb (14.4ms)
Completed 200 OK in 169ms (Views: 167.1ms | ActiveRecord: 0.0ms)


Started GET "/assets/blogs.self-e3b0c44298fc1c149afbf4c8996fb92427ae41e4649b934ca495991b7852b855.css?body=1" for 127.0.0.1 at 2017-03-20 19:52:32 +0100


Started GET "/assets/posts.self-e3b0c44298fc1c149afbf4c8996fb92427ae41e4649b934ca495991b7852b855.css?body=1" for 127.0.0.1 at 2017-03-20 19:52:33 +0100


Started GET "/assets/homepage.self-e3b0c44298fc1c149afbf4c8996fb92427ae41e4649b934ca495991b7852b855.css?body=1" for 127.0.0.1 at 2017-03-20 19:52:33 +0100


Started GET "/assets/users.self-e3b0c44298fc1c149afbf4c8996fb92427ae41e4649b934ca495991b7852b855.css?body=1" for 127.0.0.1 at 2017-03-20 19:52:33 +0100


Started GET "/assets/application.self-e80e8f2318043e8af94dddc2adad5a4f09739a8ebb323b3ab31cd71d45fd9113.css?body=1" for 127.0.0.1 at 2017-03-20 19:52:33 +0100


Started GET "/assets/jquery.self-bd7ddd393353a8d2480a622e80342adf488fb6006d667e8b42e4c0073393abee.js?body=1" for 127.0.0.1 at 2017-03-20 19:52:33 +0100


Started GET "/assets/jquery_ujs.self-784a997f6726036b1993eb2217c9cb558e1cbb801c6da88105588c56f13b466a.js?body=1" for 127.0.0.1 at 2017-03-20 19:52:33 +0100


Started GET "/assets/turbolinks.self-c5acd7a204f5f25ce7a1d8a0e4d92e28d34c9e2df2c7371cd7af88e147e4ad82.js?body=1" for 127.0.0.1 at 2017-03-20 19:52:33 +0100


Started GET "/assets/blogs.self-877aef30ae1b040ab8a3aba4e3e309a11d7f2612f44dde450b5c157aa5f95c05.js?body=1" for 127.0.0.1 at 2017-03-20 19:52:33 +0100


Started GET "/assets/homepage.self-877aef30ae1b040ab8a3aba4e3e309a11d7f2612f44dde450b5c157aa5f95c05.js?body=1" for 127.0.0.1 at 2017-03-20 19:52:33 +0100


Started GET "/assets/posts.self-877aef30ae1b040ab8a3aba4e3e309a11d7f2612f44dde450b5c157aa5f95c05.js?body=1" for 127.0.0.1 at 2017-03-20 19:52:33 +0100


Started GET "/assets/users.self-877aef30ae1b040ab8a3aba4e3e309a11d7f2612f44dde450b5c157aa5f95c05.js?body=1" for 127.0.0.1 at 2017-03-20 19:52:33 +0100


Started GET "/assets/application.self-3b8dabdc891efe46b9a144b400ad69e37d7e5876bdc39dee783419a69d7ca819.js?body=1" for 127.0.0.1 at 2017-03-20 19:52:33 +0100


Started GET "/blog" for 127.0.0.1 at 2017-03-20 19:52:40 +0100
Processing by BlogsController#index as HTML
  Rendered blogs/index.html.erb within layouts/application (1.1ms)
  Rendered layouts/_main_menu.html.erb (1.3ms)
Completed 200 OK in 269ms (Views: 267.4ms | ActiveRecord: 0.0ms)


Started GET "/blog" for 127.0.0.1 at 2017-03-20 20:03:59 +0100
Processing by BlogsController#index as HTML
  Rendered blogs/index.html.erb within layouts/application (0.1ms)
  Rendered layouts/_main_menu.html.erb (3.8ms)
Completed 200 OK in 227ms (Views: 224.7ms | ActiveRecord: 0.0ms)


Started GET "/assets/blogs.self-e3b0c44298fc1c149afbf4c8996fb92427ae41e4649b934ca495991b7852b855.css?body=1" for 127.0.0.1 at 2017-03-20 20:04:00 +0100


Started GET "/assets/homepage.self-e3b0c44298fc1c149afbf4c8996fb92427ae41e4649b934ca495991b7852b855.css?body=1" for 127.0.0.1 at 2017-03-20 20:04:00 +0100


Started GET "/assets/application.self-e80e8f2318043e8af94dddc2adad5a4f09739a8ebb323b3ab31cd71d45fd9113.css?body=1" for 127.0.0.1 at 2017-03-20 20:04:00 +0100


Started GET "/assets/users.self-e3b0c44298fc1c149afbf4c8996fb92427ae41e4649b934ca495991b7852b855.css?body=1" for 127.0.0.1 at 2017-03-20 20:04:00 +0100


Started GET "/assets/posts.self-e3b0c44298fc1c149afbf4c8996fb92427ae41e4649b934ca495991b7852b855.css?body=1" for 127.0.0.1 at 2017-03-20 20:04:00 +0100


Started GET "/assets/jquery.self-bd7ddd393353a8d2480a622e80342adf488fb6006d667e8b42e4c0073393abee.js?body=1" for 127.0.0.1 at 2017-03-20 20:04:00 +0100


Started GET "/assets/turbolinks.self-c5acd7a204f5f25ce7a1d8a0e4d92e28d34c9e2df2c7371cd7af88e147e4ad82.js?body=1" for 127.0.0.1 at 2017-03-20 20:04:00 +0100


Started GET "/assets/jquery_ujs.self-784a997f6726036b1993eb2217c9cb558e1cbb801c6da88105588c56f13b466a.js?body=1" for 127.0.0.1 at 2017-03-20 20:04:00 +0100


Started GET "/assets/blogs.self-877aef30ae1b040ab8a3aba4e3e309a11d7f2612f44dde450b5c157aa5f95c05.js?body=1" for 127.0.0.1 at 2017-03-20 20:04:00 +0100


Started GET "/assets/homepage.self-877aef30ae1b040ab8a3aba4e3e309a11d7f2612f44dde450b5c157aa5f95c05.js?body=1" for 127.0.0.1 at 2017-03-20 20:04:00 +0100


Started GET "/assets/posts.self-877aef30ae1b040ab8a3aba4e3e309a11d7f2612f44dde450b5c157aa5f95c05.js?body=1" for 127.0.0.1 at 2017-03-20 20:04:00 +0100


Started GET "/assets/users.self-877aef30ae1b040ab8a3aba4e3e309a11d7f2612f44dde450b5c157aa5f95c05.js?body=1" for 127.0.0.1 at 2017-03-20 20:04:00 +0100


Started GET "/assets/application.self-3b8dabdc891efe46b9a144b400ad69e37d7e5876bdc39dee783419a69d7ca819.js?body=1" for 127.0.0.1 at 2017-03-20 20:04:00 +0100


Started GET "/post" for 127.0.0.1 at 2017-03-20 20:04:06 +0100

AbstractController::ActionNotFound (The action 'index' could not be found for PostsController):
  actionpack (4.2.6) lib/abstract_controller/base.rb:132:in `process'
  actionview (4.2.6) lib/action_view/rendering.rb:30:in `process'
  actionpack (4.2.6) lib/action_controller/metal.rb:196:in `dispatch'
  actionpack (4.2.6) lib/action_controller/metal/rack_delegation.rb:13:in `dispatch'
  actionpack (4.2.6) lib/action_controller/metal.rb:237:in `block in action'
  actionpack (4.2.6) lib/action_dispatch/routing/route_set.rb:74:in `dispatch'
  actionpack (4.2.6) lib/action_dispatch/routing/route_set.rb:43:in `serve'
  actionpack (4.2.6) lib/action_dispatch/journey/router.rb:43:in `block in serve'
  actionpack (4.2.6) lib/action_dispatch/journey/router.rb:30:in `each'
  actionpack (4.2.6) lib/action_dispatch/journey/router.rb:30:in `serve'
  actionpack (4.2.6) lib/action_dispatch/routing/route_set.rb:817:in `call'
  rack (1.6.5) lib/rack/etag.rb:24:in `call'
  rack (1.6.5) lib/rack/conditionalget.rb:25:in `call'
  rack (1.6.5) lib/rack/head.rb:13:in `call'
  actionpack (4.2.6) lib/action_dispatch/middleware/params_parser.rb:27:in `call'
  actionpack (4.2.6) lib/action_dispatch/middleware/flash.rb:260:in `call'
  rack (1.6.5) lib/rack/session/abstract/id.rb:225:in `context'
  rack (1.6.5) lib/rack/session/abstract/id.rb:220:in `call'
  actionpack (4.2.6) lib/action_dispatch/middleware/cookies.rb:560:in `call'
  activerecord (4.2.6) lib/active_record/query_cache.rb:36:in `call'
  activerecord (4.2.6) lib/active_record/connection_adapters/abstract/connection_pool.rb:653:in `call'
  activerecord (4.2.6) lib/active_record/migration.rb:377:in `call'
  actionpack (4.2.6) lib/action_dispatch/middleware/callbacks.rb:29:in `block in call'
  activesupport (4.2.6) lib/active_support/callbacks.rb:88:in `__run_callbacks__'
  activesupport (4.2.6) lib/active_support/callbacks.rb:778:in `_run_call_callbacks'
  activesupport (4.2.6) lib/active_support/callbacks.rb:81:in `run_callbacks'
  actionpack (4.2.6) lib/action_dispatch/middleware/callbacks.rb:27:in `call'
  actionpack (4.2.6) lib/action_dispatch/middleware/reloader.rb:73:in `call'
  actionpack (4.2.6) lib/action_dispatch/middleware/remote_ip.rb:78:in `call'
  actionpack (4.2.6) lib/action_dispatch/middleware/debug_exceptions.rb:17:in `call'
  web-console (2.3.0) lib/web_console/middleware.rb:28:in `block in call'
  web-console (2.3.0) lib/web_console/middleware.rb:18:in `catch'
  web-console (2.3.0) lib/web_console/middleware.rb:18:in `call'
  actionpack (4.2.6) lib/action_dispatch/middleware/show_exceptions.rb:30:in `call'
  railties (4.2.6) lib/rails/rack/logger.rb:38:in `call_app'
  railties (4.2.6) lib/rails/rack/logger.rb:20:in `block in call'
  activesupport (4.2.6) lib/active_support/tagged_logging.rb:68:in `block in tagged'
  activesupport (4.2.6) lib/active_support/tagged_logging.rb:26:in `tagged'
  activesupport (4.2.6) lib/active_support/tagged_logging.rb:68:in `tagged'
  railties (4.2.6) lib/rails/rack/logger.rb:20:in `call'
  actionpack (4.2.6) lib/action_dispatch/middleware/request_id.rb:21:in `call'
  rack (1.6.5) lib/rack/methodoverride.rb:22:in `call'
  rack (1.6.5) lib/rack/runtime.rb:18:in `call'
  activesupport (4.2.6) lib/active_support/cache/strategy/local_cache_middleware.rb:28:in `call'
  rack (1.6.5) lib/rack/lock.rb:17:in `call'
  actionpack (4.2.6) lib/action_dispatch/middleware/static.rb:120:in `call'
  rack (1.6.5) lib/rack/sendfile.rb:113:in `call'
  railties (4.2.6) lib/rails/engine.rb:518:in `call'
  railties (4.2.6) lib/rails/application.rb:165:in `call'
  rack (1.6.5) lib/rack/lock.rb:17:in `call'
  rack (1.6.5) lib/rack/content_length.rb:15:in `call'
  rack (1.6.5) lib/rack/handler/webrick.rb:88:in `service'
  /home/kovo/.rbenv/versions/2.3.1/lib/ruby/2.3.0/webrick/httpserver.rb:140:in `service'
  /home/kovo/.rbenv/versions/2.3.1/lib/ruby/2.3.0/webrick/httpserver.rb:96:in `run'
  /home/kovo/.rbenv/versions/2.3.1/lib/ruby/2.3.0/webrick/server.rb:296:in `block in start_thread'


  Rendered /home/kovo/.rbenv/versions/2.3.1/lib/ruby/gems/2.3.0/gems/actionpack-4.2.6/lib/action_dispatch/middleware/templates/rescues/unknown_action.html.erb within rescues/layout (1.3ms)
  Rendered /home/kovo/.rbenv/versions/2.3.1/lib/ruby/gems/2.3.0/gems/web-console-2.3.0/lib/web_console/templates/_markup.html.erb (1.3ms)
  Rendered /home/kovo/.rbenv/versions/2.3.1/lib/ruby/gems/2.3.0/gems/web-console-2.3.0/lib/web_console/templates/_inner_console_markup.html.erb within layouts/inlined_string (1.1ms)
  Rendered /home/kovo/.rbenv/versions/2.3.1/lib/ruby/gems/2.3.0/gems/web-console-2.3.0/lib/web_console/templates/_prompt_box_markup.html.erb within layouts/inlined_string (1.2ms)
  Rendered /home/kovo/.rbenv/versions/2.3.1/lib/ruby/gems/2.3.0/gems/web-console-2.3.0/lib/web_console/templates/style.css.erb within layouts/inlined_string (1.1ms)
  Rendered /home/kovo/.rbenv/versions/2.3.1/lib/ruby/gems/2.3.0/gems/web-console-2.3.0/lib/web_console/templates/console.js.erb within layouts/javascript (159.5ms)
  Rendered /home/kovo/.rbenv/versions/2.3.1/lib/ruby/gems/2.3.0/gems/web-console-2.3.0/lib/web_console/templates/main.js.erb within layouts/javascript (1.0ms)
  Rendered /home/kovo/.rbenv/versions/2.3.1/lib/ruby/gems/2.3.0/gems/web-console-2.3.0/lib/web_console/templates/error_page.js.erb within layouts/javascript (3.2ms)
  Rendered /home/kovo/.rbenv/versions/2.3.1/lib/ruby/gems/2.3.0/gems/web-console-2.3.0/lib/web_console/templates/index.html.erb (306.0ms)


Started GET "/post" for 127.0.0.1 at 2017-03-20 20:04:53 +0100
Processing by PostsController#index as HTML
Completed 500 Internal Server Error in 18ms (ActiveRecord: 0.0ms)

ActionView::MissingTemplate (Missing template posts/index, application/index with {:locale=>[:en], :formats=>[:html], :variants=>[], :handlers=>[:erb, :builder, :raw, :ruby, :coffee, :jbuilder]}. Searched in:
  * "/home/kovo/:. WWW/kovoweb-3.0/mojWeb/app/views"
):
  actionview (4.2.6) lib/action_view/path_set.rb:46:in `find'
  actionview (4.2.6) lib/action_view/lookup_context.rb:121:in `find'
  actionview (4.2.6) lib/action_view/renderer/abstract_renderer.rb:18:in `find_template'
  actionview (4.2.6) lib/action_view/renderer/template_renderer.rb:40:in `determine_template'
  actionview (4.2.6) lib/action_view/renderer/template_renderer.rb:8:in `render'
  actionview (4.2.6) lib/action_view/renderer/renderer.rb:46:in `render_template'
  actionview (4.2.6) lib/action_view/renderer/renderer.rb:27:in `render'
  actionview (4.2.6) lib/action_view/rendering.rb:100:in `_render_template'
  actionpack (4.2.6) lib/action_controller/metal/streaming.rb:217:in `_render_template'
  actionview (4.2.6) lib/action_view/rendering.rb:83:in `render_to_body'
  actionpack (4.2.6) lib/action_controller/metal/rendering.rb:32:in `render_to_body'
  actionpack (4.2.6) lib/action_controller/metal/renderers.rb:37:in `render_to_body'
  actionpack (4.2.6) lib/abstract_controller/rendering.rb:25:in `render'
  actionpack (4.2.6) lib/action_controller/metal/rendering.rb:16:in `render'
  actionpack (4.2.6) lib/action_controller/metal/instrumentation.rb:44:in `block (2 levels) in render'
  activesupport (4.2.6) lib/active_support/core_ext/benchmark.rb:12:in `block in ms'
  /home/kovo/.rbenv/versions/2.3.1/lib/ruby/2.3.0/benchmark.rb:308:in `realtime'
  activesupport (4.2.6) lib/active_support/core_ext/benchmark.rb:12:in `ms'
  actionpack (4.2.6) lib/action_controller/metal/instrumentation.rb:44:in `block in render'
  actionpack (4.2.6) lib/action_controller/metal/instrumentation.rb:87:in `cleanup_view_runtime'
  activerecord (4.2.6) lib/active_record/railties/controller_runtime.rb:25:in `cleanup_view_runtime'
  actionpack (4.2.6) lib/action_controller/metal/instrumentation.rb:43:in `render'
  actionpack (4.2.6) lib/action_controller/metal/implicit_render.rb:10:in `default_render'
  actionpack (4.2.6) lib/action_controller/metal/implicit_render.rb:5:in `send_action'
  actionpack (4.2.6) lib/abstract_controller/base.rb:198:in `process_action'
  actionpack (4.2.6) lib/action_controller/metal/rendering.rb:10:in `process_action'
  actionpack (4.2.6) lib/abstract_controller/callbacks.rb:20:in `block in process_action'
  activesupport (4.2.6) lib/active_support/callbacks.rb:117:in `call'
  activesupport (4.2.6) lib/active_support/callbacks.rb:555:in `block (2 levels) in compile'
  activesupport (4.2.6) lib/active_support/callbacks.rb:505:in `call'
  activesupport (4.2.6) lib/active_support/callbacks.rb:92:in `__run_callbacks__'
  activesupport (4.2.6) lib/active_support/callbacks.rb:778:in `_run_process_action_callbacks'
  activesupport (4.2.6) lib/active_support/callbacks.rb:81:in `run_callbacks'
  actionpack (4.2.6) lib/abstract_controller/callbacks.rb:19:in `process_action'
  actionpack (4.2.6) lib/action_controller/metal/rescue.rb:29:in `process_action'
  actionpack (4.2.6) lib/action_controller/metal/instrumentation.rb:32:in `block in process_action'
  activesupport (4.2.6) lib/active_support/notifications.rb:164:in `block in instrument'
  activesupport (4.2.6) lib/active_support/notifications/instrumenter.rb:20:in `instrument'
  activesupport (4.2.6) lib/active_support/notifications.rb:164:in `instrument'
  actionpack (4.2.6) lib/action_controller/metal/instrumentation.rb:30:in `process_action'
  actionpack (4.2.6) lib/action_controller/metal/params_wrapper.rb:250:in `process_action'
  activerecord (4.2.6) lib/active_record/railties/controller_runtime.rb:18:in `process_action'
  actionpack (4.2.6) lib/abstract_controller/base.rb:137:in `process'
  actionview (4.2.6) lib/action_view/rendering.rb:30:in `process'
  actionpack (4.2.6) lib/action_controller/metal.rb:196:in `dispatch'
  actionpack (4.2.6) lib/action_controller/metal/rack_delegation.rb:13:in `dispatch'
  actionpack (4.2.6) lib/action_controller/metal.rb:237:in `block in action'
  actionpack (4.2.6) lib/action_dispatch/routing/route_set.rb:74:in `dispatch'
  actionpack (4.2.6) lib/action_dispatch/routing/route_set.rb:43:in `serve'
  actionpack (4.2.6) lib/action_dispatch/journey/router.rb:43:in `block in serve'
  actionpack (4.2.6) lib/action_dispatch/journey/router.rb:30:in `each'
  actionpack (4.2.6) lib/action_dispatch/journey/router.rb:30:in `serve'
  actionpack (4.2.6) lib/action_dispatch/routing/route_set.rb:817:in `call'
  rack (1.6.5) lib/rack/etag.rb:24:in `call'
  rack (1.6.5) lib/rack/conditionalget.rb:25:in `call'
  rack (1.6.5) lib/rack/head.rb:13:in `call'
  actionpack (4.2.6) lib/action_dispatch/middleware/params_parser.rb:27:in `call'
  actionpack (4.2.6) lib/action_dispatch/middleware/flash.rb:260:in `call'
  rack (1.6.5) lib/rack/session/abstract/id.rb:225:in `context'
  rack (1.6.5) lib/rack/session/abstract/id.rb:220:in `call'
  actionpack (4.2.6) lib/action_dispatch/middleware/cookies.rb:560:in `call'
  activerecord (4.2.6) lib/active_record/query_cache.rb:36:in `call'
  activerecord (4.2.6) lib/active_record/connection_adapters/abstract/connection_pool.rb:653:in `call'
  activerecord (4.2.6) lib/active_record/migration.rb:377:in `call'
  actionpack (4.2.6) lib/action_dispatch/middleware/callbacks.rb:29:in `block in call'
  activesupport (4.2.6) lib/active_support/callbacks.rb:88:in `__run_callbacks__'
  activesupport (4.2.6) lib/active_support/callbacks.rb:778:in `_run_call_callbacks'
  activesupport (4.2.6) lib/active_support/callbacks.rb:81:in `run_callbacks'
  actionpack (4.2.6) lib/action_dispatch/middleware/callbacks.rb:27:in `call'
  actionpack (4.2.6) lib/action_dispatch/middleware/reloader.rb:73:in `call'
  actionpack (4.2.6) lib/action_dispatch/middleware/remote_ip.rb:78:in `call'
  actionpack (4.2.6) lib/action_dispatch/middleware/debug_exceptions.rb:17:in `call'
  web-console (2.3.0) lib/web_console/middleware.rb:28:in `block in call'
  web-console (2.3.0) lib/web_console/middleware.rb:18:in `catch'
  web-console (2.3.0) lib/web_console/middleware.rb:18:in `call'
  actionpack (4.2.6) lib/action_dispatch/middleware/show_exceptions.rb:30:in `call'
  railties (4.2.6) lib/rails/rack/logger.rb:38:in `call_app'
  railties (4.2.6) lib/rails/rack/logger.rb:20:in `block in call'
  activesupport (4.2.6) lib/active_support/tagged_logging.rb:68:in `block in tagged'
  activesupport (4.2.6) lib/active_support/tagged_logging.rb:26:in `tagged'
  activesupport (4.2.6) lib/active_support/tagged_logging.rb:68:in `tagged'
  railties (4.2.6) lib/rails/rack/logger.rb:20:in `call'
  actionpack (4.2.6) lib/action_dispatch/middleware/request_id.rb:21:in `call'
  rack (1.6.5) lib/rack/methodoverride.rb:22:in `call'
  rack (1.6.5) lib/rack/runtime.rb:18:in `call'
  activesupport (4.2.6) lib/active_support/cache/strategy/local_cache_middleware.rb:28:in `call'
  rack (1.6.5) lib/rack/lock.rb:17:in `call'
  actionpack (4.2.6) lib/action_dispatch/middleware/static.rb:120:in `call'
  rack (1.6.5) lib/rack/sendfile.rb:113:in `call'
  railties (4.2.6) lib/rails/engine.rb:518:in `call'
  railties (4.2.6) lib/rails/application.rb:165:in `call'
  rack (1.6.5) lib/rack/lock.rb:17:in `call'
  rack (1.6.5) lib/rack/content_length.rb:15:in `call'
  rack (1.6.5) lib/rack/handler/webrick.rb:88:in `service'
  /home/kovo/.rbenv/versions/2.3.1/lib/ruby/2.3.0/webrick/httpserver.rb:140:in `service'
  /home/kovo/.rbenv/versions/2.3.1/lib/ruby/2.3.0/webrick/httpserver.rb:96:in `run'
  /home/kovo/.rbenv/versions/2.3.1/lib/ruby/2.3.0/webrick/server.rb:296:in `block in start_thread'


  Rendered /home/kovo/.rbenv/versions/2.3.1/lib/ruby/gems/2.3.0/gems/actionpack-4.2.6/lib/action_dispatch/middleware/templates/rescues/_source.erb (46.8ms)
  Rendered /home/kovo/.rbenv/versions/2.3.1/lib/ruby/gems/2.3.0/gems/actionpack-4.2.6/lib/action_dispatch/middleware/templates/rescues/_trace.html.erb (10.3ms)
  Rendered /home/kovo/.rbenv/versions/2.3.1/lib/ruby/gems/2.3.0/gems/actionpack-4.2.6/lib/action_dispatch/middleware/templates/rescues/_request_and_response.html.erb (7.8ms)
  Rendered /home/kovo/.rbenv/versions/2.3.1/lib/ruby/gems/2.3.0/gems/actionpack-4.2.6/lib/action_dispatch/middleware/templates/rescues/missing_template.html.erb within rescues/layout (163.8ms)
  Rendered /home/kovo/.rbenv/versions/2.3.1/lib/ruby/gems/2.3.0/gems/web-console-2.3.0/lib/web_console/templates/_markup.html.erb (1.4ms)
  Rendered /home/kovo/.rbenv/versions/2.3.1/lib/ruby/gems/2.3.0/gems/web-console-2.3.0/lib/web_console/templates/_inner_console_markup.html.erb within layouts/inlined_string (1.1ms)
  Rendered /home/kovo/.rbenv/versions/2.3.1/lib/ruby/gems/2.3.0/gems/web-console-2.3.0/lib/web_console/templates/_prompt_box_markup.html.erb within layouts/inlined_string (1.0ms)
  Rendered /home/kovo/.rbenv/versions/2.3.1/lib/ruby/gems/2.3.0/gems/web-console-2.3.0/lib/web_console/templates/style.css.erb within layouts/inlined_string (4.2ms)
  Rendered /home/kovo/.rbenv/versions/2.3.1/lib/ruby/gems/2.3.0/gems/web-console-2.3.0/lib/web_console/templates/console.js.erb within layouts/javascript (132.1ms)
  Rendered /home/kovo/.rbenv/versions/2.3.1/lib/ruby/gems/2.3.0/gems/web-console-2.3.0/lib/web_console/templates/main.js.erb within layouts/javascript (1.0ms)
  Rendered /home/kovo/.rbenv/versions/2.3.1/lib/ruby/gems/2.3.0/gems/web-console-2.3.0/lib/web_console/templates/error_page.js.erb within layouts/javascript (1.3ms)
  Rendered /home/kovo/.rbenv/versions/2.3.1/lib/ruby/gems/2.3.0/gems/web-console-2.3.0/lib/web_console/templates/index.html.erb (228.1ms)


Started GET "/post" for 127.0.0.1 at 2017-03-20 20:05:58 +0100
Processing by PostsController#index as HTML
  Rendered posts/index.html.erb within layouts/application (5.1ms)
  Rendered layouts/_main_menu.html.erb (12.4ms)
Completed 200 OK in 296ms (Views: 294.3ms | ActiveRecord: 0.0ms)


Started GET "/assets/blogs.self-e3b0c44298fc1c149afbf4c8996fb92427ae41e4649b934ca495991b7852b855.css?body=1" for 127.0.0.1 at 2017-03-20 20:05:58 +0100


Started GET "/assets/homepage.self-e3b0c44298fc1c149afbf4c8996fb92427ae41e4649b934ca495991b7852b855.css?body=1" for 127.0.0.1 at 2017-03-20 20:05:58 +0100


Started GET "/assets/posts.self-e3b0c44298fc1c149afbf4c8996fb92427ae41e4649b934ca495991b7852b855.css?body=1" for 127.0.0.1 at 2017-03-20 20:05:58 +0100


Started GET "/assets/jquery.self-bd7ddd393353a8d2480a622e80342adf488fb6006d667e8b42e4c0073393abee.js?body=1" for 127.0.0.1 at 2017-03-20 20:05:58 +0100


Started GET "/assets/application.self-e80e8f2318043e8af94dddc2adad5a4f09739a8ebb323b3ab31cd71d45fd9113.css?body=1" for 127.0.0.1 at 2017-03-20 20:05:58 +0100


Started GET "/assets/users.self-e3b0c44298fc1c149afbf4c8996fb92427ae41e4649b934ca495991b7852b855.css?body=1" for 127.0.0.1 at 2017-03-20 20:05:58 +0100


Started GET "/assets/jquery_ujs.self-784a997f6726036b1993eb2217c9cb558e1cbb801c6da88105588c56f13b466a.js?body=1" for 127.0.0.1 at 2017-03-20 20:05:59 +0100


Started GET "/assets/blogs.self-877aef30ae1b040ab8a3aba4e3e309a11d7f2612f44dde450b5c157aa5f95c05.js?body=1" for 127.0.0.1 at 2017-03-20 20:05:59 +0100


Started GET "/assets/turbolinks.self-c5acd7a204f5f25ce7a1d8a0e4d92e28d34c9e2df2c7371cd7af88e147e4ad82.js?body=1" for 127.0.0.1 at 2017-03-20 20:05:59 +0100


Started GET "/assets/homepage.self-877aef30ae1b040ab8a3aba4e3e309a11d7f2612f44dde450b5c157aa5f95c05.js?body=1" for 127.0.0.1 at 2017-03-20 20:05:59 +0100


Started GET "/assets/posts.self-877aef30ae1b040ab8a3aba4e3e309a11d7f2612f44dde450b5c157aa5f95c05.js?body=1" for 127.0.0.1 at 2017-03-20 20:05:59 +0100


Started GET "/assets/users.self-877aef30ae1b040ab8a3aba4e3e309a11d7f2612f44dde450b5c157aa5f95c05.js?body=1" for 127.0.0.1 at 2017-03-20 20:05:59 +0100


Started GET "/assets/application.self-3b8dabdc891efe46b9a144b400ad69e37d7e5876bdc39dee783419a69d7ca819.js?body=1" for 127.0.0.1 at 2017-03-20 20:05:59 +0100


Started GET "/post/new" for 127.0.0.1 at 2017-03-20 20:06:11 +0100
Processing by PostsController#new as HTML
  Rendered posts/new.html.erb within layouts/application (0.9ms)
  Rendered layouts/_main_menu.html.erb (5.7ms)
Completed 200 OK in 181ms (Views: 179.8ms | ActiveRecord: 0.0ms)


Started GET "/post/new" for 127.0.0.1 at 2017-03-20 20:20:30 +0100
Processing by PostsController#new as HTML
  Rendered posts/new.html.erb within layouts/application (9.4ms)
Completed 500 Internal Server Error in 24ms (ActiveRecord: 0.0ms)

ActionView::Template::Error (First argument in form cannot contain nil or be empty):
    1: <%= form_for @post do |post| %>
    2: 
    3: 	<%= post.text_field %>
    4: 
  app/views/posts/new.html.erb:1:in `_app_views_posts_new_html_erb___1683725684947395606_69953253749360'




Started GET "/post/new" for 127.0.0.1 at 2017-03-20 20:23:10 +0100
Processing by PostsController#new as HTML
  Rendered posts/new.html.erb within layouts/application (8.0ms)
Completed 500 Internal Server Error in 23ms (ActiveRecord: 0.0ms)

ActionView::Template::Error (First argument in form cannot contain nil or be empty):
    1: <%= form_for @post do |post| %>
    2: 
    3: 	<%= post.text_field :title %>
    4: 
  app/views/posts/new.html.erb:1:in `_app_views_posts_new_html_erb___1683725684947395606_69953139346300'


  [1m[35mPost Load (1.0ms)[0m  SELECT "posts".* FROM "posts"


Started GET "/post/new" for 127.0.0.1 at 2017-03-20 20:28:31 +0100
Processing by PostsController#new as HTML
  Rendered posts/new.html.erb within layouts/application (9.2ms)
Completed 500 Internal Server Error in 25ms (ActiveRecord: 0.0ms)

ActionView::Template::Error (First argument in form cannot contain nil or be empty):
    1: <%= form_for @post do |p| %>
    2: 
    3: 	<%= p.label :title %>
    4: 	<%= p.text_field :title %>
  app/views/posts/new.html.erb:1:in `_app_views_posts_new_html_erb___1683725684947395606_69953345319080'




Started GET "/post/new" for 127.0.0.1 at 2017-03-20 20:30:18 +0100
Processing by PostsController#new as HTML
  Rendered posts/new.html.erb within layouts/application (4.3ms)
Completed 500 Internal Server Error in 24ms (ActiveRecord: 0.0ms)

ActionView::Template::Error (First argument in form cannot contain nil or be empty):
    1: <%= form_for @post do |p| %>
    2: 
    3: 	<%= p.label :title %>
    4: 	<%= p.text_field :title %>
  app/views/posts/new.html.erb:1:in `_app_views_posts_new_html_erb___1683725684947395606_69953345319080'




Started GET "/post/new" for 127.0.0.1 at 2017-03-20 20:31:48 +0100
Processing by PostsController#new as HTML
Completed 500 Internal Server Error in 3ms (ActiveRecord: 0.0ms)

ArgumentError (wrong number of arguments (given 1, expected 0)):
  app/controllers/application_controller.rb:24:in `new_action'




Started GET "/post/new" for 127.0.0.1 at 2017-03-20 20:32:08 +0100
Processing by PostsController#new as HTML
Completed 500 Internal Server Error in 2ms (ActiveRecord: 0.0ms)

ArgumentError (wrong number of arguments (given 1, expected 0)):
  app/controllers/application_controller.rb:24:in `new_action'




Started GET "/post/new" for 127.0.0.1 at 2017-03-20 20:32:15 +0100
Processing by PostsController#new as HTML
Completed 500 Internal Server Error in 2ms (ActiveRecord: 0.0ms)

ArgumentError (wrong number of arguments (given 1, expected 0)):
  app/controllers/application_controller.rb:24:in `new_action'




Started GET "/post/new" for 127.0.0.1 at 2017-03-20 20:32:54 +0100
Processing by PostsController#new as HTML
------------------------------------

  Rendered posts/new.html.erb within layouts/application (29.0ms)
Completed 500 Internal Server Error in 61ms (ActiveRecord: 0.0ms)

ActionView::Template::Error (First argument in form cannot contain nil or be empty):
    1: <%= form_for @post do |p| %>
    2: 
    3: 	<%= p.label :title %>
    4: 	<%= p.text_field :title %>
  app/views/posts/new.html.erb:1:in `_app_views_posts_new_html_erb___1683725684947395606_69953345319080'




Started GET "/post/new" for 127.0.0.1 at 2017-03-20 20:33:19 +0100

ActionController::RoutingError (undefined method `model_exist?' for ApplicationController:Class):
  app/controllers/application_controller.rb:11:in `<class:ApplicationController>'
  app/controllers/application_controller.rb:1:in `<top (required)>'
  app/controllers/posts_controller.rb:1:in `<top (required)>'




Started GET "/post/new" for 127.0.0.1 at 2017-03-20 20:34:03 +0100

ActionController::RoutingError (undefined method `model_exist?' for ApplicationController:Class):
  app/controllers/application_controller.rb:11:in `<class:ApplicationController>'
  app/controllers/application_controller.rb:1:in `<top (required)>'
  app/controllers/posts_controller.rb:1:in `<top (required)>'




Started GET "/post/new" for 127.0.0.1 at 2017-03-20 20:34:15 +0100
Processing by PostsController#new as HTML
------------------------------------

  Rendered posts/new.html.erb within layouts/application (25.9ms)
Completed 500 Internal Server Error in 78ms (ActiveRecord: 0.0ms)

ActionView::Template::Error (First argument in form cannot contain nil or be empty):
    1: <%= form_for @post do |p| %>
    2: 
    3: 	<%= p.label :title %>
    4: 	<%= p.text_field :title %>
  app/views/posts/new.html.erb:1:in `_app_views_posts_new_html_erb___1683725684947395606_69953345319080'




Started GET "/post/new" for 127.0.0.1 at 2017-03-20 20:36:10 +0100

SyntaxError (/home/kovo/:. WWW/kovoweb-3.0/mojWeb/app/controllers/concerns/application_concern.rb:22: syntax error, unexpected end-of-input, expecting keyword_end):
  app/controllers/concerns/application_concern.rb:22: syntax error, unexpected end-of-input, expecting keyword_end
  app/controllers/application_controller.rb:3:in `<class:ApplicationController>'
  app/controllers/application_controller.rb:1:in `<top (required)>'
  app/controllers/posts_controller.rb:1:in `<top (required)>'




Started GET "/post/new" for 127.0.0.1 at 2017-03-20 20:36:36 +0100
Processing by PostsController#new as HTML
------------------------------------

  Rendered posts/new.html.erb within layouts/application (14.7ms)
Completed 500 Internal Server Error in 62ms (ActiveRecord: 0.0ms)

ActionView::Template::Error (First argument in form cannot contain nil or be empty):
    1: <%= form_for @post do |p| %>
    2: 
    3: 	<%= p.label :title %>
    4: 	<%= p.text_field :title %>
  app/views/posts/new.html.erb:1:in `_app_views_posts_new_html_erb___1683725684947395606_69953345319080'




Started GET "/post/new" for 127.0.0.1 at 2017-03-20 20:39:49 +0100
Processing by PostsController#new as HTML
------------------------------------

  Rendered posts/new.html.erb within layouts/application (8.6ms)
Completed 500 Internal Server Error in 44ms (ActiveRecord: 0.0ms)

ActionView::Template::Error (First argument in form cannot contain nil or be empty):
    1: <%= form_for @post do |p| %>
    2: 
    3: 	<%= p.label :title %>
    4: 	<%= p.text_field :title %>
  app/views/posts/new.html.erb:1:in `_app_views_posts_new_html_erb___1683725684947395606_69953345319080'




Started GET "/post/new" for 127.0.0.1 at 2017-03-20 20:43:30 +0100
Processing by PostsController#new as HTML
Completed 500 Internal Server Error in 22ms (ActiveRecord: 0.0ms)

NameError (uninitialized constant ApplicationController::SINGULAR_VARNAME):
  app/controllers/application_controller.rb:23:in `new_action'




Started GET "/post/new" for 127.0.0.1 at 2017-03-20 20:45:44 +0100
Processing by PostsController#new as HTML
Completed 500 Internal Server Error in 116ms (ActiveRecord: 0.0ms)

NoMethodError (undefined method `model_exist?' for #<PostsController:0x007f3e9089bbd0>):
  app/controllers/application_controller.rb:12:in `block in <class:ApplicationController>'




Started GET "/post/new" for 127.0.0.1 at 2017-03-20 20:46:34 +0100
Processing by PostsController#new as HTML
Completed 500 Internal Server Error in 15ms (ActiveRecord: 0.0ms)

NameError (uninitialized constant ApplicationController::SINGULAR_VARNAME):
  app/controllers/application_controller.rb:27:in `new_action'




Started GET "/post/new" for 127.0.0.1 at 2017-03-20 20:46:53 +0100
Processing by PostsController#new as HTML
Completed 500 Internal Server Error in 23ms (ActiveRecord: 0.0ms)

NameError (uninitialized constant ApplicationController::SINGULAR_VARNAME):
  app/controllers/application_controller.rb:27:in `new_action'




Started GET "/post/new" for 127.0.0.1 at 2017-03-20 20:47:40 +0100
Processing by PostsController#new as HTML
Completed 500 Internal Server Error in 6ms (ActiveRecord: 0.0ms)

NoMethodError (undefined method `new' for true:TrueClass):
  app/controllers/application_controller.rb:27:in `new_action'




Started GET "/post/new" for 127.0.0.1 at 2017-03-20 20:48:20 +0100
Processing by PostsController#new as HTML
------------------------------------

  Rendered posts/new.html.erb within layouts/application (8.3ms)
Completed 500 Internal Server Error in 48ms (ActiveRecord: 0.0ms)

ActionView::Template::Error (First argument in form cannot contain nil or be empty):
    1: <%= form_for @post do |p| %>
    2: 
    3: 	<%= p.label :title %>
    4: 	<%= p.text_field :title %>
  app/views/posts/new.html.erb:1:in `_app_views_posts_new_html_erb___1683725684947395606_69953345319080'




Started GET "/post/new" for 127.0.0.1 at 2017-03-20 20:49:19 +0100
Processing by PostsController#new as HTML
------------------------------------

  Rendered posts/new.html.erb within layouts/application (4.8ms)
Completed 500 Internal Server Error in 57ms (ActiveRecord: 0.0ms)

ActionView::Template::Error (First argument in form cannot contain nil or be empty):
    1: <%= form_for @post do |p| %>
    2: 
    3: 	<%= p.label :title %>
    4: 	<%= p.text_field :title %>
  app/views/posts/new.html.erb:1:in `_app_views_posts_new_html_erb___1683725684947395606_69953345319080'




Started GET "/post/new" for 127.0.0.1 at 2017-03-20 20:51:56 +0100
Processing by PostsController#new as HTML
Completed 500 Internal Server Error in 51ms (ActiveRecord: 9.3ms)

TypeError (nil is not a symbol nor a string):
  app/controllers/application_controller.rb:27:in `instance_variable_set'
  app/controllers/application_controller.rb:27:in `new_action'




Started GET "/post/new" for 127.0.0.1 at 2017-03-20 20:53:27 +0100
Processing by PostsController#new as HTML
Completed 500 Internal Server Error in 69ms (ActiveRecord: 19.0ms)

TypeError (nil is not a symbol nor a string):
  app/controllers/application_controller.rb:27:in `instance_variable_set'
  app/controllers/application_controller.rb:27:in `new_action'




Started GET "/post/new" for 127.0.0.1 at 2017-03-20 20:53:46 +0100
Processing by PostsController#new as HTML
------------------------------------
Post
  Rendered posts/new.html.erb within layouts/application (8.7ms)
Completed 500 Internal Server Error in 58ms (ActiveRecord: 0.0ms)

ActionView::Template::Error (First argument in form cannot contain nil or be empty):
    1: <%= form_for @post do |p| %>
    2: 
    3: 	<%= p.label :title %>
    4: 	<%= p.text_field :title %>
  app/views/posts/new.html.erb:1:in `_app_views_posts_new_html_erb___1683725684947395606_69953345319080'




Started GET "/post/new" for 127.0.0.1 at 2017-03-20 20:54:19 +0100
Processing by PostsController#new as HTML
------------------------------------
Post
  Rendered posts/new.html.erb within layouts/application (1.6ms)
  Rendered layouts/_main_menu.html.erb (1.8ms)
Completed 200 OK in 188ms (Views: 184.0ms | ActiveRecord: 0.0ms)


Started GET "/assets/blogs.self-e3b0c44298fc1c149afbf4c8996fb92427ae41e4649b934ca495991b7852b855.css?body=1" for 127.0.0.1 at 2017-03-20 20:54:19 +0100


Started GET "/assets/homepage.self-e3b0c44298fc1c149afbf4c8996fb92427ae41e4649b934ca495991b7852b855.css?body=1" for 127.0.0.1 at 2017-03-20 20:54:19 +0100


Started GET "/assets/posts.self-e3b0c44298fc1c149afbf4c8996fb92427ae41e4649b934ca495991b7852b855.css?body=1" for 127.0.0.1 at 2017-03-20 20:54:19 +0100


Started GET "/assets/users.self-e3b0c44298fc1c149afbf4c8996fb92427ae41e4649b934ca495991b7852b855.css?body=1" for 127.0.0.1 at 2017-03-20 20:54:19 +0100


Started GET "/assets/jquery.self-bd7ddd393353a8d2480a622e80342adf488fb6006d667e8b42e4c0073393abee.js?body=1" for 127.0.0.1 at 2017-03-20 20:54:19 +0100


Started GET "/assets/application.self-e80e8f2318043e8af94dddc2adad5a4f09739a8ebb323b3ab31cd71d45fd9113.css?body=1" for 127.0.0.1 at 2017-03-20 20:54:19 +0100


Started GET "/assets/jquery_ujs.self-784a997f6726036b1993eb2217c9cb558e1cbb801c6da88105588c56f13b466a.js?body=1" for 127.0.0.1 at 2017-03-20 20:54:19 +0100


Started GET "/assets/turbolinks.self-c5acd7a204f5f25ce7a1d8a0e4d92e28d34c9e2df2c7371cd7af88e147e4ad82.js?body=1" for 127.0.0.1 at 2017-03-20 20:54:19 +0100


Started GET "/assets/blogs.self-877aef30ae1b040ab8a3aba4e3e309a11d7f2612f44dde450b5c157aa5f95c05.js?body=1" for 127.0.0.1 at 2017-03-20 20:54:19 +0100


Started GET "/assets/posts.self-877aef30ae1b040ab8a3aba4e3e309a11d7f2612f44dde450b5c157aa5f95c05.js?body=1" for 127.0.0.1 at 2017-03-20 20:54:19 +0100


Started GET "/assets/homepage.self-877aef30ae1b040ab8a3aba4e3e309a11d7f2612f44dde450b5c157aa5f95c05.js?body=1" for 127.0.0.1 at 2017-03-20 20:54:19 +0100


Started GET "/assets/users.self-877aef30ae1b040ab8a3aba4e3e309a11d7f2612f44dde450b5c157aa5f95c05.js?body=1" for 127.0.0.1 at 2017-03-20 20:54:19 +0100


Started GET "/assets/application.self-3b8dabdc891efe46b9a144b400ad69e37d7e5876bdc39dee783419a69d7ca819.js?body=1" for 127.0.0.1 at 2017-03-20 20:54:19 +0100


Started GET "/post/new" for 127.0.0.1 at 2017-03-20 20:55:20 +0100
Processing by PostsController#new as HTML
------------------------------------
Post
  Rendered posts/new.html.erb within layouts/application (8.3ms)
  Rendered layouts/_main_menu.html.erb (11.9ms)
Completed 200 OK in 223ms (Views: 210.3ms | ActiveRecord: 0.0ms)


Started GET "/assets/blogs.self-e3b0c44298fc1c149afbf4c8996fb92427ae41e4649b934ca495991b7852b855.css?body=1" for 127.0.0.1 at 2017-03-20 20:55:20 +0100


Started GET "/assets/homepage.self-e3b0c44298fc1c149afbf4c8996fb92427ae41e4649b934ca495991b7852b855.css?body=1" for 127.0.0.1 at 2017-03-20 20:55:20 +0100


Started GET "/assets/posts.self-e3b0c44298fc1c149afbf4c8996fb92427ae41e4649b934ca495991b7852b855.css?body=1" for 127.0.0.1 at 2017-03-20 20:55:20 +0100


Started GET "/assets/jquery.self-bd7ddd393353a8d2480a622e80342adf488fb6006d667e8b42e4c0073393abee.js?body=1" for 127.0.0.1 at 2017-03-20 20:55:20 +0100


Started GET "/assets/application.self-e80e8f2318043e8af94dddc2adad5a4f09739a8ebb323b3ab31cd71d45fd9113.css?body=1" for 127.0.0.1 at 2017-03-20 20:55:20 +0100


Started GET "/assets/users.self-e3b0c44298fc1c149afbf4c8996fb92427ae41e4649b934ca495991b7852b855.css?body=1" for 127.0.0.1 at 2017-03-20 20:55:20 +0100


Started GET "/assets/jquery_ujs.self-784a997f6726036b1993eb2217c9cb558e1cbb801c6da88105588c56f13b466a.js?body=1" for 127.0.0.1 at 2017-03-20 20:55:20 +0100


Started GET "/assets/turbolinks.self-c5acd7a204f5f25ce7a1d8a0e4d92e28d34c9e2df2c7371cd7af88e147e4ad82.js?body=1" for 127.0.0.1 at 2017-03-20 20:55:20 +0100


Started GET "/assets/blogs.self-877aef30ae1b040ab8a3aba4e3e309a11d7f2612f44dde450b5c157aa5f95c05.js?body=1" for 127.0.0.1 at 2017-03-20 20:55:20 +0100


Started GET "/assets/homepage.self-877aef30ae1b040ab8a3aba4e3e309a11d7f2612f44dde450b5c157aa5f95c05.js?body=1" for 127.0.0.1 at 2017-03-20 20:55:21 +0100


Started GET "/assets/posts.self-877aef30ae1b040ab8a3aba4e3e309a11d7f2612f44dde450b5c157aa5f95c05.js?body=1" for 127.0.0.1 at 2017-03-20 20:55:21 +0100


Started GET "/assets/users.self-877aef30ae1b040ab8a3aba4e3e309a11d7f2612f44dde450b5c157aa5f95c05.js?body=1" for 127.0.0.1 at 2017-03-20 20:55:21 +0100


Started GET "/assets/application.self-3b8dabdc891efe46b9a144b400ad69e37d7e5876bdc39dee783419a69d7ca819.js?body=1" for 127.0.0.1 at 2017-03-20 20:55:21 +0100


Started GET "/post/new" for 127.0.0.1 at 2017-03-20 20:55:47 +0100
Processing by PostsController#new as HTML
Completed 500 Internal Server Error in 30ms (ActiveRecord: 0.0ms)

NameError (uninitialized constant ApplicationController::SINGULAR_VARNAME):
  app/controllers/application_controller.rb:28:in `new_action'




Started GET "/post/new" for 127.0.0.1 at 2017-03-20 20:56:07 +0100
Processing by PostsController#new as HTML
Completed 500 Internal Server Error in 27ms (ActiveRecord: 0.0ms)

NameError (uninitialized constant ApplicationController::SINGULAR_VARNAME):
  app/controllers/application_controller.rb:28:in `new_action'




Started GET "/post/new" for 127.0.0.1 at 2017-03-20 20:56:31 +0100
Processing by PostsController#new as HTML
Completed 500 Internal Server Error in 25ms (ActiveRecord: 0.0ms)

NameError (uninitialized constant ApplicationController::SINGULAR_VARNAME):
  app/controllers/application_controller.rb:28:in `new_action'




Started GET "/post/new" for 127.0.0.1 at 2017-03-20 20:56:45 +0100
Processing by PostsController#new as HTML
------------------------------------

  Rendered posts/new.html.erb within layouts/application (0.2ms)
  Rendered layouts/_main_menu.html.erb (3.7ms)
Completed 200 OK in 234ms (Views: 215.2ms | ActiveRecord: 0.0ms)


Started GET "/assets/blogs.self-e3b0c44298fc1c149afbf4c8996fb92427ae41e4649b934ca495991b7852b855.css?body=1" for 127.0.0.1 at 2017-03-20 20:56:46 +0100


Started GET "/assets/homepage.self-e3b0c44298fc1c149afbf4c8996fb92427ae41e4649b934ca495991b7852b855.css?body=1" for 127.0.0.1 at 2017-03-20 20:56:46 +0100


Started GET "/assets/posts.self-e3b0c44298fc1c149afbf4c8996fb92427ae41e4649b934ca495991b7852b855.css?body=1" for 127.0.0.1 at 2017-03-20 20:56:46 +0100


Started GET "/assets/application.self-e80e8f2318043e8af94dddc2adad5a4f09739a8ebb323b3ab31cd71d45fd9113.css?body=1" for 127.0.0.1 at 2017-03-20 20:56:46 +0100


Started GET "/assets/users.self-e3b0c44298fc1c149afbf4c8996fb92427ae41e4649b934ca495991b7852b855.css?body=1" for 127.0.0.1 at 2017-03-20 20:56:46 +0100


Started GET "/assets/jquery.self-bd7ddd393353a8d2480a622e80342adf488fb6006d667e8b42e4c0073393abee.js?body=1" for 127.0.0.1 at 2017-03-20 20:56:46 +0100


Started GET "/assets/jquery_ujs.self-784a997f6726036b1993eb2217c9cb558e1cbb801c6da88105588c56f13b466a.js?body=1" for 127.0.0.1 at 2017-03-20 20:56:46 +0100


Started GET "/assets/turbolinks.self-c5acd7a204f5f25ce7a1d8a0e4d92e28d34c9e2df2c7371cd7af88e147e4ad82.js?body=1" for 127.0.0.1 at 2017-03-20 20:56:46 +0100


Started GET "/assets/blogs.self-877aef30ae1b040ab8a3aba4e3e309a11d7f2612f44dde450b5c157aa5f95c05.js?body=1" for 127.0.0.1 at 2017-03-20 20:56:46 +0100


Started GET "/assets/homepage.self-877aef30ae1b040ab8a3aba4e3e309a11d7f2612f44dde450b5c157aa5f95c05.js?body=1" for 127.0.0.1 at 2017-03-20 20:56:46 +0100


Started GET "/assets/posts.self-877aef30ae1b040ab8a3aba4e3e309a11d7f2612f44dde450b5c157aa5f95c05.js?body=1" for 127.0.0.1 at 2017-03-20 20:56:46 +0100


Started GET "/assets/users.self-877aef30ae1b040ab8a3aba4e3e309a11d7f2612f44dde450b5c157aa5f95c05.js?body=1" for 127.0.0.1 at 2017-03-20 20:56:46 +0100


Started GET "/assets/application.self-3b8dabdc891efe46b9a144b400ad69e37d7e5876bdc39dee783419a69d7ca819.js?body=1" for 127.0.0.1 at 2017-03-20 20:56:46 +0100


Started GET "/post/new" for 127.0.0.1 at 2017-03-20 20:58:38 +0100

ActionController::RoutingError (undefined method `model_exist?' for ApplicationController:Class):
  app/controllers/application_controller.rb:19:in `<class:ApplicationController>'
  app/controllers/application_controller.rb:1:in `<top (required)>'
  app/controllers/posts_controller.rb:1:in `<top (required)>'




Started GET "/post/new" for 127.0.0.1 at 2017-03-20 20:58:58 +0100
Processing by PostsController#new as HTML
------------------------------------

  Rendered posts/new.html.erb within layouts/application (0.2ms)
  Rendered layouts/_main_menu.html.erb (1.4ms)
Completed 200 OK in 220ms (Views: 212.0ms | ActiveRecord: 0.0ms)


Started GET "/assets/blogs.self-e3b0c44298fc1c149afbf4c8996fb92427ae41e4649b934ca495991b7852b855.css?body=1" for 127.0.0.1 at 2017-03-20 20:58:58 +0100


Started GET "/assets/homepage.self-e3b0c44298fc1c149afbf4c8996fb92427ae41e4649b934ca495991b7852b855.css?body=1" for 127.0.0.1 at 2017-03-20 20:58:59 +0100


Started GET "/assets/posts.self-e3b0c44298fc1c149afbf4c8996fb92427ae41e4649b934ca495991b7852b855.css?body=1" for 127.0.0.1 at 2017-03-20 20:58:59 +0100


Started GET "/assets/users.self-e3b0c44298fc1c149afbf4c8996fb92427ae41e4649b934ca495991b7852b855.css?body=1" for 127.0.0.1 at 2017-03-20 20:58:59 +0100


Started GET "/assets/application.self-e80e8f2318043e8af94dddc2adad5a4f09739a8ebb323b3ab31cd71d45fd9113.css?body=1" for 127.0.0.1 at 2017-03-20 20:58:59 +0100


Started GET "/assets/jquery.self-bd7ddd393353a8d2480a622e80342adf488fb6006d667e8b42e4c0073393abee.js?body=1" for 127.0.0.1 at 2017-03-20 20:58:59 +0100


Started GET "/assets/jquery_ujs.self-784a997f6726036b1993eb2217c9cb558e1cbb801c6da88105588c56f13b466a.js?body=1" for 127.0.0.1 at 2017-03-20 20:58:59 +0100


Started GET "/assets/turbolinks.self-c5acd7a204f5f25ce7a1d8a0e4d92e28d34c9e2df2c7371cd7af88e147e4ad82.js?body=1" for 127.0.0.1 at 2017-03-20 20:58:59 +0100


Started GET "/assets/blogs.self-877aef30ae1b040ab8a3aba4e3e309a11d7f2612f44dde450b5c157aa5f95c05.js?body=1" for 127.0.0.1 at 2017-03-20 20:58:59 +0100


Started GET "/assets/homepage.self-877aef30ae1b040ab8a3aba4e3e309a11d7f2612f44dde450b5c157aa5f95c05.js?body=1" for 127.0.0.1 at 2017-03-20 20:58:59 +0100


Started GET "/assets/posts.self-877aef30ae1b040ab8a3aba4e3e309a11d7f2612f44dde450b5c157aa5f95c05.js?body=1" for 127.0.0.1 at 2017-03-20 20:58:59 +0100


Started GET "/assets/users.self-877aef30ae1b040ab8a3aba4e3e309a11d7f2612f44dde450b5c157aa5f95c05.js?body=1" for 127.0.0.1 at 2017-03-20 20:58:59 +0100


Started GET "/assets/application.self-3b8dabdc891efe46b9a144b400ad69e37d7e5876bdc39dee783419a69d7ca819.js?body=1" for 127.0.0.1 at 2017-03-20 20:58:59 +0100


Started GET "/post/new" for 127.0.0.1 at 2017-03-20 20:59:19 +0100
------------------------------------
posts
Processing by PostsController#new as HTML
------------------------------------

  Rendered posts/new.html.erb within layouts/application (0.2ms)
  Rendered layouts/_main_menu.html.erb (1.6ms)
Completed 200 OK in 282ms (Views: 269.9ms | ActiveRecord: 0.0ms)


Started GET "/assets/blogs.self-e3b0c44298fc1c149afbf4c8996fb92427ae41e4649b934ca495991b7852b855.css?body=1" for 127.0.0.1 at 2017-03-20 20:59:20 +0100


Started GET "/assets/homepage.self-e3b0c44298fc1c149afbf4c8996fb92427ae41e4649b934ca495991b7852b855.css?body=1" for 127.0.0.1 at 2017-03-20 20:59:20 +0100


Started GET "/assets/posts.self-e3b0c44298fc1c149afbf4c8996fb92427ae41e4649b934ca495991b7852b855.css?body=1" for 127.0.0.1 at 2017-03-20 20:59:20 +0100


Started GET "/assets/application.self-e80e8f2318043e8af94dddc2adad5a4f09739a8ebb323b3ab31cd71d45fd9113.css?body=1" for 127.0.0.1 at 2017-03-20 20:59:20 +0100


Started GET "/assets/jquery.self-bd7ddd393353a8d2480a622e80342adf488fb6006d667e8b42e4c0073393abee.js?body=1" for 127.0.0.1 at 2017-03-20 20:59:20 +0100


Started GET "/assets/blogs.self-877aef30ae1b040ab8a3aba4e3e309a11d7f2612f44dde450b5c157aa5f95c05.js?body=1" for 127.0.0.1 at 2017-03-20 20:59:20 +0100


Started GET "/assets/users.self-e3b0c44298fc1c149afbf4c8996fb92427ae41e4649b934ca495991b7852b855.css?body=1" for 127.0.0.1 at 2017-03-20 20:59:20 +0100


Started GET "/assets/turbolinks.self-c5acd7a204f5f25ce7a1d8a0e4d92e28d34c9e2df2c7371cd7af88e147e4ad82.js?body=1" for 127.0.0.1 at 2017-03-20 20:59:20 +0100


Started GET "/assets/jquery_ujs.self-784a997f6726036b1993eb2217c9cb558e1cbb801c6da88105588c56f13b466a.js?body=1" for 127.0.0.1 at 2017-03-20 20:59:20 +0100


Started GET "/assets/homepage.self-877aef30ae1b040ab8a3aba4e3e309a11d7f2612f44dde450b5c157aa5f95c05.js?body=1" for 127.0.0.1 at 2017-03-20 20:59:20 +0100


Started GET "/assets/posts.self-877aef30ae1b040ab8a3aba4e3e309a11d7f2612f44dde450b5c157aa5f95c05.js?body=1" for 127.0.0.1 at 2017-03-20 20:59:20 +0100


Started GET "/assets/users.self-877aef30ae1b040ab8a3aba4e3e309a11d7f2612f44dde450b5c157aa5f95c05.js?body=1" for 127.0.0.1 at 2017-03-20 20:59:20 +0100


Started GET "/assets/application.self-3b8dabdc891efe46b9a144b400ad69e37d7e5876bdc39dee783419a69d7ca819.js?body=1" for 127.0.0.1 at 2017-03-20 20:59:20 +0100


Started GET "/post/new" for 127.0.0.1 at 2017-03-20 20:59:33 +0100
------------------------------------
post
Processing by PostsController#new as HTML
------------------------------------

  Rendered posts/new.html.erb within layouts/application (0.1ms)
  Rendered layouts/_main_menu.html.erb (1.4ms)
Completed 200 OK in 237ms (Views: 227.9ms | ActiveRecord: 0.0ms)


Started GET "/assets/blogs.self-e3b0c44298fc1c149afbf4c8996fb92427ae41e4649b934ca495991b7852b855.css?body=1" for 127.0.0.1 at 2017-03-20 20:59:34 +0100


Started GET "/assets/homepage.self-e3b0c44298fc1c149afbf4c8996fb92427ae41e4649b934ca495991b7852b855.css?body=1" for 127.0.0.1 at 2017-03-20 20:59:34 +0100


Started GET "/assets/users.self-e3b0c44298fc1c149afbf4c8996fb92427ae41e4649b934ca495991b7852b855.css?body=1" for 127.0.0.1 at 2017-03-20 20:59:34 +0100


Started GET "/assets/jquery.self-bd7ddd393353a8d2480a622e80342adf488fb6006d667e8b42e4c0073393abee.js?body=1" for 127.0.0.1 at 2017-03-20 20:59:34 +0100


Started GET "/assets/application.self-e80e8f2318043e8af94dddc2adad5a4f09739a8ebb323b3ab31cd71d45fd9113.css?body=1" for 127.0.0.1 at 2017-03-20 20:59:34 +0100


Started GET "/assets/posts.self-e3b0c44298fc1c149afbf4c8996fb92427ae41e4649b934ca495991b7852b855.css?body=1" for 127.0.0.1 at 2017-03-20 20:59:34 +0100


Started GET "/assets/jquery_ujs.self-784a997f6726036b1993eb2217c9cb558e1cbb801c6da88105588c56f13b466a.js?body=1" for 127.0.0.1 at 2017-03-20 20:59:34 +0100


Started GET "/assets/turbolinks.self-c5acd7a204f5f25ce7a1d8a0e4d92e28d34c9e2df2c7371cd7af88e147e4ad82.js?body=1" for 127.0.0.1 at 2017-03-20 20:59:34 +0100


Started GET "/assets/blogs.self-877aef30ae1b040ab8a3aba4e3e309a11d7f2612f44dde450b5c157aa5f95c05.js?body=1" for 127.0.0.1 at 2017-03-20 20:59:34 +0100


Started GET "/assets/homepage.self-877aef30ae1b040ab8a3aba4e3e309a11d7f2612f44dde450b5c157aa5f95c05.js?body=1" for 127.0.0.1 at 2017-03-20 20:59:34 +0100


Started GET "/assets/posts.self-877aef30ae1b040ab8a3aba4e3e309a11d7f2612f44dde450b5c157aa5f95c05.js?body=1" for 127.0.0.1 at 2017-03-20 20:59:34 +0100


Started GET "/assets/users.self-877aef30ae1b040ab8a3aba4e3e309a11d7f2612f44dde450b5c157aa5f95c05.js?body=1" for 127.0.0.1 at 2017-03-20 20:59:34 +0100


Started GET "/assets/application.self-3b8dabdc891efe46b9a144b400ad69e37d7e5876bdc39dee783419a69d7ca819.js?body=1" for 127.0.0.1 at 2017-03-20 20:59:34 +0100


Started GET "/post/new" for 127.0.0.1 at 2017-03-20 20:59:56 +0100
------------------------------------
post
Processing by PostsController#new as HTML
------------------------------------
on init
  Rendered posts/new.html.erb within layouts/application (0.2ms)
  Rendered layouts/_main_menu.html.erb (1.5ms)
Completed 200 OK in 134ms (Views: 130.8ms | ActiveRecord: 0.0ms)


Started GET "/assets/blogs.self-e3b0c44298fc1c149afbf4c8996fb92427ae41e4649b934ca495991b7852b855.css?body=1" for 127.0.0.1 at 2017-03-20 20:59:56 +0100


Started GET "/assets/homepage.self-e3b0c44298fc1c149afbf4c8996fb92427ae41e4649b934ca495991b7852b855.css?body=1" for 127.0.0.1 at 2017-03-20 20:59:56 +0100


Started GET "/assets/posts.self-e3b0c44298fc1c149afbf4c8996fb92427ae41e4649b934ca495991b7852b855.css?body=1" for 127.0.0.1 at 2017-03-20 20:59:56 +0100


Started GET "/assets/users.self-e3b0c44298fc1c149afbf4c8996fb92427ae41e4649b934ca495991b7852b855.css?body=1" for 127.0.0.1 at 2017-03-20 20:59:56 +0100


Started GET "/assets/jquery_ujs.self-784a997f6726036b1993eb2217c9cb558e1cbb801c6da88105588c56f13b466a.js?body=1" for 127.0.0.1 at 2017-03-20 20:59:56 +0100


Started GET "/assets/turbolinks.self-c5acd7a204f5f25ce7a1d8a0e4d92e28d34c9e2df2c7371cd7af88e147e4ad82.js?body=1" for 127.0.0.1 at 2017-03-20 20:59:56 +0100


Started GET "/assets/jquery.self-bd7ddd393353a8d2480a622e80342adf488fb6006d667e8b42e4c0073393abee.js?body=1" for 127.0.0.1 at 2017-03-20 20:59:56 +0100


Started GET "/assets/application.self-e80e8f2318043e8af94dddc2adad5a4f09739a8ebb323b3ab31cd71d45fd9113.css?body=1" for 127.0.0.1 at 2017-03-20 20:59:56 +0100


Started GET "/assets/blogs.self-877aef30ae1b040ab8a3aba4e3e309a11d7f2612f44dde450b5c157aa5f95c05.js?body=1" for 127.0.0.1 at 2017-03-20 20:59:56 +0100


Started GET "/assets/homepage.self-877aef30ae1b040ab8a3aba4e3e309a11d7f2612f44dde450b5c157aa5f95c05.js?body=1" for 127.0.0.1 at 2017-03-20 20:59:57 +0100


Started GET "/assets/posts.self-877aef30ae1b040ab8a3aba4e3e309a11d7f2612f44dde450b5c157aa5f95c05.js?body=1" for 127.0.0.1 at 2017-03-20 20:59:57 +0100


Started GET "/assets/users.self-877aef30ae1b040ab8a3aba4e3e309a11d7f2612f44dde450b5c157aa5f95c05.js?body=1" for 127.0.0.1 at 2017-03-20 20:59:57 +0100


Started GET "/assets/application.self-3b8dabdc891efe46b9a144b400ad69e37d7e5876bdc39dee783419a69d7ca819.js?body=1" for 127.0.0.1 at 2017-03-20 20:59:57 +0100


Started GET "/post/new" for 127.0.0.1 at 2017-03-20 21:00:31 +0100
------------------------------------

Processing by PostsController#new as HTML
------------------------------------
on init
  Rendered posts/new.html.erb within layouts/application (0.2ms)
  Rendered layouts/_main_menu.html.erb (9.9ms)
Completed 200 OK in 181ms (Views: 176.9ms | ActiveRecord: 0.0ms)


Started GET "/assets/blogs.self-e3b0c44298fc1c149afbf4c8996fb92427ae41e4649b934ca495991b7852b855.css?body=1" for 127.0.0.1 at 2017-03-20 21:00:32 +0100


Started GET "/assets/homepage.self-e3b0c44298fc1c149afbf4c8996fb92427ae41e4649b934ca495991b7852b855.css?body=1" for 127.0.0.1 at 2017-03-20 21:00:32 +0100


Started GET "/assets/posts.self-e3b0c44298fc1c149afbf4c8996fb92427ae41e4649b934ca495991b7852b855.css?body=1" for 127.0.0.1 at 2017-03-20 21:00:32 +0100


Started GET "/assets/users.self-e3b0c44298fc1c149afbf4c8996fb92427ae41e4649b934ca495991b7852b855.css?body=1" for 127.0.0.1 at 2017-03-20 21:00:32 +0100


Started GET "/assets/jquery.self-bd7ddd393353a8d2480a622e80342adf488fb6006d667e8b42e4c0073393abee.js?body=1" for 127.0.0.1 at 2017-03-20 21:00:32 +0100


Started GET "/assets/jquery_ujs.self-784a997f6726036b1993eb2217c9cb558e1cbb801c6da88105588c56f13b466a.js?body=1" for 127.0.0.1 at 2017-03-20 21:00:32 +0100


Started GET "/assets/application.self-e80e8f2318043e8af94dddc2adad5a4f09739a8ebb323b3ab31cd71d45fd9113.css?body=1" for 127.0.0.1 at 2017-03-20 21:00:32 +0100


Started GET "/assets/blogs.self-877aef30ae1b040ab8a3aba4e3e309a11d7f2612f44dde450b5c157aa5f95c05.js?body=1" for 127.0.0.1 at 2017-03-20 21:00:32 +0100


Started GET "/assets/turbolinks.self-c5acd7a204f5f25ce7a1d8a0e4d92e28d34c9e2df2c7371cd7af88e147e4ad82.js?body=1" for 127.0.0.1 at 2017-03-20 21:00:32 +0100


Started GET "/assets/homepage.self-877aef30ae1b040ab8a3aba4e3e309a11d7f2612f44dde450b5c157aa5f95c05.js?body=1" for 127.0.0.1 at 2017-03-20 21:00:32 +0100


Started GET "/assets/posts.self-877aef30ae1b040ab8a3aba4e3e309a11d7f2612f44dde450b5c157aa5f95c05.js?body=1" for 127.0.0.1 at 2017-03-20 21:00:32 +0100


Started GET "/assets/users.self-877aef30ae1b040ab8a3aba4e3e309a11d7f2612f44dde450b5c157aa5f95c05.js?body=1" for 127.0.0.1 at 2017-03-20 21:00:32 +0100


Started GET "/assets/application.self-3b8dabdc891efe46b9a144b400ad69e37d7e5876bdc39dee783419a69d7ca819.js?body=1" for 127.0.0.1 at 2017-03-20 21:00:32 +0100


Started GET "/post/new" for 127.0.0.1 at 2017-03-20 21:01:00 +0100
------------------------------------
@post
Processing by PostsController#new as HTML
------------------------------------
on init
  Rendered posts/new.html.erb within layouts/application (1.1ms)
  Rendered layouts/_main_menu.html.erb (11.1ms)
Completed 200 OK in 245ms (Views: 242.1ms | ActiveRecord: 0.0ms)


Started GET "/assets/blogs.self-e3b0c44298fc1c149afbf4c8996fb92427ae41e4649b934ca495991b7852b855.css?body=1" for 127.0.0.1 at 2017-03-20 21:01:00 +0100


Started GET "/assets/homepage.self-e3b0c44298fc1c149afbf4c8996fb92427ae41e4649b934ca495991b7852b855.css?body=1" for 127.0.0.1 at 2017-03-20 21:01:00 +0100


Started GET "/assets/posts.self-e3b0c44298fc1c149afbf4c8996fb92427ae41e4649b934ca495991b7852b855.css?body=1" for 127.0.0.1 at 2017-03-20 21:01:00 +0100


Started GET "/assets/jquery.self-bd7ddd393353a8d2480a622e80342adf488fb6006d667e8b42e4c0073393abee.js?body=1" for 127.0.0.1 at 2017-03-20 21:01:00 +0100


Started GET "/assets/users.self-e3b0c44298fc1c149afbf4c8996fb92427ae41e4649b934ca495991b7852b855.css?body=1" for 127.0.0.1 at 2017-03-20 21:01:00 +0100


Started GET "/assets/application.self-e80e8f2318043e8af94dddc2adad5a4f09739a8ebb323b3ab31cd71d45fd9113.css?body=1" for 127.0.0.1 at 2017-03-20 21:01:00 +0100


Started GET "/assets/jquery_ujs.self-784a997f6726036b1993eb2217c9cb558e1cbb801c6da88105588c56f13b466a.js?body=1" for 127.0.0.1 at 2017-03-20 21:01:01 +0100


Started GET "/assets/turbolinks.self-c5acd7a204f5f25ce7a1d8a0e4d92e28d34c9e2df2c7371cd7af88e147e4ad82.js?body=1" for 127.0.0.1 at 2017-03-20 21:01:01 +0100


Started GET "/assets/blogs.self-877aef30ae1b040ab8a3aba4e3e309a11d7f2612f44dde450b5c157aa5f95c05.js?body=1" for 127.0.0.1 at 2017-03-20 21:01:01 +0100


Started GET "/assets/homepage.self-877aef30ae1b040ab8a3aba4e3e309a11d7f2612f44dde450b5c157aa5f95c05.js?body=1" for 127.0.0.1 at 2017-03-20 21:01:01 +0100


Started GET "/assets/posts.self-877aef30ae1b040ab8a3aba4e3e309a11d7f2612f44dde450b5c157aa5f95c05.js?body=1" for 127.0.0.1 at 2017-03-20 21:01:01 +0100


Started GET "/assets/users.self-877aef30ae1b040ab8a3aba4e3e309a11d7f2612f44dde450b5c157aa5f95c05.js?body=1" for 127.0.0.1 at 2017-03-20 21:01:01 +0100


Started GET "/assets/application.self-3b8dabdc891efe46b9a144b400ad69e37d7e5876bdc39dee783419a69d7ca819.js?body=1" for 127.0.0.1 at 2017-03-20 21:01:01 +0100


Started GET "/post/new" for 127.0.0.1 at 2017-03-20 21:01:20 +0100

SyntaxError (/home/kovo/:. WWW/kovoweb-3.0/mojWeb/app/controllers/application_controller.rb:13: dynamic constant assignment
      SINGULAR_VARNAME = "@#{controller_name.singularize}"
                        ^):
  app/controllers/application_controller.rb:13: dynamic constant assignment
  app/controllers/posts_controller.rb:1:in `<top (required)>'




Started GET "/post/new" for 127.0.0.1 at 2017-03-20 21:03:09 +0100

NameError (undefined local variable or method `model_exist' for #<PostsController:0x007f3e90e9c520>
Did you mean?  model_exist?):
  app/controllers/application_controller.rb:15:in `initialize'




Started GET "/post/new" for 127.0.0.1 at 2017-03-20 21:03:31 +0100
Processing by PostsController#new as HTML
------------------------------------
on init
  Rendered posts/new.html.erb within layouts/application (0.5ms)
  Rendered layouts/_main_menu.html.erb (1.6ms)
Completed 200 OK in 233ms (Views: 220.3ms | ActiveRecord: 0.0ms)


Started GET "/assets/blogs.self-e3b0c44298fc1c149afbf4c8996fb92427ae41e4649b934ca495991b7852b855.css?body=1" for 127.0.0.1 at 2017-03-20 21:03:32 +0100


Started GET "/assets/homepage.self-e3b0c44298fc1c149afbf4c8996fb92427ae41e4649b934ca495991b7852b855.css?body=1" for 127.0.0.1 at 2017-03-20 21:03:32 +0100


Started GET "/assets/posts.self-e3b0c44298fc1c149afbf4c8996fb92427ae41e4649b934ca495991b7852b855.css?body=1" for 127.0.0.1 at 2017-03-20 21:03:32 +0100


Started GET "/assets/users.self-e3b0c44298fc1c149afbf4c8996fb92427ae41e4649b934ca495991b7852b855.css?body=1" for 127.0.0.1 at 2017-03-20 21:03:32 +0100


Started GET "/assets/jquery.self-bd7ddd393353a8d2480a622e80342adf488fb6006d667e8b42e4c0073393abee.js?body=1" for 127.0.0.1 at 2017-03-20 21:03:32 +0100


Started GET "/assets/application.self-e80e8f2318043e8af94dddc2adad5a4f09739a8ebb323b3ab31cd71d45fd9113.css?body=1" for 127.0.0.1 at 2017-03-20 21:03:32 +0100


Started GET "/assets/turbolinks.self-c5acd7a204f5f25ce7a1d8a0e4d92e28d34c9e2df2c7371cd7af88e147e4ad82.js?body=1" for 127.0.0.1 at 2017-03-20 21:03:32 +0100


Started GET "/assets/jquery_ujs.self-784a997f6726036b1993eb2217c9cb558e1cbb801c6da88105588c56f13b466a.js?body=1" for 127.0.0.1 at 2017-03-20 21:03:32 +0100


Started GET "/assets/homepage.self-877aef30ae1b040ab8a3aba4e3e309a11d7f2612f44dde450b5c157aa5f95c05.js?body=1" for 127.0.0.1 at 2017-03-20 21:03:32 +0100


Started GET "/assets/blogs.self-877aef30ae1b040ab8a3aba4e3e309a11d7f2612f44dde450b5c157aa5f95c05.js?body=1" for 127.0.0.1 at 2017-03-20 21:03:32 +0100


Started GET "/assets/posts.self-877aef30ae1b040ab8a3aba4e3e309a11d7f2612f44dde450b5c157aa5f95c05.js?body=1" for 127.0.0.1 at 2017-03-20 21:03:32 +0100


Started GET "/assets/users.self-877aef30ae1b040ab8a3aba4e3e309a11d7f2612f44dde450b5c157aa5f95c05.js?body=1" for 127.0.0.1 at 2017-03-20 21:03:32 +0100


Started GET "/assets/application.self-3b8dabdc891efe46b9a144b400ad69e37d7e5876bdc39dee783419a69d7ca819.js?body=1" for 127.0.0.1 at 2017-03-20 21:03:32 +0100


Started GET "/post/new" for 127.0.0.1 at 2017-03-20 21:03:43 +0100
------------------------------------
Post
Processing by PostsController#new as HTML
------------------------------------
on init
  Rendered posts/new.html.erb within layouts/application (0.2ms)
  Rendered layouts/_main_menu.html.erb (2.0ms)
Completed 200 OK in 215ms (Views: 211.6ms | ActiveRecord: 0.0ms)


Started GET "/assets/blogs.self-e3b0c44298fc1c149afbf4c8996fb92427ae41e4649b934ca495991b7852b855.css?body=1" for 127.0.0.1 at 2017-03-20 21:03:44 +0100


Started GET "/assets/homepage.self-e3b0c44298fc1c149afbf4c8996fb92427ae41e4649b934ca495991b7852b855.css?body=1" for 127.0.0.1 at 2017-03-20 21:03:44 +0100


Started GET "/assets/posts.self-e3b0c44298fc1c149afbf4c8996fb92427ae41e4649b934ca495991b7852b855.css?body=1" for 127.0.0.1 at 2017-03-20 21:03:44 +0100


Started GET "/assets/users.self-e3b0c44298fc1c149afbf4c8996fb92427ae41e4649b934ca495991b7852b855.css?body=1" for 127.0.0.1 at 2017-03-20 21:03:44 +0100


Started GET "/assets/application.self-e80e8f2318043e8af94dddc2adad5a4f09739a8ebb323b3ab31cd71d45fd9113.css?body=1" for 127.0.0.1 at 2017-03-20 21:03:44 +0100


Started GET "/assets/jquery.self-bd7ddd393353a8d2480a622e80342adf488fb6006d667e8b42e4c0073393abee.js?body=1" for 127.0.0.1 at 2017-03-20 21:03:44 +0100


Started GET "/assets/jquery_ujs.self-784a997f6726036b1993eb2217c9cb558e1cbb801c6da88105588c56f13b466a.js?body=1" for 127.0.0.1 at 2017-03-20 21:03:44 +0100


Started GET "/assets/turbolinks.self-c5acd7a204f5f25ce7a1d8a0e4d92e28d34c9e2df2c7371cd7af88e147e4ad82.js?body=1" for 127.0.0.1 at 2017-03-20 21:03:44 +0100


Started GET "/assets/blogs.self-877aef30ae1b040ab8a3aba4e3e309a11d7f2612f44dde450b5c157aa5f95c05.js?body=1" for 127.0.0.1 at 2017-03-20 21:03:44 +0100


Started GET "/assets/homepage.self-877aef30ae1b040ab8a3aba4e3e309a11d7f2612f44dde450b5c157aa5f95c05.js?body=1" for 127.0.0.1 at 2017-03-20 21:03:44 +0100


Started GET "/assets/posts.self-877aef30ae1b040ab8a3aba4e3e309a11d7f2612f44dde450b5c157aa5f95c05.js?body=1" for 127.0.0.1 at 2017-03-20 21:03:44 +0100


Started GET "/assets/users.self-877aef30ae1b040ab8a3aba4e3e309a11d7f2612f44dde450b5c157aa5f95c05.js?body=1" for 127.0.0.1 at 2017-03-20 21:03:44 +0100


Started GET "/assets/application.self-3b8dabdc891efe46b9a144b400ad69e37d7e5876bdc39dee783419a69d7ca819.js?body=1" for 127.0.0.1 at 2017-03-20 21:03:44 +0100


Started GET "/post/new" for 127.0.0.1 at 2017-03-20 21:04:49 +0100
Processing by PostsController#new as HTML
  Rendered posts/new.html.erb within layouts/application (0.2ms)
  Rendered layouts/_main_menu.html.erb (1.4ms)
Completed 200 OK in 187ms (Views: 145.3ms | ActiveRecord: 9.6ms)


Started GET "/assets/blogs.self-e3b0c44298fc1c149afbf4c8996fb92427ae41e4649b934ca495991b7852b855.css?body=1" for 127.0.0.1 at 2017-03-20 21:04:50 +0100


Started GET "/assets/homepage.self-e3b0c44298fc1c149afbf4c8996fb92427ae41e4649b934ca495991b7852b855.css?body=1" for 127.0.0.1 at 2017-03-20 21:04:50 +0100


Started GET "/assets/posts.self-e3b0c44298fc1c149afbf4c8996fb92427ae41e4649b934ca495991b7852b855.css?body=1" for 127.0.0.1 at 2017-03-20 21:04:50 +0100


Started GET "/assets/users.self-e3b0c44298fc1c149afbf4c8996fb92427ae41e4649b934ca495991b7852b855.css?body=1" for 127.0.0.1 at 2017-03-20 21:04:50 +0100


Started GET "/assets/application.self-e80e8f2318043e8af94dddc2adad5a4f09739a8ebb323b3ab31cd71d45fd9113.css?body=1" for 127.0.0.1 at 2017-03-20 21:04:50 +0100


Started GET "/assets/jquery.self-bd7ddd393353a8d2480a622e80342adf488fb6006d667e8b42e4c0073393abee.js?body=1" for 127.0.0.1 at 2017-03-20 21:04:50 +0100


Started GET "/assets/jquery_ujs.self-784a997f6726036b1993eb2217c9cb558e1cbb801c6da88105588c56f13b466a.js?body=1" for 127.0.0.1 at 2017-03-20 21:04:50 +0100


Started GET "/assets/turbolinks.self-c5acd7a204f5f25ce7a1d8a0e4d92e28d34c9e2df2c7371cd7af88e147e4ad82.js?body=1" for 127.0.0.1 at 2017-03-20 21:04:50 +0100


Started GET "/assets/blogs.self-877aef30ae1b040ab8a3aba4e3e309a11d7f2612f44dde450b5c157aa5f95c05.js?body=1" for 127.0.0.1 at 2017-03-20 21:04:50 +0100


Started GET "/assets/homepage.self-877aef30ae1b040ab8a3aba4e3e309a11d7f2612f44dde450b5c157aa5f95c05.js?body=1" for 127.0.0.1 at 2017-03-20 21:04:50 +0100


Started GET "/assets/posts.self-877aef30ae1b040ab8a3aba4e3e309a11d7f2612f44dde450b5c157aa5f95c05.js?body=1" for 127.0.0.1 at 2017-03-20 21:04:50 +0100


Started GET "/assets/users.self-877aef30ae1b040ab8a3aba4e3e309a11d7f2612f44dde450b5c157aa5f95c05.js?body=1" for 127.0.0.1 at 2017-03-20 21:04:50 +0100


Started GET "/assets/application.self-3b8dabdc891efe46b9a144b400ad69e37d7e5876bdc39dee783419a69d7ca819.js?body=1" for 127.0.0.1 at 2017-03-20 21:04:50 +0100


Started GET "/post/new" for 127.0.0.1 at 2017-03-20 21:05:19 +0100
Processing by PostsController#new as HTML
  Rendered posts/new.html.erb within layouts/application (75.2ms)
  Rendered layouts/_main_menu.html.erb (1.3ms)
Completed 200 OK in 310ms (Views: 271.4ms | ActiveRecord: 7.9ms)


Started GET "/assets/blogs.self-e3b0c44298fc1c149afbf4c8996fb92427ae41e4649b934ca495991b7852b855.css?body=1" for 127.0.0.1 at 2017-03-20 21:05:20 +0100


Started GET "/assets/homepage.self-e3b0c44298fc1c149afbf4c8996fb92427ae41e4649b934ca495991b7852b855.css?body=1" for 127.0.0.1 at 2017-03-20 21:05:20 +0100


Started GET "/assets/posts.self-e3b0c44298fc1c149afbf4c8996fb92427ae41e4649b934ca495991b7852b855.css?body=1" for 127.0.0.1 at 2017-03-20 21:05:20 +0100


Started GET "/assets/users.self-e3b0c44298fc1c149afbf4c8996fb92427ae41e4649b934ca495991b7852b855.css?body=1" for 127.0.0.1 at 2017-03-20 21:05:20 +0100


Started GET "/assets/application.self-e80e8f2318043e8af94dddc2adad5a4f09739a8ebb323b3ab31cd71d45fd9113.css?body=1" for 127.0.0.1 at 2017-03-20 21:05:20 +0100


Started GET "/assets/jquery.self-bd7ddd393353a8d2480a622e80342adf488fb6006d667e8b42e4c0073393abee.js?body=1" for 127.0.0.1 at 2017-03-20 21:05:20 +0100


Started GET "/assets/blogs.self-877aef30ae1b040ab8a3aba4e3e309a11d7f2612f44dde450b5c157aa5f95c05.js?body=1" for 127.0.0.1 at 2017-03-20 21:05:20 +0100


Started GET "/assets/jquery_ujs.self-784a997f6726036b1993eb2217c9cb558e1cbb801c6da88105588c56f13b466a.js?body=1" for 127.0.0.1 at 2017-03-20 21:05:20 +0100


Started GET "/assets/turbolinks.self-c5acd7a204f5f25ce7a1d8a0e4d92e28d34c9e2df2c7371cd7af88e147e4ad82.js?body=1" for 127.0.0.1 at 2017-03-20 21:05:20 +0100


Started GET "/assets/homepage.self-877aef30ae1b040ab8a3aba4e3e309a11d7f2612f44dde450b5c157aa5f95c05.js?body=1" for 127.0.0.1 at 2017-03-20 21:05:20 +0100


Started GET "/assets/posts.self-877aef30ae1b040ab8a3aba4e3e309a11d7f2612f44dde450b5c157aa5f95c05.js?body=1" for 127.0.0.1 at 2017-03-20 21:05:20 +0100


Started GET "/assets/users.self-877aef30ae1b040ab8a3aba4e3e309a11d7f2612f44dde450b5c157aa5f95c05.js?body=1" for 127.0.0.1 at 2017-03-20 21:05:20 +0100


Started GET "/assets/application.self-3b8dabdc891efe46b9a144b400ad69e37d7e5876bdc39dee783419a69d7ca819.js?body=1" for 127.0.0.1 at 2017-03-20 21:05:20 +0100


Started GET "/post/new" for 127.0.0.1 at 2017-03-20 21:05:47 +0100
Processing by PostsController#new as HTML
  Rendered posts/new.html.erb within layouts/application (13.7ms)
  Rendered layouts/_main_menu.html.erb (1.3ms)
Completed 200 OK in 203ms (Views: 200.9ms | ActiveRecord: 0.0ms)


Started GET "/assets/blogs.self-e3b0c44298fc1c149afbf4c8996fb92427ae41e4649b934ca495991b7852b855.css?body=1" for 127.0.0.1 at 2017-03-20 21:05:48 +0100


Started GET "/assets/homepage.self-e3b0c44298fc1c149afbf4c8996fb92427ae41e4649b934ca495991b7852b855.css?body=1" for 127.0.0.1 at 2017-03-20 21:05:48 +0100


Started GET "/assets/jquery.self-bd7ddd393353a8d2480a622e80342adf488fb6006d667e8b42e4c0073393abee.js?body=1" for 127.0.0.1 at 2017-03-20 21:05:48 +0100


Started GET "/assets/posts.self-e3b0c44298fc1c149afbf4c8996fb92427ae41e4649b934ca495991b7852b855.css?body=1" for 127.0.0.1 at 2017-03-20 21:05:48 +0100


Started GET "/assets/users.self-e3b0c44298fc1c149afbf4c8996fb92427ae41e4649b934ca495991b7852b855.css?body=1" for 127.0.0.1 at 2017-03-20 21:05:48 +0100


Started GET "/assets/application.self-e80e8f2318043e8af94dddc2adad5a4f09739a8ebb323b3ab31cd71d45fd9113.css?body=1" for 127.0.0.1 at 2017-03-20 21:05:48 +0100


Started GET "/assets/jquery_ujs.self-784a997f6726036b1993eb2217c9cb558e1cbb801c6da88105588c56f13b466a.js?body=1" for 127.0.0.1 at 2017-03-20 21:05:48 +0100


Started GET "/assets/turbolinks.self-c5acd7a204f5f25ce7a1d8a0e4d92e28d34c9e2df2c7371cd7af88e147e4ad82.js?body=1" for 127.0.0.1 at 2017-03-20 21:05:48 +0100


Started GET "/assets/blogs.self-877aef30ae1b040ab8a3aba4e3e309a11d7f2612f44dde450b5c157aa5f95c05.js?body=1" for 127.0.0.1 at 2017-03-20 21:05:48 +0100


Started GET "/assets/homepage.self-877aef30ae1b040ab8a3aba4e3e309a11d7f2612f44dde450b5c157aa5f95c05.js?body=1" for 127.0.0.1 at 2017-03-20 21:05:48 +0100


Started GET "/assets/posts.self-877aef30ae1b040ab8a3aba4e3e309a11d7f2612f44dde450b5c157aa5f95c05.js?body=1" for 127.0.0.1 at 2017-03-20 21:05:48 +0100


Started GET "/assets/users.self-877aef30ae1b040ab8a3aba4e3e309a11d7f2612f44dde450b5c157aa5f95c05.js?body=1" for 127.0.0.1 at 2017-03-20 21:05:48 +0100


Started GET "/assets/application.self-3b8dabdc891efe46b9a144b400ad69e37d7e5876bdc39dee783419a69d7ca819.js?body=1" for 127.0.0.1 at 2017-03-20 21:05:48 +0100


Started POST "/post" for 127.0.0.1 at 2017-03-20 21:05:56 +0100

ActionController::RoutingError (No route matches [POST] "/post"):
  actionpack (4.2.6) lib/action_dispatch/middleware/debug_exceptions.rb:21:in `call'
  web-console (2.3.0) lib/web_console/middleware.rb:28:in `block in call'
  web-console (2.3.0) lib/web_console/middleware.rb:18:in `catch'
  web-console (2.3.0) lib/web_console/middleware.rb:18:in `call'
  actionpack (4.2.6) lib/action_dispatch/middleware/show_exceptions.rb:30:in `call'
  railties (4.2.6) lib/rails/rack/logger.rb:38:in `call_app'
  railties (4.2.6) lib/rails/rack/logger.rb:20:in `block in call'
  activesupport (4.2.6) lib/active_support/tagged_logging.rb:68:in `block in tagged'
  activesupport (4.2.6) lib/active_support/tagged_logging.rb:26:in `tagged'
  activesupport (4.2.6) lib/active_support/tagged_logging.rb:68:in `tagged'
  railties (4.2.6) lib/rails/rack/logger.rb:20:in `call'
  actionpack (4.2.6) lib/action_dispatch/middleware/request_id.rb:21:in `call'
  rack (1.6.5) lib/rack/methodoverride.rb:22:in `call'
  rack (1.6.5) lib/rack/runtime.rb:18:in `call'
  activesupport (4.2.6) lib/active_support/cache/strategy/local_cache_middleware.rb:28:in `call'
  rack (1.6.5) lib/rack/lock.rb:17:in `call'
  actionpack (4.2.6) lib/action_dispatch/middleware/static.rb:120:in `call'
  rack (1.6.5) lib/rack/sendfile.rb:113:in `call'
  railties (4.2.6) lib/rails/engine.rb:518:in `call'
  railties (4.2.6) lib/rails/application.rb:165:in `call'
  rack (1.6.5) lib/rack/lock.rb:17:in `call'
  rack (1.6.5) lib/rack/content_length.rb:15:in `call'
  rack (1.6.5) lib/rack/handler/webrick.rb:88:in `service'
  /home/kovo/.rbenv/versions/2.3.1/lib/ruby/2.3.0/webrick/httpserver.rb:140:in `service'
  /home/kovo/.rbenv/versions/2.3.1/lib/ruby/2.3.0/webrick/httpserver.rb:96:in `run'
  /home/kovo/.rbenv/versions/2.3.1/lib/ruby/2.3.0/webrick/server.rb:296:in `block in start_thread'


  Rendered /home/kovo/.rbenv/versions/2.3.1/lib/ruby/gems/2.3.0/gems/actionpack-4.2.6/lib/action_dispatch/middleware/templates/rescues/_trace.html.erb (5.5ms)
  Rendered /home/kovo/.rbenv/versions/2.3.1/lib/ruby/gems/2.3.0/gems/actionpack-4.2.6/lib/action_dispatch/middleware/templates/routes/_route.html.erb (3.3ms)
  Rendered /home/kovo/.rbenv/versions/2.3.1/lib/ruby/gems/2.3.0/gems/actionpack-4.2.6/lib/action_dispatch/middleware/templates/routes/_table.html.erb (19.8ms)
  Rendered /home/kovo/.rbenv/versions/2.3.1/lib/ruby/gems/2.3.0/gems/actionpack-4.2.6/lib/action_dispatch/middleware/templates/rescues/_request_and_response.html.erb (9.9ms)
  Rendered /home/kovo/.rbenv/versions/2.3.1/lib/ruby/gems/2.3.0/gems/actionpack-4.2.6/lib/action_dispatch/middleware/templates/rescues/routing_error.html.erb within rescues/layout (159.3ms)
  Rendered /home/kovo/.rbenv/versions/2.3.1/lib/ruby/gems/2.3.0/gems/web-console-2.3.0/lib/web_console/templates/_markup.html.erb (1.4ms)
  Rendered /home/kovo/.rbenv/versions/2.3.1/lib/ruby/gems/2.3.0/gems/web-console-2.3.0/lib/web_console/templates/_inner_console_markup.html.erb within layouts/inlined_string (1.0ms)
  Rendered /home/kovo/.rbenv/versions/2.3.1/lib/ruby/gems/2.3.0/gems/web-console-2.3.0/lib/web_console/templates/_prompt_box_markup.html.erb within layouts/inlined_string (1.0ms)
  Rendered /home/kovo/.rbenv/versions/2.3.1/lib/ruby/gems/2.3.0/gems/web-console-2.3.0/lib/web_console/templates/style.css.erb within layouts/inlined_string (1.2ms)
  Rendered /home/kovo/.rbenv/versions/2.3.1/lib/ruby/gems/2.3.0/gems/web-console-2.3.0/lib/web_console/templates/console.js.erb within layouts/javascript (100.4ms)
  Rendered /home/kovo/.rbenv/versions/2.3.1/lib/ruby/gems/2.3.0/gems/web-console-2.3.0/lib/web_console/templates/main.js.erb within layouts/javascript (4.8ms)
  Rendered /home/kovo/.rbenv/versions/2.3.1/lib/ruby/gems/2.3.0/gems/web-console-2.3.0/lib/web_console/templates/error_page.js.erb within layouts/javascript (1.2ms)
  Rendered /home/kovo/.rbenv/versions/2.3.1/lib/ruby/gems/2.3.0/gems/web-console-2.3.0/lib/web_console/templates/index.html.erb (200.4ms)


Started POST "/post" for 127.0.0.1 at 2017-03-20 21:12:41 +0100
Processing by PostsController#create as HTML
  Parameters: {"utf8"=>"✓", "authenticity_token"=>"wnFe9JWpdTl14IOqjORq4FCfewOKHDqb6pcnEPvPsQly0cm/aaF8tRhpdILOw99QN2A3lup8CHXKztJrlir7ZQ==", "post"=>{"title"=>"test"}, "commit"=>"Create Post"}
Completed 500 Internal Server Error in 22ms (ActiveRecord: 0.0ms)

ActionView::MissingTemplate (Missing template posts/create, application/create with {:locale=>[:en], :formats=>[:html], :variants=>[], :handlers=>[:erb, :builder, :raw, :ruby, :coffee, :jbuilder]}. Searched in:
  * "/home/kovo/:. WWW/kovoweb-3.0/mojWeb/app/views"
):
  actionview (4.2.6) lib/action_view/path_set.rb:46:in `find'
  actionview (4.2.6) lib/action_view/lookup_context.rb:121:in `find'
  actionview (4.2.6) lib/action_view/renderer/abstract_renderer.rb:18:in `find_template'
  actionview (4.2.6) lib/action_view/renderer/template_renderer.rb:40:in `determine_template'
  actionview (4.2.6) lib/action_view/renderer/template_renderer.rb:8:in `render'
  actionview (4.2.6) lib/action_view/renderer/renderer.rb:46:in `render_template'
  actionview (4.2.6) lib/action_view/renderer/renderer.rb:27:in `render'
  actionview (4.2.6) lib/action_view/rendering.rb:100:in `_render_template'
  actionpack (4.2.6) lib/action_controller/metal/streaming.rb:217:in `_render_template'
  actionview (4.2.6) lib/action_view/rendering.rb:83:in `render_to_body'
  actionpack (4.2.6) lib/action_controller/metal/rendering.rb:32:in `render_to_body'
  actionpack (4.2.6) lib/action_controller/metal/renderers.rb:37:in `render_to_body'
  actionpack (4.2.6) lib/abstract_controller/rendering.rb:25:in `render'
  actionpack (4.2.6) lib/action_controller/metal/rendering.rb:16:in `render'
  actionpack (4.2.6) lib/action_controller/metal/instrumentation.rb:44:in `block (2 levels) in render'
  activesupport (4.2.6) lib/active_support/core_ext/benchmark.rb:12:in `block in ms'
  /home/kovo/.rbenv/versions/2.3.1/lib/ruby/2.3.0/benchmark.rb:308:in `realtime'
  activesupport (4.2.6) lib/active_support/core_ext/benchmark.rb:12:in `ms'
  actionpack (4.2.6) lib/action_controller/metal/instrumentation.rb:44:in `block in render'
  actionpack (4.2.6) lib/action_controller/metal/instrumentation.rb:87:in `cleanup_view_runtime'
  activerecord (4.2.6) lib/active_record/railties/controller_runtime.rb:25:in `cleanup_view_runtime'
  actionpack (4.2.6) lib/action_controller/metal/instrumentation.rb:43:in `render'
  actionpack (4.2.6) lib/action_controller/metal/implicit_render.rb:10:in `default_render'
  actionpack (4.2.6) lib/action_controller/metal/implicit_render.rb:5:in `send_action'
  actionpack (4.2.6) lib/abstract_controller/base.rb:198:in `process_action'
  actionpack (4.2.6) lib/action_controller/metal/rendering.rb:10:in `process_action'
  actionpack (4.2.6) lib/abstract_controller/callbacks.rb:20:in `block in process_action'
  activesupport (4.2.6) lib/active_support/callbacks.rb:117:in `call'
  activesupport (4.2.6) lib/active_support/callbacks.rb:555:in `block (2 levels) in compile'
  activesupport (4.2.6) lib/active_support/callbacks.rb:505:in `call'
  activesupport (4.2.6) lib/active_support/callbacks.rb:92:in `__run_callbacks__'
  activesupport (4.2.6) lib/active_support/callbacks.rb:778:in `_run_process_action_callbacks'
  activesupport (4.2.6) lib/active_support/callbacks.rb:81:in `run_callbacks'
  actionpack (4.2.6) lib/abstract_controller/callbacks.rb:19:in `process_action'
  actionpack (4.2.6) lib/action_controller/metal/rescue.rb:29:in `process_action'
  actionpack (4.2.6) lib/action_controller/metal/instrumentation.rb:32:in `block in process_action'
  activesupport (4.2.6) lib/active_support/notifications.rb:164:in `block in instrument'
  activesupport (4.2.6) lib/active_support/notifications/instrumenter.rb:20:in `instrument'
  activesupport (4.2.6) lib/active_support/notifications.rb:164:in `instrument'
  actionpack (4.2.6) lib/action_controller/metal/instrumentation.rb:30:in `process_action'
  actionpack (4.2.6) lib/action_controller/metal/params_wrapper.rb:250:in `process_action'
  activerecord (4.2.6) lib/active_record/railties/controller_runtime.rb:18:in `process_action'
  actionpack (4.2.6) lib/abstract_controller/base.rb:137:in `process'
  actionview (4.2.6) lib/action_view/rendering.rb:30:in `process'
  actionpack (4.2.6) lib/action_controller/metal.rb:196:in `dispatch'
  actionpack (4.2.6) lib/action_controller/metal/rack_delegation.rb:13:in `dispatch'
  actionpack (4.2.6) lib/action_controller/metal.rb:237:in `block in action'
  actionpack (4.2.6) lib/action_dispatch/routing/route_set.rb:74:in `dispatch'
  actionpack (4.2.6) lib/action_dispatch/routing/route_set.rb:43:in `serve'
  actionpack (4.2.6) lib/action_dispatch/journey/router.rb:43:in `block in serve'
  actionpack (4.2.6) lib/action_dispatch/journey/router.rb:30:in `each'
  actionpack (4.2.6) lib/action_dispatch/journey/router.rb:30:in `serve'
  actionpack (4.2.6) lib/action_dispatch/routing/route_set.rb:817:in `call'
  rack (1.6.5) lib/rack/etag.rb:24:in `call'
  rack (1.6.5) lib/rack/conditionalget.rb:38:in `call'
  rack (1.6.5) lib/rack/head.rb:13:in `call'
  actionpack (4.2.6) lib/action_dispatch/middleware/params_parser.rb:27:in `call'
  actionpack (4.2.6) lib/action_dispatch/middleware/flash.rb:260:in `call'
  rack (1.6.5) lib/rack/session/abstract/id.rb:225:in `context'
  rack (1.6.5) lib/rack/session/abstract/id.rb:220:in `call'
  actionpack (4.2.6) lib/action_dispatch/middleware/cookies.rb:560:in `call'
  activerecord (4.2.6) lib/active_record/query_cache.rb:36:in `call'
  activerecord (4.2.6) lib/active_record/connection_adapters/abstract/connection_pool.rb:653:in `call'
  activerecord (4.2.6) lib/active_record/migration.rb:377:in `call'
  actionpack (4.2.6) lib/action_dispatch/middleware/callbacks.rb:29:in `block in call'
  activesupport (4.2.6) lib/active_support/callbacks.rb:88:in `__run_callbacks__'
  activesupport (4.2.6) lib/active_support/callbacks.rb:778:in `_run_call_callbacks'
  activesupport (4.2.6) lib/active_support/callbacks.rb:81:in `run_callbacks'
  actionpack (4.2.6) lib/action_dispatch/middleware/callbacks.rb:27:in `call'
  actionpack (4.2.6) lib/action_dispatch/middleware/reloader.rb:73:in `call'
  actionpack (4.2.6) lib/action_dispatch/middleware/remote_ip.rb:78:in `call'
  actionpack (4.2.6) lib/action_dispatch/middleware/debug_exceptions.rb:17:in `call'
  web-console (2.3.0) lib/web_console/middleware.rb:28:in `block in call'
  web-console (2.3.0) lib/web_console/middleware.rb:18:in `catch'
  web-console (2.3.0) lib/web_console/middleware.rb:18:in `call'
  actionpack (4.2.6) lib/action_dispatch/middleware/show_exceptions.rb:30:in `call'
  railties (4.2.6) lib/rails/rack/logger.rb:38:in `call_app'
  railties (4.2.6) lib/rails/rack/logger.rb:20:in `block in call'
  activesupport (4.2.6) lib/active_support/tagged_logging.rb:68:in `block in tagged'
  activesupport (4.2.6) lib/active_support/tagged_logging.rb:26:in `tagged'
  activesupport (4.2.6) lib/active_support/tagged_logging.rb:68:in `tagged'
  railties (4.2.6) lib/rails/rack/logger.rb:20:in `call'
  actionpack (4.2.6) lib/action_dispatch/middleware/request_id.rb:21:in `call'
  rack (1.6.5) lib/rack/methodoverride.rb:22:in `call'
  rack (1.6.5) lib/rack/runtime.rb:18:in `call'
  activesupport (4.2.6) lib/active_support/cache/strategy/local_cache_middleware.rb:28:in `call'
  rack (1.6.5) lib/rack/lock.rb:17:in `call'
  actionpack (4.2.6) lib/action_dispatch/middleware/static.rb:120:in `call'
  rack (1.6.5) lib/rack/sendfile.rb:113:in `call'
  railties (4.2.6) lib/rails/engine.rb:518:in `call'
  railties (4.2.6) lib/rails/application.rb:165:in `call'
  rack (1.6.5) lib/rack/lock.rb:17:in `call'
  rack (1.6.5) lib/rack/content_length.rb:15:in `call'
  rack (1.6.5) lib/rack/handler/webrick.rb:88:in `service'
  /home/kovo/.rbenv/versions/2.3.1/lib/ruby/2.3.0/webrick/httpserver.rb:140:in `service'
  /home/kovo/.rbenv/versions/2.3.1/lib/ruby/2.3.0/webrick/httpserver.rb:96:in `run'
  /home/kovo/.rbenv/versions/2.3.1/lib/ruby/2.3.0/webrick/server.rb:296:in `block in start_thread'


  Rendered /home/kovo/.rbenv/versions/2.3.1/lib/ruby/gems/2.3.0/gems/actionpack-4.2.6/lib/action_dispatch/middleware/templates/rescues/_source.erb (24.5ms)
  Rendered /home/kovo/.rbenv/versions/2.3.1/lib/ruby/gems/2.3.0/gems/actionpack-4.2.6/lib/action_dispatch/middleware/templates/rescues/_trace.html.erb (37.1ms)
  Rendered /home/kovo/.rbenv/versions/2.3.1/lib/ruby/gems/2.3.0/gems/actionpack-4.2.6/lib/action_dispatch/middleware/templates/rescues/_request_and_response.html.erb (9.2ms)
  Rendered /home/kovo/.rbenv/versions/2.3.1/lib/ruby/gems/2.3.0/gems/actionpack-4.2.6/lib/action_dispatch/middleware/templates/rescues/missing_template.html.erb within rescues/layout (142.2ms)
  Rendered /home/kovo/.rbenv/versions/2.3.1/lib/ruby/gems/2.3.0/gems/web-console-2.3.0/lib/web_console/templates/_markup.html.erb (5.5ms)
  Rendered /home/kovo/.rbenv/versions/2.3.1/lib/ruby/gems/2.3.0/gems/web-console-2.3.0/lib/web_console/templates/_inner_console_markup.html.erb within layouts/inlined_string (1.1ms)
  Rendered /home/kovo/.rbenv/versions/2.3.1/lib/ruby/gems/2.3.0/gems/web-console-2.3.0/lib/web_console/templates/_prompt_box_markup.html.erb within layouts/inlined_string (1.1ms)
  Rendered /home/kovo/.rbenv/versions/2.3.1/lib/ruby/gems/2.3.0/gems/web-console-2.3.0/lib/web_console/templates/style.css.erb within layouts/inlined_string (1.2ms)
  Rendered /home/kovo/.rbenv/versions/2.3.1/lib/ruby/gems/2.3.0/gems/web-console-2.3.0/lib/web_console/templates/console.js.erb within layouts/javascript (104.9ms)
  Rendered /home/kovo/.rbenv/versions/2.3.1/lib/ruby/gems/2.3.0/gems/web-console-2.3.0/lib/web_console/templates/main.js.erb within layouts/javascript (9.3ms)
  Rendered /home/kovo/.rbenv/versions/2.3.1/lib/ruby/gems/2.3.0/gems/web-console-2.3.0/lib/web_console/templates/error_page.js.erb within layouts/javascript (5.6ms)
  Rendered /home/kovo/.rbenv/versions/2.3.1/lib/ruby/gems/2.3.0/gems/web-console-2.3.0/lib/web_console/templates/index.html.erb (216.2ms)


Started POST "/post" for 127.0.0.1 at 2017-03-20 21:13:20 +0100
Processing by PostsController#create as HTML
  Parameters: {"utf8"=>"✓", "authenticity_token"=>"wnFe9JWpdTl14IOqjORq4FCfewOKHDqb6pcnEPvPsQly0cm/aaF8tRhpdILOw99QN2A3lup8CHXKztJrlir7ZQ==", "post"=>{"title"=>"test"}, "commit"=>"Create Post"}
  [1m[35m (0.3ms)[0m  begin transaction
  [1m[36mSQL (2.3ms)[0m  [1mINSERT INTO "posts" ("title", "created_at", "updated_at") VALUES (?, ?, ?)[0m  [["title", "test"], ["created_at", "2017-03-20 20:13:20.748702"], ["updated_at", "2017-03-20 20:13:20.748702"]]
  [1m[35m (16.4ms)[0m  commit transaction
Redirected to http://0.0.0.0:3000/post
Filter chain halted as :create_action rendered or redirected
Completed 302 Found in 171ms (ActiveRecord: 49.3ms)


Started GET "/post" for 127.0.0.1 at 2017-03-20 21:13:20 +0100
Processing by PostsController#index as HTML
  Rendered posts/index.html.erb within layouts/application (0.2ms)
  Rendered layouts/_main_menu.html.erb (1.5ms)
Completed 200 OK in 306ms (Views: 303.6ms | ActiveRecord: 0.0ms)


Started GET "/assets/blogs.self-e3b0c44298fc1c149afbf4c8996fb92427ae41e4649b934ca495991b7852b855.css?body=1" for 127.0.0.1 at 2017-03-20 21:13:21 +0100


Started GET "/assets/posts.self-e3b0c44298fc1c149afbf4c8996fb92427ae41e4649b934ca495991b7852b855.css?body=1" for 127.0.0.1 at 2017-03-20 21:13:21 +0100


Started GET "/assets/homepage.self-e3b0c44298fc1c149afbf4c8996fb92427ae41e4649b934ca495991b7852b855.css?body=1" for 127.0.0.1 at 2017-03-20 21:13:21 +0100


Started GET "/assets/users.self-e3b0c44298fc1c149afbf4c8996fb92427ae41e4649b934ca495991b7852b855.css?body=1" for 127.0.0.1 at 2017-03-20 21:13:21 +0100


Started GET "/assets/application.self-e80e8f2318043e8af94dddc2adad5a4f09739a8ebb323b3ab31cd71d45fd9113.css?body=1" for 127.0.0.1 at 2017-03-20 21:13:21 +0100


Started GET "/assets/jquery.self-bd7ddd393353a8d2480a622e80342adf488fb6006d667e8b42e4c0073393abee.js?body=1" for 127.0.0.1 at 2017-03-20 21:13:21 +0100


Started GET "/assets/turbolinks.self-c5acd7a204f5f25ce7a1d8a0e4d92e28d34c9e2df2c7371cd7af88e147e4ad82.js?body=1" for 127.0.0.1 at 2017-03-20 21:13:21 +0100


Started GET "/assets/blogs.self-877aef30ae1b040ab8a3aba4e3e309a11d7f2612f44dde450b5c157aa5f95c05.js?body=1" for 127.0.0.1 at 2017-03-20 21:13:21 +0100


Started GET "/assets/jquery_ujs.self-784a997f6726036b1993eb2217c9cb558e1cbb801c6da88105588c56f13b466a.js?body=1" for 127.0.0.1 at 2017-03-20 21:13:21 +0100


Started GET "/assets/homepage.self-877aef30ae1b040ab8a3aba4e3e309a11d7f2612f44dde450b5c157aa5f95c05.js?body=1" for 127.0.0.1 at 2017-03-20 21:13:21 +0100


Started GET "/assets/posts.self-877aef30ae1b040ab8a3aba4e3e309a11d7f2612f44dde450b5c157aa5f95c05.js?body=1" for 127.0.0.1 at 2017-03-20 21:13:21 +0100


Started GET "/assets/users.self-877aef30ae1b040ab8a3aba4e3e309a11d7f2612f44dde450b5c157aa5f95c05.js?body=1" for 127.0.0.1 at 2017-03-20 21:13:21 +0100


Started GET "/assets/application.self-3b8dabdc891efe46b9a144b400ad69e37d7e5876bdc39dee783419a69d7ca819.js?body=1" for 127.0.0.1 at 2017-03-20 21:13:21 +0100


Started GET "/post" for 127.0.0.1 at 2017-03-20 21:14:42 +0100
Processing by PostsController#index as HTML
  [1m[36mPost Load (0.5ms)[0m  [1mSELECT "posts".* FROM "posts"[0m
  Rendered posts/index.html.erb within layouts/application (9.3ms)
  Rendered layouts/_main_menu.html.erb (1.4ms)
Completed 200 OK in 188ms (Views: 185.2ms | ActiveRecord: 0.5ms)


Started GET "/assets/blogs.self-e3b0c44298fc1c149afbf4c8996fb92427ae41e4649b934ca495991b7852b855.css?body=1" for 127.0.0.1 at 2017-03-20 21:14:42 +0100


Started GET "/assets/homepage.self-e3b0c44298fc1c149afbf4c8996fb92427ae41e4649b934ca495991b7852b855.css?body=1" for 127.0.0.1 at 2017-03-20 21:14:42 +0100


Started GET "/assets/posts.self-e3b0c44298fc1c149afbf4c8996fb92427ae41e4649b934ca495991b7852b855.css?body=1" for 127.0.0.1 at 2017-03-20 21:14:42 +0100


Started GET "/assets/users.self-e3b0c44298fc1c149afbf4c8996fb92427ae41e4649b934ca495991b7852b855.css?body=1" for 127.0.0.1 at 2017-03-20 21:14:42 +0100


Started GET "/assets/jquery_ujs.self-784a997f6726036b1993eb2217c9cb558e1cbb801c6da88105588c56f13b466a.js?body=1" for 127.0.0.1 at 2017-03-20 21:14:42 +0100


Started GET "/assets/jquery.self-bd7ddd393353a8d2480a622e80342adf488fb6006d667e8b42e4c0073393abee.js?body=1" for 127.0.0.1 at 2017-03-20 21:14:42 +0100


Started GET "/assets/turbolinks.self-c5acd7a204f5f25ce7a1d8a0e4d92e28d34c9e2df2c7371cd7af88e147e4ad82.js?body=1" for 127.0.0.1 at 2017-03-20 21:14:42 +0100


Started GET "/assets/application.self-e80e8f2318043e8af94dddc2adad5a4f09739a8ebb323b3ab31cd71d45fd9113.css?body=1" for 127.0.0.1 at 2017-03-20 21:14:42 +0100


Started GET "/assets/blogs.self-877aef30ae1b040ab8a3aba4e3e309a11d7f2612f44dde450b5c157aa5f95c05.js?body=1" for 127.0.0.1 at 2017-03-20 21:14:43 +0100


Started GET "/assets/homepage.self-877aef30ae1b040ab8a3aba4e3e309a11d7f2612f44dde450b5c157aa5f95c05.js?body=1" for 127.0.0.1 at 2017-03-20 21:14:43 +0100


Started GET "/assets/posts.self-877aef30ae1b040ab8a3aba4e3e309a11d7f2612f44dde450b5c157aa5f95c05.js?body=1" for 127.0.0.1 at 2017-03-20 21:14:43 +0100


Started GET "/assets/users.self-877aef30ae1b040ab8a3aba4e3e309a11d7f2612f44dde450b5c157aa5f95c05.js?body=1" for 127.0.0.1 at 2017-03-20 21:14:43 +0100


Started GET "/assets/application.self-3b8dabdc891efe46b9a144b400ad69e37d7e5876bdc39dee783419a69d7ca819.js?body=1" for 127.0.0.1 at 2017-03-20 21:14:43 +0100


Started GET "/post" for 127.0.0.1 at 2017-03-20 21:15:07 +0100
Processing by PostsController#index as HTML
  [1m[35mPost Load (0.5ms)[0m  SELECT "posts".* FROM "posts"
  Rendered posts/index.html.erb within layouts/application (10.2ms)
  Rendered layouts/_main_menu.html.erb (5.0ms)
Completed 200 OK in 181ms (Views: 171.5ms | ActiveRecord: 0.5ms)


Started GET "/post/new" for 127.0.0.1 at 2017-03-20 21:15:14 +0100
Processing by PostsController#new as HTML
  Rendered posts/new.html.erb within layouts/application (18.3ms)
  Rendered layouts/_main_menu.html.erb (1.2ms)
Completed 200 OK in 166ms (Views: 164.3ms | ActiveRecord: 0.0ms)


Started POST "/post" for 127.0.0.1 at 2017-03-20 21:15:21 +0100
Processing by PostsController#create as HTML
  Parameters: {"utf8"=>"✓", "authenticity_token"=>"OvIRqALabEEXCUU31fXWau4GpHYGmrj2QyOxQe68VDKKUobj/tJlzXqAsh+X0mPaifno42b6ihhjekQ6g1keXg==", "post"=>{"title"=>"kokot"}, "commit"=>"Create Post"}
  [1m[36m (0.2ms)[0m  [1mbegin transaction[0m
  [1m[35mSQL (0.8ms)[0m  INSERT INTO "posts" ("title", "created_at", "updated_at") VALUES (?, ?, ?)  [["title", "kokot"], ["created_at", "2017-03-20 20:15:21.921761"], ["updated_at", "2017-03-20 20:15:21.921761"]]
  [1m[36m (8.1ms)[0m  [1mcommit transaction[0m
Redirected to http://0.0.0.0:3000/post
Filter chain halted as :create_action rendered or redirected
Completed 302 Found in 20ms (ActiveRecord: 9.2ms)


Started GET "/post" for 127.0.0.1 at 2017-03-20 21:15:21 +0100
Processing by PostsController#index as HTML
  [1m[35mPost Load (0.6ms)[0m  SELECT "posts".* FROM "posts"
  Rendered posts/index.html.erb within layouts/application (2.2ms)
  Rendered layouts/_main_menu.html.erb (1.4ms)
Completed 200 OK in 106ms (Views: 103.5ms | ActiveRecord: 0.6ms)
  [1m[36mPost Load (0.6ms)[0m  [1mSELECT "posts".* FROM "posts"[0m
  [1m[36mPost Load (4.4ms)[0m  [1mSELECT "posts".* FROM "posts"[0m
  [1m[35mTag Load (0.5ms)[0m  SELECT "tags".* FROM "tags"
  [1m[36mActiveRecord::SchemaMigration Load (0.5ms)[0m  [1mSELECT "schema_migrations".* FROM "schema_migrations"[0m
Migrating to CreatePostTags (20170320202001)
  [1m[35m (0.2ms)[0m  begin transaction
  [1m[36m (1.1ms)[0m  [1mCREATE TABLE "post_tags" ("id" INTEGER PRIMARY KEY AUTOINCREMENT NOT NULL, "post_id" integer, "tag_id" integer, "created_at" datetime NOT NULL, "updated_at" datetime NOT NULL) [0m
  [1m[35mSQL (0.7ms)[0m  INSERT INTO "schema_migrations" ("version") VALUES (?)  [["version", "20170320202001"]]
  [1m[36m (17.7ms)[0m  [1mcommit transaction[0m
  [1m[35mActiveRecord::SchemaMigration Load (0.5ms)[0m  SELECT "schema_migrations".* FROM "schema_migrations"
  [1m[36m (0.5ms)[0m  [1m            SELECT sql
            FROM sqlite_master
            WHERE name='index_blogs_on_user_id' AND type='index'
            UNION ALL
            SELECT sql
            FROM sqlite_temp_master
            WHERE name='index_blogs_on_user_id' AND type='index'
[0m
  [1m[35m (0.4ms)[0m              SELECT sql
            FROM sqlite_master
            WHERE name='index_posts_on_blog_id' AND type='index'
            UNION ALL
            SELECT sql
            FROM sqlite_temp_master
            WHERE name='index_posts_on_blog_id' AND type='index'

  [1m[36m (0.5ms)[0m  [1m            SELECT sql
            FROM sqlite_master
            WHERE name='index_posts_on_user_id' AND type='index'
            UNION ALL
            SELECT sql
            FROM sqlite_temp_master
            WHERE name='index_posts_on_user_id' AND type='index'
[0m


Started GET "/post" for 127.0.0.1 at 2017-03-20 21:22:14 +0100
  [1m[36mActiveRecord::SchemaMigration Load (0.5ms)[0m  [1mSELECT "schema_migrations".* FROM "schema_migrations"[0m
Processing by PostsController#index as HTML
  [1m[35mPost Load (0.5ms)[0m  SELECT "posts".* FROM "posts"
  Rendered posts/index.html.erb within layouts/application (30.8ms)
  Rendered layouts/_main_menu.html.erb (46.4ms)
Completed 200 OK in 1711ms (Views: 1674.7ms | ActiveRecord: 1.8ms)


Started GET "/assets/blogs.self-e3b0c44298fc1c149afbf4c8996fb92427ae41e4649b934ca495991b7852b855.css?body=1" for 127.0.0.1 at 2017-03-20 21:22:17 +0100


Started GET "/assets/homepage.self-e3b0c44298fc1c149afbf4c8996fb92427ae41e4649b934ca495991b7852b855.css?body=1" for 127.0.0.1 at 2017-03-20 21:22:17 +0100


Started GET "/assets/application.self-e80e8f2318043e8af94dddc2adad5a4f09739a8ebb323b3ab31cd71d45fd9113.css?body=1" for 127.0.0.1 at 2017-03-20 21:22:17 +0100


Started GET "/assets/users.self-e3b0c44298fc1c149afbf4c8996fb92427ae41e4649b934ca495991b7852b855.css?body=1" for 127.0.0.1 at 2017-03-20 21:22:17 +0100


Started GET "/assets/posts.self-e3b0c44298fc1c149afbf4c8996fb92427ae41e4649b934ca495991b7852b855.css?body=1" for 127.0.0.1 at 2017-03-20 21:22:17 +0100


Started GET "/assets/turbolinks.self-c5acd7a204f5f25ce7a1d8a0e4d92e28d34c9e2df2c7371cd7af88e147e4ad82.js?body=1" for 127.0.0.1 at 2017-03-20 21:22:17 +0100


Started GET "/assets/jquery.self-bd7ddd393353a8d2480a622e80342adf488fb6006d667e8b42e4c0073393abee.js?body=1" for 127.0.0.1 at 2017-03-20 21:22:18 +0100


Started GET "/assets/jquery_ujs.self-784a997f6726036b1993eb2217c9cb558e1cbb801c6da88105588c56f13b466a.js?body=1" for 127.0.0.1 at 2017-03-20 21:22:18 +0100


Started GET "/assets/blogs.self-877aef30ae1b040ab8a3aba4e3e309a11d7f2612f44dde450b5c157aa5f95c05.js?body=1" for 127.0.0.1 at 2017-03-20 21:22:18 +0100


Started GET "/assets/homepage.self-877aef30ae1b040ab8a3aba4e3e309a11d7f2612f44dde450b5c157aa5f95c05.js?body=1" for 127.0.0.1 at 2017-03-20 21:22:18 +0100


Started GET "/assets/posts.self-877aef30ae1b040ab8a3aba4e3e309a11d7f2612f44dde450b5c157aa5f95c05.js?body=1" for 127.0.0.1 at 2017-03-20 21:22:18 +0100


Started GET "/assets/users.self-877aef30ae1b040ab8a3aba4e3e309a11d7f2612f44dde450b5c157aa5f95c05.js?body=1" for 127.0.0.1 at 2017-03-20 21:22:18 +0100


Started GET "/assets/application.self-3b8dabdc891efe46b9a144b400ad69e37d7e5876bdc39dee783419a69d7ca819.js?body=1" for 127.0.0.1 at 2017-03-20 21:22:18 +0100


Started GET "/post" for 127.0.0.1 at 2017-03-20 21:28:38 +0100
Processing by PostsController#index as HTML
  [1m[36mPost Load (0.5ms)[0m  [1mSELECT "posts".* FROM "posts"[0m
  Rendered posts/index.html.erb within layouts/application (14.3ms)
  Rendered layouts/_main_menu.html.erb (1.8ms)
Completed 200 OK in 241ms (Views: 237.5ms | ActiveRecord: 0.5ms)


Started GET "/assets/blogs.self-e3b0c44298fc1c149afbf4c8996fb92427ae41e4649b934ca495991b7852b855.css?body=1" for 127.0.0.1 at 2017-03-20 21:28:38 +0100


Started GET "/assets/posts.self-e3b0c44298fc1c149afbf4c8996fb92427ae41e4649b934ca495991b7852b855.css?body=1" for 127.0.0.1 at 2017-03-20 21:28:38 +0100


Started GET "/assets/homepage.self-e3b0c44298fc1c149afbf4c8996fb92427ae41e4649b934ca495991b7852b855.css?body=1" for 127.0.0.1 at 2017-03-20 21:28:38 +0100


Started GET "/assets/jquery.self-bd7ddd393353a8d2480a622e80342adf488fb6006d667e8b42e4c0073393abee.js?body=1" for 127.0.0.1 at 2017-03-20 21:28:38 +0100


Started GET "/assets/turbolinks.self-c5acd7a204f5f25ce7a1d8a0e4d92e28d34c9e2df2c7371cd7af88e147e4ad82.js?body=1" for 127.0.0.1 at 2017-03-20 21:28:38 +0100


Started GET "/assets/users.self-e3b0c44298fc1c149afbf4c8996fb92427ae41e4649b934ca495991b7852b855.css?body=1" for 127.0.0.1 at 2017-03-20 21:28:38 +0100


Started GET "/assets/application.self-e80e8f2318043e8af94dddc2adad5a4f09739a8ebb323b3ab31cd71d45fd9113.css?body=1" for 127.0.0.1 at 2017-03-20 21:28:38 +0100


Started GET "/assets/jquery_ujs.self-784a997f6726036b1993eb2217c9cb558e1cbb801c6da88105588c56f13b466a.js?body=1" for 127.0.0.1 at 2017-03-20 21:28:39 +0100


Started GET "/assets/blogs.self-877aef30ae1b040ab8a3aba4e3e309a11d7f2612f44dde450b5c157aa5f95c05.js?body=1" for 127.0.0.1 at 2017-03-20 21:28:39 +0100


Started GET "/assets/homepage.self-877aef30ae1b040ab8a3aba4e3e309a11d7f2612f44dde450b5c157aa5f95c05.js?body=1" for 127.0.0.1 at 2017-03-20 21:28:39 +0100


Started GET "/assets/posts.self-877aef30ae1b040ab8a3aba4e3e309a11d7f2612f44dde450b5c157aa5f95c05.js?body=1" for 127.0.0.1 at 2017-03-20 21:28:39 +0100


Started GET "/assets/users.self-877aef30ae1b040ab8a3aba4e3e309a11d7f2612f44dde450b5c157aa5f95c05.js?body=1" for 127.0.0.1 at 2017-03-20 21:28:39 +0100


Started GET "/assets/application.self-3b8dabdc891efe46b9a144b400ad69e37d7e5876bdc39dee783419a69d7ca819.js?body=1" for 127.0.0.1 at 2017-03-20 21:28:39 +0100


Started GET "/post/new" for 127.0.0.1 at 2017-03-20 21:28:50 +0100
Processing by PostsController#new as HTML
  Rendered posts/new.html.erb within layouts/application (126.5ms)
Completed 500 Internal Server Error in 133ms (ActiveRecord: 0.0ms)

ActionView::Template::Error (undefined method `title' for #<ActionView::Helpers::FormBuilder:0x007fb1b41ffe10>):
    4: 	<%= p.text_field :title %>
    5: 
    6: 	<%= p.fields_for :tags do |t| %>
    7: 		<%= t.title %>
    8: 	<% end %>
    9: 
   10: 	<%= p.submit %>
  app/views/posts/new.html.erb:7:in `block (2 levels) in _app_views_posts_new_html_erb___1262603085794157508_70200603519200'
  app/views/posts/new.html.erb:6:in `block in _app_views_posts_new_html_erb___1262603085794157508_70200603519200'
  app/views/posts/new.html.erb:1:in `_app_views_posts_new_html_erb___1262603085794157508_70200603519200'




Started GET "/post/new" for 127.0.0.1 at 2017-03-20 21:29:35 +0100
Processing by PostsController#new as HTML
  Rendered posts/new.html.erb within layouts/application (38.5ms)
  Rendered layouts/_main_menu.html.erb (1.3ms)
Completed 200 OK in 335ms (Views: 324.8ms | ActiveRecord: 0.0ms)


Started GET "/assets/blogs.self-e3b0c44298fc1c149afbf4c8996fb92427ae41e4649b934ca495991b7852b855.css?body=1" for 127.0.0.1 at 2017-03-20 21:29:36 +0100


Started GET "/assets/users.self-e3b0c44298fc1c149afbf4c8996fb92427ae41e4649b934ca495991b7852b855.css?body=1" for 127.0.0.1 at 2017-03-20 21:29:36 +0100


Started GET "/assets/homepage.self-e3b0c44298fc1c149afbf4c8996fb92427ae41e4649b934ca495991b7852b855.css?body=1" for 127.0.0.1 at 2017-03-20 21:29:36 +0100


Started GET "/assets/posts.self-e3b0c44298fc1c149afbf4c8996fb92427ae41e4649b934ca495991b7852b855.css?body=1" for 127.0.0.1 at 2017-03-20 21:29:36 +0100


Started GET "/assets/application.self-e80e8f2318043e8af94dddc2adad5a4f09739a8ebb323b3ab31cd71d45fd9113.css?body=1" for 127.0.0.1 at 2017-03-20 21:29:36 +0100


Started GET "/assets/jquery_ujs.self-784a997f6726036b1993eb2217c9cb558e1cbb801c6da88105588c56f13b466a.js?body=1" for 127.0.0.1 at 2017-03-20 21:29:36 +0100


Started GET "/assets/jquery.self-bd7ddd393353a8d2480a622e80342adf488fb6006d667e8b42e4c0073393abee.js?body=1" for 127.0.0.1 at 2017-03-20 21:29:36 +0100


Started GET "/assets/blogs.self-877aef30ae1b040ab8a3aba4e3e309a11d7f2612f44dde450b5c157aa5f95c05.js?body=1" for 127.0.0.1 at 2017-03-20 21:29:36 +0100


Started GET "/assets/turbolinks.self-c5acd7a204f5f25ce7a1d8a0e4d92e28d34c9e2df2c7371cd7af88e147e4ad82.js?body=1" for 127.0.0.1 at 2017-03-20 21:29:36 +0100


Started GET "/assets/homepage.self-877aef30ae1b040ab8a3aba4e3e309a11d7f2612f44dde450b5c157aa5f95c05.js?body=1" for 127.0.0.1 at 2017-03-20 21:29:36 +0100


Started GET "/assets/posts.self-877aef30ae1b040ab8a3aba4e3e309a11d7f2612f44dde450b5c157aa5f95c05.js?body=1" for 127.0.0.1 at 2017-03-20 21:29:36 +0100


Started GET "/assets/users.self-877aef30ae1b040ab8a3aba4e3e309a11d7f2612f44dde450b5c157aa5f95c05.js?body=1" for 127.0.0.1 at 2017-03-20 21:29:36 +0100


Started GET "/assets/application.self-3b8dabdc891efe46b9a144b400ad69e37d7e5876bdc39dee783419a69d7ca819.js?body=1" for 127.0.0.1 at 2017-03-20 21:29:36 +0100


Started POST "/post" for 127.0.0.1 at 2017-03-20 21:29:50 +0100
Processing by PostsController#create as HTML
  Parameters: {"utf8"=>"✓", "authenticity_token"=>"FA1Sq20tph6TD8XKVqnVknqepZg4nzFBzaf3ndIZwsWkrcXgkSWvkv6GMuIUjmAiHWHpDVj/A6/t/gLmv/yIqQ==", "post"=>{"title"=>"kokot", "tags"=>{"title"=>"tag"}}, "commit"=>"Create Post"}
Unpermitted parameter: tags
  [1m[35m (0.2ms)[0m  begin transaction
  [1m[36mSQL (6.2ms)[0m  [1mINSERT INTO "posts" ("title", "created_at", "updated_at") VALUES (?, ?, ?)[0m  [["title", "kokot"], ["created_at", "2017-03-20 20:29:50.975134"], ["updated_at", "2017-03-20 20:29:50.975134"]]
  [1m[35m (6.6ms)[0m  commit transaction
Redirected to http://0.0.0.0:3000/post
Filter chain halted as :create_action rendered or redirected
Completed 302 Found in 57ms (ActiveRecord: 13.1ms)


Started GET "/post" for 127.0.0.1 at 2017-03-20 21:29:51 +0100
Processing by PostsController#index as HTML
  [1m[36mPost Load (0.5ms)[0m  [1mSELECT "posts".* FROM "posts"[0m
  Rendered posts/index.html.erb within layouts/application (31.3ms)
  Rendered layouts/_main_menu.html.erb (11.0ms)
Completed 200 OK in 225ms (Views: 223.0ms | ActiveRecord: 0.5ms)
  [1m[36mTag Load (1.1ms)[0m  [1mSELECT "tags".* FROM "tags"[0m


Started GET "/post" for 127.0.0.1 at 2017-03-20 21:32:08 +0100
Processing by PostsController#index as HTML
  [1m[35mPost Load (1.1ms)[0m  SELECT "posts".* FROM "posts"
  Rendered posts/index.html.erb within layouts/application (42.7ms)
  Rendered layouts/_main_menu.html.erb (8.6ms)
Completed 200 OK in 270ms (Views: 255.0ms | ActiveRecord: 2.6ms)


Started GET "/assets/blogs.self-e3b0c44298fc1c149afbf4c8996fb92427ae41e4649b934ca495991b7852b855.css?body=1" for 127.0.0.1 at 2017-03-20 21:32:08 +0100


Started GET "/assets/homepage.self-e3b0c44298fc1c149afbf4c8996fb92427ae41e4649b934ca495991b7852b855.css?body=1" for 127.0.0.1 at 2017-03-20 21:32:09 +0100


Started GET "/assets/posts.self-e3b0c44298fc1c149afbf4c8996fb92427ae41e4649b934ca495991b7852b855.css?body=1" for 127.0.0.1 at 2017-03-20 21:32:09 +0100


Started GET "/assets/application.self-e80e8f2318043e8af94dddc2adad5a4f09739a8ebb323b3ab31cd71d45fd9113.css?body=1" for 127.0.0.1 at 2017-03-20 21:32:09 +0100


Started GET "/assets/users.self-e3b0c44298fc1c149afbf4c8996fb92427ae41e4649b934ca495991b7852b855.css?body=1" for 127.0.0.1 at 2017-03-20 21:32:09 +0100


Started GET "/assets/jquery_ujs.self-784a997f6726036b1993eb2217c9cb558e1cbb801c6da88105588c56f13b466a.js?body=1" for 127.0.0.1 at 2017-03-20 21:32:09 +0100


Started GET "/assets/turbolinks.self-c5acd7a204f5f25ce7a1d8a0e4d92e28d34c9e2df2c7371cd7af88e147e4ad82.js?body=1" for 127.0.0.1 at 2017-03-20 21:32:09 +0100


Started GET "/assets/blogs.self-877aef30ae1b040ab8a3aba4e3e309a11d7f2612f44dde450b5c157aa5f95c05.js?body=1" for 127.0.0.1 at 2017-03-20 21:32:09 +0100


Started GET "/assets/jquery.self-bd7ddd393353a8d2480a622e80342adf488fb6006d667e8b42e4c0073393abee.js?body=1" for 127.0.0.1 at 2017-03-20 21:32:09 +0100


Started GET "/assets/homepage.self-877aef30ae1b040ab8a3aba4e3e309a11d7f2612f44dde450b5c157aa5f95c05.js?body=1" for 127.0.0.1 at 2017-03-20 21:32:09 +0100


Started GET "/assets/posts.self-877aef30ae1b040ab8a3aba4e3e309a11d7f2612f44dde450b5c157aa5f95c05.js?body=1" for 127.0.0.1 at 2017-03-20 21:32:09 +0100


Started GET "/assets/users.self-877aef30ae1b040ab8a3aba4e3e309a11d7f2612f44dde450b5c157aa5f95c05.js?body=1" for 127.0.0.1 at 2017-03-20 21:32:09 +0100


Started GET "/assets/application.self-3b8dabdc891efe46b9a144b400ad69e37d7e5876bdc39dee783419a69d7ca819.js?body=1" for 127.0.0.1 at 2017-03-20 21:32:09 +0100


Started GET "/post/new" for 127.0.0.1 at 2017-03-20 21:32:24 +0100
Processing by PostsController#new as HTML
  Rendered posts/new.html.erb within layouts/application (116.3ms)
Completed 500 Internal Server Error in 127ms (ActiveRecord: 0.0ms)

ActionView::Template::Error (Could not find the source association(s) "tag" or :tags in model PostTag. Try 'has_many :tags, :through => :post_tags, :source => <name>'. Is it one of ?):
    3: 	<%= p.label :title %>
    4: 	<%= p.text_field :title %>
    5: 
    6: 	<%= p.fields_for :tags do |t| %>
    7: 		<%= t.label :title %>
    8: 		<%= t.text_field :title %>
    9: 	<% end %>
  app/views/posts/new.html.erb:6:in `block in _app_views_posts_new_html_erb___1262603085794157508_70200606769200'
  app/views/posts/new.html.erb:1:in `_app_views_posts_new_html_erb___1262603085794157508_70200606769200'




Started GET "/post/new" for 127.0.0.1 at 2017-03-20 21:42:08 +0100
Processing by PostsController#new as HTML
  Rendered posts/new.html.erb within layouts/application (25.5ms)
  Rendered layouts/_main_menu.html.erb (1.3ms)
Completed 200 OK in 239ms (Views: 199.6ms | ActiveRecord: 18.4ms)


Started GET "/assets/blogs.self-e3b0c44298fc1c149afbf4c8996fb92427ae41e4649b934ca495991b7852b855.css?body=1" for 127.0.0.1 at 2017-03-20 21:42:09 +0100


Started GET "/assets/homepage.self-e3b0c44298fc1c149afbf4c8996fb92427ae41e4649b934ca495991b7852b855.css?body=1" for 127.0.0.1 at 2017-03-20 21:42:09 +0100


Started GET "/assets/posts.self-e3b0c44298fc1c149afbf4c8996fb92427ae41e4649b934ca495991b7852b855.css?body=1" for 127.0.0.1 at 2017-03-20 21:42:09 +0100


Started GET "/assets/users.self-e3b0c44298fc1c149afbf4c8996fb92427ae41e4649b934ca495991b7852b855.css?body=1" for 127.0.0.1 at 2017-03-20 21:42:09 +0100


Started GET "/assets/application.self-e80e8f2318043e8af94dddc2adad5a4f09739a8ebb323b3ab31cd71d45fd9113.css?body=1" for 127.0.0.1 at 2017-03-20 21:42:09 +0100


Started GET "/assets/jquery.self-bd7ddd393353a8d2480a622e80342adf488fb6006d667e8b42e4c0073393abee.js?body=1" for 127.0.0.1 at 2017-03-20 21:42:09 +0100


Started GET "/assets/jquery_ujs.self-784a997f6726036b1993eb2217c9cb558e1cbb801c6da88105588c56f13b466a.js?body=1" for 127.0.0.1 at 2017-03-20 21:42:09 +0100


Started GET "/assets/turbolinks.self-c5acd7a204f5f25ce7a1d8a0e4d92e28d34c9e2df2c7371cd7af88e147e4ad82.js?body=1" for 127.0.0.1 at 2017-03-20 21:42:09 +0100


Started GET "/assets/blogs.self-877aef30ae1b040ab8a3aba4e3e309a11d7f2612f44dde450b5c157aa5f95c05.js?body=1" for 127.0.0.1 at 2017-03-20 21:42:09 +0100


Started GET "/assets/homepage.self-877aef30ae1b040ab8a3aba4e3e309a11d7f2612f44dde450b5c157aa5f95c05.js?body=1" for 127.0.0.1 at 2017-03-20 21:42:09 +0100


Started GET "/assets/posts.self-877aef30ae1b040ab8a3aba4e3e309a11d7f2612f44dde450b5c157aa5f95c05.js?body=1" for 127.0.0.1 at 2017-03-20 21:42:09 +0100


Started GET "/assets/users.self-877aef30ae1b040ab8a3aba4e3e309a11d7f2612f44dde450b5c157aa5f95c05.js?body=1" for 127.0.0.1 at 2017-03-20 21:42:09 +0100


Started GET "/assets/application.self-3b8dabdc891efe46b9a144b400ad69e37d7e5876bdc39dee783419a69d7ca819.js?body=1" for 127.0.0.1 at 2017-03-20 21:42:09 +0100


Started POST "/post" for 127.0.0.1 at 2017-03-20 21:42:50 +0100
Processing by PostsController#create as HTML
  Parameters: {"utf8"=>"✓", "authenticity_token"=>"XBqRzExyrrbvq0o8TIGvnQFsacwb6g1Y6WrVUUH7YpTsugaHsHqnOoIivRQOphotZpMlWXuKP7bJMyAqLB4o+A==", "post"=>{"title"=>"ghfgh", "tags"=>{"title"=>"fghgh"}}, "commit"=>"Create Post"}
Unpermitted parameter: tags
  [1m[36m (0.2ms)[0m  [1mbegin transaction[0m
  [1m[35mSQL (2.8ms)[0m  INSERT INTO "posts" ("title", "created_at", "updated_at") VALUES (?, ?, ?)  [["title", "ghfgh"], ["created_at", "2017-03-20 20:42:50.339608"], ["updated_at", "2017-03-20 20:42:50.339608"]]
  [1m[36m (7.0ms)[0m  [1mcommit transaction[0m
Redirected to http://0.0.0.0:3000/post
Filter chain halted as :create_action rendered or redirected
Completed 302 Found in 32ms (ActiveRecord: 10.0ms)


Started GET "/post" for 127.0.0.1 at 2017-03-20 21:42:50 +0100
Processing by PostsController#index as HTML
  [1m[35mPost Load (0.6ms)[0m  SELECT "posts".* FROM "posts"
  Rendered posts/index.html.erb within layouts/application (19.0ms)
  Rendered layouts/_main_menu.html.erb (1.4ms)
Completed 200 OK in 221ms (Views: 219.2ms | ActiveRecord: 0.6ms)


Started GET "/post/new" for 127.0.0.1 at 2017-03-20 21:43:30 +0100
Processing by PostsController#new as HTML
  Rendered posts/new.html.erb within layouts/application (48.3ms)
  Rendered layouts/_main_menu.html.erb (9.8ms)
Completed 200 OK in 268ms (Views: 233.4ms | ActiveRecord: 10.2ms)


Started POST "/post" for 127.0.0.1 at 2017-03-20 21:43:39 +0100
Processing by PostsController#create as HTML
  Parameters: {"utf8"=>"✓", "authenticity_token"=>"pbw2gt8rv/VvDdw9pUCA2mtyRGfL1A4BT4f00Mnk0TUVHKHJIyO2eQKEKxXnZzVqDI0I8qu0PO9v3gGrpAGbWQ==", "post"=>{"title"=>"gfgh", "tags"=>{"title"=>"hghg"}}, "commit"=>"Create Post"}
Completed 500 Internal Server Error in 43ms (ActiveRecord: 0.0ms)

ActiveRecord::HasManyThroughSourceAssociationNotFoundError (Could not find the source association(s) "tag" or :tags in model PostTag. Try 'has_many :tags, :through => :post_tags, :source => <name>'. Is it one of ?):
  app/controllers/application_controller.rb:33:in `create_action'




Started POST "/post" for 127.0.0.1 at 2017-03-20 21:47:23 +0100
Processing by PostsController#create as HTML
  Parameters: {"utf8"=>"✓", "authenticity_token"=>"pbw2gt8rv/VvDdw9pUCA2mtyRGfL1A4BT4f00Mnk0TUVHKHJIyO2eQKEKxXnZzVqDI0I8qu0PO9v3gGrpAGbWQ==", "post"=>{"title"=>"gfgh", "tags"=>{"title"=>"hghg"}}, "commit"=>"Create Post"}
Completed 500 Internal Server Error in 93ms (ActiveRecord: 2.2ms)

ActiveRecord::AssociationTypeMismatch (Tag(#70200713691300) expected, got Array(#70200824045640)):
  app/controllers/application_controller.rb:33:in `create_action'




Started POST "/post" for 127.0.0.1 at 2017-03-20 21:48:44 +0100
Processing by PostsController#create as HTML
  Parameters: {"utf8"=>"✓", "authenticity_token"=>"pbw2gt8rv/VvDdw9pUCA2mtyRGfL1A4BT4f00Mnk0TUVHKHJIyO2eQKEKxXnZzVqDI0I8qu0PO9v3gGrpAGbWQ==", "post"=>{"title"=>"gfgh", "tags"=>{"title"=>"hghg"}}, "commit"=>"Create Post"}
Unpermitted parameter: title
Completed 500 Internal Server Error in 48ms (ActiveRecord: 2.0ms)

TypeError (no implicit conversion of ActionController::Parameters into Array):
  app/controllers/application_controller.rb:33:in `create_action'




Started POST "/post" for 127.0.0.1 at 2017-03-20 21:50:33 +0100
Processing by PostsController#create as HTML
  Parameters: {"utf8"=>"✓", "authenticity_token"=>"pbw2gt8rv/VvDdw9pUCA2mtyRGfL1A4BT4f00Mnk0TUVHKHJIyO2eQKEKxXnZzVqDI0I8qu0PO9v3gGrpAGbWQ==", "post"=>{"title"=>"gfgh", "tags"=>{"title"=>"hghg"}}, "commit"=>"Create Post"}
Completed 500 Internal Server Error in 65ms (ActiveRecord: 6.1ms)

ActiveRecord::AssociationTypeMismatch (Tag(#70200536466020) expected, got Array(#70200824045640)):
  app/controllers/application_controller.rb:33:in `create_action'




Started POST "/post" for 127.0.0.1 at 2017-03-20 21:51:16 +0100
Processing by PostsController#create as HTML
  Parameters: {"utf8"=>"✓", "authenticity_token"=>"pbw2gt8rv/VvDdw9pUCA2mtyRGfL1A4BT4f00Mnk0TUVHKHJIyO2eQKEKxXnZzVqDI0I8qu0PO9v3gGrpAGbWQ==", "post"=>{"title"=>"gfgh", "tags"=>{"title"=>"hghg"}}, "commit"=>"Create Post"}
Completed 500 Internal Server Error in 76ms (ActiveRecord: 1.9ms)

ActiveRecord::AssociationTypeMismatch (Tag(#70200608316360) expected, got Array(#70200824045640)):
  app/controllers/application_controller.rb:33:in `create_action'




Started POST "/post" for 127.0.0.1 at 2017-03-20 21:51:30 +0100
Processing by PostsController#create as HTML
  Parameters: {"utf8"=>"✓", "authenticity_token"=>"pbw2gt8rv/VvDdw9pUCA2mtyRGfL1A4BT4f00Mnk0TUVHKHJIyO2eQKEKxXnZzVqDI0I8qu0PO9v3gGrpAGbWQ==", "post"=>{"title"=>"gfgh", "tags"=>{"title"=>"hghg"}}, "commit"=>"Create Post"}
Completed 500 Internal Server Error in 111ms (ActiveRecord: 6.3ms)

ActiveRecord::AssociationTypeMismatch (Tag(#70200605597900) expected, got Array(#70200824045640)):
  app/controllers/application_controller.rb:33:in `create_action'




Started POST "/post" for 127.0.0.1 at 2017-03-20 21:52:33 +0100
Processing by PostsController#create as HTML
  Parameters: {"utf8"=>"✓", "authenticity_token"=>"pbw2gt8rv/VvDdw9pUCA2mtyRGfL1A4BT4f00Mnk0TUVHKHJIyO2eQKEKxXnZzVqDI0I8qu0PO9v3gGrpAGbWQ==", "post"=>{"title"=>"gfgh", "tags"=>{"title"=>"hghg"}}, "commit"=>"Create Post"}
Completed 500 Internal Server Error in 68ms (ActiveRecord: 9.3ms)

ActiveRecord::AssociationTypeMismatch (Tag(#70200717076160) expected, got Array(#70200824045640)):
  app/controllers/application_controller.rb:33:in `create_action'




Started POST "/post" for 127.0.0.1 at 2017-03-20 21:53:38 +0100
Processing by PostsController#create as HTML
  Parameters: {"utf8"=>"✓", "authenticity_token"=>"pbw2gt8rv/VvDdw9pUCA2mtyRGfL1A4BT4f00Mnk0TUVHKHJIyO2eQKEKxXnZzVqDI0I8qu0PO9v3gGrpAGbWQ==", "post"=>{"title"=>"gfgh", "tags"=>{"title"=>"hghg"}}, "commit"=>"Create Post"}
Unpermitted parameter: tags
  [1m[36m (8.4ms)[0m  [1mbegin transaction[0m
  [1m[35mSQL (1.9ms)[0m  INSERT INTO "posts" ("title", "created_at", "updated_at") VALUES (?, ?, ?)  [["title", "gfgh"], ["created_at", "2017-03-20 20:53:39.105222"], ["updated_at", "2017-03-20 20:53:39.105222"]]
  [1m[36m (25.1ms)[0m  [1mcommit transaction[0m
Redirected to http://0.0.0.0:3000/post
Filter chain halted as :create_action rendered or redirected
Completed 302 Found in 77ms (ActiveRecord: 37.5ms)


Started GET "/post" for 127.0.0.1 at 2017-03-20 21:53:39 +0100
Processing by PostsController#index as HTML
  [1m[35mPost Load (0.6ms)[0m  SELECT "posts".* FROM "posts"
  Rendered posts/index.html.erb within layouts/application (8.6ms)
  Rendered layouts/_main_menu.html.erb (1.5ms)
Completed 200 OK in 173ms (Views: 170.7ms | ActiveRecord: 0.6ms)


Started GET "/assets/blogs.self-e3b0c44298fc1c149afbf4c8996fb92427ae41e4649b934ca495991b7852b855.css?body=1" for 127.0.0.1 at 2017-03-20 21:53:39 +0100


Started GET "/assets/homepage.self-e3b0c44298fc1c149afbf4c8996fb92427ae41e4649b934ca495991b7852b855.css?body=1" for 127.0.0.1 at 2017-03-20 21:53:39 +0100


Started GET "/assets/posts.self-e3b0c44298fc1c149afbf4c8996fb92427ae41e4649b934ca495991b7852b855.css?body=1" for 127.0.0.1 at 2017-03-20 21:53:39 +0100


Started GET "/assets/users.self-e3b0c44298fc1c149afbf4c8996fb92427ae41e4649b934ca495991b7852b855.css?body=1" for 127.0.0.1 at 2017-03-20 21:53:39 +0100


Started GET "/assets/application.self-e80e8f2318043e8af94dddc2adad5a4f09739a8ebb323b3ab31cd71d45fd9113.css?body=1" for 127.0.0.1 at 2017-03-20 21:53:39 +0100


Started GET "/assets/blogs.self-877aef30ae1b040ab8a3aba4e3e309a11d7f2612f44dde450b5c157aa5f95c05.js?body=1" for 127.0.0.1 at 2017-03-20 21:53:39 +0100


Started GET "/assets/turbolinks.self-c5acd7a204f5f25ce7a1d8a0e4d92e28d34c9e2df2c7371cd7af88e147e4ad82.js?body=1" for 127.0.0.1 at 2017-03-20 21:53:39 +0100


Started GET "/assets/jquery_ujs.self-784a997f6726036b1993eb2217c9cb558e1cbb801c6da88105588c56f13b466a.js?body=1" for 127.0.0.1 at 2017-03-20 21:53:39 +0100


Started GET "/assets/jquery.self-bd7ddd393353a8d2480a622e80342adf488fb6006d667e8b42e4c0073393abee.js?body=1" for 127.0.0.1 at 2017-03-20 21:53:39 +0100


Started GET "/assets/homepage.self-877aef30ae1b040ab8a3aba4e3e309a11d7f2612f44dde450b5c157aa5f95c05.js?body=1" for 127.0.0.1 at 2017-03-20 21:53:39 +0100


Started GET "/assets/posts.self-877aef30ae1b040ab8a3aba4e3e309a11d7f2612f44dde450b5c157aa5f95c05.js?body=1" for 127.0.0.1 at 2017-03-20 21:53:39 +0100


Started GET "/assets/users.self-877aef30ae1b040ab8a3aba4e3e309a11d7f2612f44dde450b5c157aa5f95c05.js?body=1" for 127.0.0.1 at 2017-03-20 21:53:39 +0100


Started GET "/assets/application.self-3b8dabdc891efe46b9a144b400ad69e37d7e5876bdc39dee783419a69d7ca819.js?body=1" for 127.0.0.1 at 2017-03-20 21:53:39 +0100
  [1m[35mTag Load (0.5ms)[0m  SELECT "tags".* FROM "tags"


Started GET "/post/new" for 127.0.0.1 at 2017-03-20 21:53:58 +0100
Processing by PostsController#new as HTML
  Rendered posts/new.html.erb within layouts/application (94.7ms)
  Rendered layouts/_main_menu.html.erb (1.2ms)
Completed 200 OK in 228ms (Views: 225.6ms | ActiveRecord: 0.9ms)


Started GET "/post/new" for 127.0.0.1 at 2017-03-20 21:58:51 +0100
Processing by PostsController#new as HTML
  Rendered posts/new.html.erb within layouts/application (20.7ms)
  Rendered layouts/_main_menu.html.erb (1.3ms)
Completed 200 OK in 342ms (Views: 227.8ms | ActiveRecord: 3.7ms)


Started GET "/assets/blogs.self-e3b0c44298fc1c149afbf4c8996fb92427ae41e4649b934ca495991b7852b855.css?body=1" for 127.0.0.1 at 2017-03-20 21:58:51 +0100


Started GET "/assets/homepage.self-e3b0c44298fc1c149afbf4c8996fb92427ae41e4649b934ca495991b7852b855.css?body=1" for 127.0.0.1 at 2017-03-20 21:58:51 +0100


Started GET "/assets/posts.self-e3b0c44298fc1c149afbf4c8996fb92427ae41e4649b934ca495991b7852b855.css?body=1" for 127.0.0.1 at 2017-03-20 21:58:51 +0100


Started GET "/assets/users.self-e3b0c44298fc1c149afbf4c8996fb92427ae41e4649b934ca495991b7852b855.css?body=1" for 127.0.0.1 at 2017-03-20 21:58:51 +0100


Started GET "/assets/jquery.self-bd7ddd393353a8d2480a622e80342adf488fb6006d667e8b42e4c0073393abee.js?body=1" for 127.0.0.1 at 2017-03-20 21:58:52 +0100


Started GET "/assets/jquery_ujs.self-784a997f6726036b1993eb2217c9cb558e1cbb801c6da88105588c56f13b466a.js?body=1" for 127.0.0.1 at 2017-03-20 21:58:52 +0100


Started GET "/assets/application.self-e80e8f2318043e8af94dddc2adad5a4f09739a8ebb323b3ab31cd71d45fd9113.css?body=1" for 127.0.0.1 at 2017-03-20 21:58:52 +0100


Started GET "/assets/blogs.self-877aef30ae1b040ab8a3aba4e3e309a11d7f2612f44dde450b5c157aa5f95c05.js?body=1" for 127.0.0.1 at 2017-03-20 21:58:52 +0100


Started GET "/assets/turbolinks.self-c5acd7a204f5f25ce7a1d8a0e4d92e28d34c9e2df2c7371cd7af88e147e4ad82.js?body=1" for 127.0.0.1 at 2017-03-20 21:58:52 +0100


Started GET "/assets/homepage.self-877aef30ae1b040ab8a3aba4e3e309a11d7f2612f44dde450b5c157aa5f95c05.js?body=1" for 127.0.0.1 at 2017-03-20 21:58:52 +0100


Started GET "/assets/posts.self-877aef30ae1b040ab8a3aba4e3e309a11d7f2612f44dde450b5c157aa5f95c05.js?body=1" for 127.0.0.1 at 2017-03-20 21:58:52 +0100


Started GET "/assets/users.self-877aef30ae1b040ab8a3aba4e3e309a11d7f2612f44dde450b5c157aa5f95c05.js?body=1" for 127.0.0.1 at 2017-03-20 21:58:52 +0100


Started GET "/assets/application.self-3b8dabdc891efe46b9a144b400ad69e37d7e5876bdc39dee783419a69d7ca819.js?body=1" for 127.0.0.1 at 2017-03-20 21:58:52 +0100


Started POST "/post" for 127.0.0.1 at 2017-03-20 21:59:04 +0100
Processing by PostsController#create as HTML
  Parameters: {"utf8"=>"✓", "authenticity_token"=>"R+3Lha2yHtxrIkbTlD7IIWLWptPOB9AO5J8ls9DsKCH3TVzOUboXUAarsfvWGX2RBSnqRq5n4uDExtDIvQliTQ==", "post"=>{"title"=>"kokot", "tags_attributes"=>{"0"=>{"title"=>"tag"}}}, "commit"=>"Create Post"}
Unpermitted parameter: tags_attributes
  [1m[36m (0.2ms)[0m  [1mbegin transaction[0m
  [1m[35mSQL (0.9ms)[0m  INSERT INTO "posts" ("title", "created_at", "updated_at") VALUES (?, ?, ?)  [["title", "kokot"], ["created_at", "2017-03-20 20:59:04.416611"], ["updated_at", "2017-03-20 20:59:04.416611"]]
  [1m[36m (11.7ms)[0m  [1mcommit transaction[0m
Redirected to http://0.0.0.0:3000/post
Filter chain halted as :create_action rendered or redirected
Completed 302 Found in 23ms (ActiveRecord: 12.8ms)


Started GET "/post" for 127.0.0.1 at 2017-03-20 21:59:04 +0100
Processing by PostsController#index as HTML
  [1m[35mPost Load (0.6ms)[0m  SELECT "posts".* FROM "posts"
  Rendered posts/index.html.erb within layouts/application (2.6ms)
  Rendered layouts/_main_menu.html.erb (1.5ms)
Completed 200 OK in 77ms (Views: 75.2ms | ActiveRecord: 0.6ms)
  [1m[36mTag Load (0.5ms)[0m  [1mSELECT "tags".* FROM "tags"[0m


Started GET "/post/new" for 127.0.0.1 at 2017-03-20 22:00:39 +0100
Processing by PostsController#new as HTML
  Rendered posts/new.html.erb within layouts/application (11.3ms)
  Rendered layouts/_main_menu.html.erb (1.3ms)
Completed 200 OK in 254ms (Views: 157.8ms | ActiveRecord: 3.3ms)


Started POST "/post" for 127.0.0.1 at 2017-03-20 22:00:48 +0100
Processing by PostsController#create as HTML
  Parameters: {"utf8"=>"✓", "authenticity_token"=>"2acojAuS937S/WYPvkCuC8eN1k1JbnLv4SZVLwHz1XxpB7/H95r+8r90kSf8Zxu7oHKa2CkOQAHBf6BUbBafEA==", "post"=>{"title"=>"dfg", "tags_attributes"=>{"0"=>{"title"=>"gfdg"}}}, "commit"=>"Create Post"}
Unpermitted parameter: tags_attributes
  [1m[36m (0.4ms)[0m  [1mbegin transaction[0m
  [1m[35mSQL (14.2ms)[0m  INSERT INTO "posts" ("title", "created_at", "updated_at") VALUES (?, ?, ?)  [["title", "dfg"], ["created_at", "2017-03-20 21:00:49.051457"], ["updated_at", "2017-03-20 21:00:49.051457"]]
  [1m[36m (11.2ms)[0m  [1mcommit transaction[0m
Redirected to http://0.0.0.0:3000/post
Filter chain halted as :create_action rendered or redirected
Completed 302 Found in 59ms (ActiveRecord: 25.8ms)


Started GET "/post" for 127.0.0.1 at 2017-03-20 22:00:49 +0100
Processing by PostsController#index as HTML
  [1m[35mPost Load (0.6ms)[0m  SELECT "posts".* FROM "posts"
  Rendered posts/index.html.erb within layouts/application (17.9ms)
  Rendered layouts/_main_menu.html.erb (1.4ms)
Completed 200 OK in 176ms (Views: 173.9ms | ActiveRecord: 0.6ms)


Started GET "/post" for 127.0.0.1 at 2017-03-20 22:01:35 +0100
Processing by PostsController#index as HTML
  [1m[36mPost Load (1.2ms)[0m  [1mSELECT "posts".* FROM "posts"[0m
  Rendered posts/index.html.erb within layouts/application (52.9ms)
  Rendered layouts/_main_menu.html.erb (13.2ms)
Completed 200 OK in 323ms (Views: 316.2ms | ActiveRecord: 2.4ms)


Started GET "/assets/blogs.self-e3b0c44298fc1c149afbf4c8996fb92427ae41e4649b934ca495991b7852b855.css?body=1" for 127.0.0.1 at 2017-03-20 22:01:36 +0100


Started GET "/assets/homepage.self-e3b0c44298fc1c149afbf4c8996fb92427ae41e4649b934ca495991b7852b855.css?body=1" for 127.0.0.1 at 2017-03-20 22:01:36 +0100


Started GET "/assets/posts.self-e3b0c44298fc1c149afbf4c8996fb92427ae41e4649b934ca495991b7852b855.css?body=1" for 127.0.0.1 at 2017-03-20 22:01:36 +0100


Started GET "/assets/application.self-e80e8f2318043e8af94dddc2adad5a4f09739a8ebb323b3ab31cd71d45fd9113.css?body=1" for 127.0.0.1 at 2017-03-20 22:01:36 +0100


Started GET "/assets/jquery_ujs.self-784a997f6726036b1993eb2217c9cb558e1cbb801c6da88105588c56f13b466a.js?body=1" for 127.0.0.1 at 2017-03-20 22:01:36 +0100


Started GET "/assets/users.self-e3b0c44298fc1c149afbf4c8996fb92427ae41e4649b934ca495991b7852b855.css?body=1" for 127.0.0.1 at 2017-03-20 22:01:36 +0100


Started GET "/assets/jquery.self-bd7ddd393353a8d2480a622e80342adf488fb6006d667e8b42e4c0073393abee.js?body=1" for 127.0.0.1 at 2017-03-20 22:01:36 +0100


Started GET "/assets/blogs.self-877aef30ae1b040ab8a3aba4e3e309a11d7f2612f44dde450b5c157aa5f95c05.js?body=1" for 127.0.0.1 at 2017-03-20 22:01:36 +0100


Started GET "/assets/turbolinks.self-c5acd7a204f5f25ce7a1d8a0e4d92e28d34c9e2df2c7371cd7af88e147e4ad82.js?body=1" for 127.0.0.1 at 2017-03-20 22:01:36 +0100


Started GET "/assets/homepage.self-877aef30ae1b040ab8a3aba4e3e309a11d7f2612f44dde450b5c157aa5f95c05.js?body=1" for 127.0.0.1 at 2017-03-20 22:01:36 +0100


Started GET "/assets/posts.self-877aef30ae1b040ab8a3aba4e3e309a11d7f2612f44dde450b5c157aa5f95c05.js?body=1" for 127.0.0.1 at 2017-03-20 22:01:36 +0100


Started GET "/assets/users.self-877aef30ae1b040ab8a3aba4e3e309a11d7f2612f44dde450b5c157aa5f95c05.js?body=1" for 127.0.0.1 at 2017-03-20 22:01:36 +0100


Started GET "/assets/application.self-3b8dabdc891efe46b9a144b400ad69e37d7e5876bdc39dee783419a69d7ca819.js?body=1" for 127.0.0.1 at 2017-03-20 22:01:36 +0100


Started GET "/post/new" for 127.0.0.1 at 2017-03-20 22:01:45 +0100
Processing by PostsController#new as HTML
  Rendered posts/new.html.erb within layouts/application (25.1ms)
  Rendered layouts/_main_menu.html.erb (5.7ms)
Completed 200 OK in 288ms (Views: 209.7ms | ActiveRecord: 1.2ms)


Started POST "/post" for 127.0.0.1 at 2017-03-20 22:01:52 +0100
Processing by PostsController#create as HTML
  Parameters: {"utf8"=>"✓", "authenticity_token"=>"lpd1LRd8SoZ/2KSIhhwf9gSwDj+XBIH0i/kWNAXlWYEmN+Jm63RDChJRU6DEO6pGY09CqvdksxqroONPaAAT7Q==", "post"=>{"title"=>"hjjk", "tags_attributes"=>{"0"=>{"title"=>"jhkhjk"}}}, "commit"=>"Create Post"}
Unpermitted parameter: tags_attributes
  [1m[35m (0.3ms)[0m  begin transaction
  [1m[36mSQL (14.8ms)[0m  [1mINSERT INTO "posts" ("title", "created_at", "updated_at") VALUES (?, ?, ?)[0m  [["title", "hjjk"], ["created_at", "2017-03-20 21:01:52.800771"], ["updated_at", "2017-03-20 21:01:52.800771"]]
  [1m[35m (8.1ms)[0m  commit transaction
Redirected to http://0.0.0.0:3000/post
Filter chain halted as :create_action rendered or redirected
Completed 302 Found in 53ms (ActiveRecord: 23.2ms)


Started GET "/post" for 127.0.0.1 at 2017-03-20 22:01:52 +0100
Processing by PostsController#index as HTML
  [1m[36mPost Load (0.6ms)[0m  [1mSELECT "posts".* FROM "posts"[0m
  Rendered posts/index.html.erb within layouts/application (3.0ms)
  Rendered layouts/_main_menu.html.erb (1.5ms)
Completed 200 OK in 252ms (Views: 249.5ms | ActiveRecord: 0.6ms)


Started GET "/post/new" for 127.0.0.1 at 2017-03-20 22:03:21 +0100
Processing by PostsController#new as HTML
  Rendered posts/new.html.erb within layouts/application (17.9ms)
  Rendered layouts/_main_menu.html.erb (1.3ms)
Completed 200 OK in 275ms (Views: 202.5ms | ActiveRecord: 3.7ms)


Started POST "/post" for 127.0.0.1 at 2017-03-20 22:03:31 +0100
Processing by PostsController#create as HTML
  Parameters: {"utf8"=>"✓", "authenticity_token"=>"G9tkAd+smThRFzipqOWgYIWG9/u7M3vCPH4NZeY8H9Ore/NKI6SQtDyez4HqwhXQ4nm7bttTSSwcJ/gei9lVvw==", "post"=>{"title"=>"dfgdfg", "tags_attributes"=>{"0"=>{"title"=>"jhkhjkhjk"}}}, "commit"=>"Create Post"}
  [1m[35m (0.2ms)[0m  begin transaction
  [1m[36mSQL (9.2ms)[0m  [1mINSERT INTO "posts" ("title", "created_at", "updated_at") VALUES (?, ?, ?)[0m  [["title", "dfgdfg"], ["created_at", "2017-03-20 21:03:31.228963"], ["updated_at", "2017-03-20 21:03:31.228963"]]
  [1m[35mSQL (10.7ms)[0m  INSERT INTO "tags" ("title", "created_at", "updated_at") VALUES (?, ?, ?)  [["title", "jhkhjkhjk"], ["created_at", "2017-03-20 21:03:31.247479"], ["updated_at", "2017-03-20 21:03:31.247479"]]
  [1m[36m (4.7ms)[0m  [1mrollback transaction[0m
Completed 500 Internal Server Error in 127ms (ActiveRecord: 25.2ms)

ActiveRecord::InverseOfAssociationNotFoundError (Could not find the inverse association for post (:post_tag in Post)):
  app/controllers/application_controller.rb:35:in `create_action'




Started POST "/post" for 127.0.0.1 at 2017-03-20 22:05:20 +0100
Processing by PostsController#create as HTML
  Parameters: {"utf8"=>"✓", "authenticity_token"=>"G9tkAd+smThRFzipqOWgYIWG9/u7M3vCPH4NZeY8H9Ore/NKI6SQtDyez4HqwhXQ4nm7bttTSSwcJ/gei9lVvw==", "post"=>{"title"=>"dfgdfg", "tags_attributes"=>{"0"=>{"title"=>"jhkhjkhjk"}}}, "commit"=>"Create Post"}
  [1m[35m (0.2ms)[0m  begin transaction
  [1m[36mSQL (9.7ms)[0m  [1mINSERT INTO "posts" ("title", "created_at", "updated_at") VALUES (?, ?, ?)[0m  [["title", "dfgdfg"], ["created_at", "2017-03-20 21:05:21.217937"], ["updated_at", "2017-03-20 21:05:21.217937"]]
  [1m[35mSQL (6.8ms)[0m  INSERT INTO "tags" ("title", "created_at", "updated_at") VALUES (?, ?, ?)  [["title", "jhkhjkhjk"], ["created_at", "2017-03-20 21:05:21.231699"], ["updated_at", "2017-03-20 21:05:21.231699"]]
  [1m[36m (0.7ms)[0m  [1mrollback transaction[0m
Completed 500 Internal Server Error in 206ms (ActiveRecord: 22.0ms)

ActiveRecord::InverseOfAssociationNotFoundError (Could not find the inverse association for post (:post_tag in Post)):
  app/controllers/application_controller.rb:35:in `create_action'




Started POST "/post" for 127.0.0.1 at 2017-03-20 22:14:43 +0100
Processing by PostsController#create as HTML
  Parameters: {"utf8"=>"✓", "authenticity_token"=>"G9tkAd+smThRFzipqOWgYIWG9/u7M3vCPH4NZeY8H9Ore/NKI6SQtDyez4HqwhXQ4nm7bttTSSwcJ/gei9lVvw==", "post"=>{"title"=>"dfgdfg", "tags_attributes"=>{"0"=>{"title"=>"jhkhjkhjk"}}}, "commit"=>"Create Post"}
Completed 500 Internal Server Error in 30ms (ActiveRecord: 0.0ms)

ActionView::MissingTemplate (Missing template posts/create, application/create with {:locale=>[:en], :formats=>[:html], :variants=>[], :handlers=>[:erb, :builder, :raw, :ruby, :coffee, :jbuilder]}. Searched in:
  * "/home/kovo/:. WWW/kovoweb-3.0/mojWeb/app/views"
):
  actionview (4.2.6) lib/action_view/path_set.rb:46:in `find'
  actionview (4.2.6) lib/action_view/lookup_context.rb:121:in `find'
  actionview (4.2.6) lib/action_view/renderer/abstract_renderer.rb:18:in `find_template'
  actionview (4.2.6) lib/action_view/renderer/template_renderer.rb:40:in `determine_template'
  actionview (4.2.6) lib/action_view/renderer/template_renderer.rb:8:in `render'
  actionview (4.2.6) lib/action_view/renderer/renderer.rb:46:in `render_template'
  actionview (4.2.6) lib/action_view/renderer/renderer.rb:27:in `render'
  actionview (4.2.6) lib/action_view/rendering.rb:100:in `_render_template'
  actionpack (4.2.6) lib/action_controller/metal/streaming.rb:217:in `_render_template'
  actionview (4.2.6) lib/action_view/rendering.rb:83:in `render_to_body'
  actionpack (4.2.6) lib/action_controller/metal/rendering.rb:32:in `render_to_body'
  actionpack (4.2.6) lib/action_controller/metal/renderers.rb:37:in `render_to_body'
  actionpack (4.2.6) lib/abstract_controller/rendering.rb:25:in `render'
  actionpack (4.2.6) lib/action_controller/metal/rendering.rb:16:in `render'
  actionpack (4.2.6) lib/action_controller/metal/instrumentation.rb:44:in `block (2 levels) in render'
  activesupport (4.2.6) lib/active_support/core_ext/benchmark.rb:12:in `block in ms'
  /home/kovo/.rbenv/versions/2.3.1/lib/ruby/2.3.0/benchmark.rb:308:in `realtime'
  activesupport (4.2.6) lib/active_support/core_ext/benchmark.rb:12:in `ms'
  actionpack (4.2.6) lib/action_controller/metal/instrumentation.rb:44:in `block in render'
  actionpack (4.2.6) lib/action_controller/metal/instrumentation.rb:87:in `cleanup_view_runtime'
  activerecord (4.2.6) lib/active_record/railties/controller_runtime.rb:25:in `cleanup_view_runtime'
  actionpack (4.2.6) lib/action_controller/metal/instrumentation.rb:43:in `render'
  actionpack (4.2.6) lib/action_controller/metal/implicit_render.rb:10:in `default_render'
  actionpack (4.2.6) lib/action_controller/metal/implicit_render.rb:5:in `send_action'
  actionpack (4.2.6) lib/abstract_controller/base.rb:198:in `process_action'
  actionpack (4.2.6) lib/action_controller/metal/rendering.rb:10:in `process_action'
  actionpack (4.2.6) lib/abstract_controller/callbacks.rb:20:in `block in process_action'
  activesupport (4.2.6) lib/active_support/callbacks.rb:117:in `call'
  activesupport (4.2.6) lib/active_support/callbacks.rb:555:in `block (2 levels) in compile'
  activesupport (4.2.6) lib/active_support/callbacks.rb:505:in `call'
  activesupport (4.2.6) lib/active_support/callbacks.rb:92:in `__run_callbacks__'
  activesupport (4.2.6) lib/active_support/callbacks.rb:778:in `_run_process_action_callbacks'
  activesupport (4.2.6) lib/active_support/callbacks.rb:81:in `run_callbacks'
  actionpack (4.2.6) lib/abstract_controller/callbacks.rb:19:in `process_action'
  actionpack (4.2.6) lib/action_controller/metal/rescue.rb:29:in `process_action'
  actionpack (4.2.6) lib/action_controller/metal/instrumentation.rb:32:in `block in process_action'
  activesupport (4.2.6) lib/active_support/notifications.rb:164:in `block in instrument'
  activesupport (4.2.6) lib/active_support/notifications/instrumenter.rb:20:in `instrument'
  activesupport (4.2.6) lib/active_support/notifications.rb:164:in `instrument'
  actionpack (4.2.6) lib/action_controller/metal/instrumentation.rb:30:in `process_action'
  actionpack (4.2.6) lib/action_controller/metal/params_wrapper.rb:250:in `process_action'
  activerecord (4.2.6) lib/active_record/railties/controller_runtime.rb:18:in `process_action'
  actionpack (4.2.6) lib/abstract_controller/base.rb:137:in `process'
  actionview (4.2.6) lib/action_view/rendering.rb:30:in `process'
  actionpack (4.2.6) lib/action_controller/metal.rb:196:in `dispatch'
  actionpack (4.2.6) lib/action_controller/metal/rack_delegation.rb:13:in `dispatch'
  actionpack (4.2.6) lib/action_controller/metal.rb:237:in `block in action'
  actionpack (4.2.6) lib/action_dispatch/routing/route_set.rb:74:in `dispatch'
  actionpack (4.2.6) lib/action_dispatch/routing/route_set.rb:43:in `serve'
  actionpack (4.2.6) lib/action_dispatch/journey/router.rb:43:in `block in serve'
  actionpack (4.2.6) lib/action_dispatch/journey/router.rb:30:in `each'
  actionpack (4.2.6) lib/action_dispatch/journey/router.rb:30:in `serve'
  actionpack (4.2.6) lib/action_dispatch/routing/route_set.rb:817:in `call'
  rack (1.6.5) lib/rack/etag.rb:24:in `call'
  rack (1.6.5) lib/rack/conditionalget.rb:38:in `call'
  rack (1.6.5) lib/rack/head.rb:13:in `call'
  actionpack (4.2.6) lib/action_dispatch/middleware/params_parser.rb:27:in `call'
  actionpack (4.2.6) lib/action_dispatch/middleware/flash.rb:260:in `call'
  rack (1.6.5) lib/rack/session/abstract/id.rb:225:in `context'
  rack (1.6.5) lib/rack/session/abstract/id.rb:220:in `call'
  actionpack (4.2.6) lib/action_dispatch/middleware/cookies.rb:560:in `call'
  activerecord (4.2.6) lib/active_record/query_cache.rb:36:in `call'
  activerecord (4.2.6) lib/active_record/connection_adapters/abstract/connection_pool.rb:653:in `call'
  activerecord (4.2.6) lib/active_record/migration.rb:377:in `call'
  actionpack (4.2.6) lib/action_dispatch/middleware/callbacks.rb:29:in `block in call'
  activesupport (4.2.6) lib/active_support/callbacks.rb:88:in `__run_callbacks__'
  activesupport (4.2.6) lib/active_support/callbacks.rb:778:in `_run_call_callbacks'
  activesupport (4.2.6) lib/active_support/callbacks.rb:81:in `run_callbacks'
  actionpack (4.2.6) lib/action_dispatch/middleware/callbacks.rb:27:in `call'
  actionpack (4.2.6) lib/action_dispatch/middleware/reloader.rb:73:in `call'
  actionpack (4.2.6) lib/action_dispatch/middleware/remote_ip.rb:78:in `call'
  actionpack (4.2.6) lib/action_dispatch/middleware/debug_exceptions.rb:17:in `call'
  web-console (2.3.0) lib/web_console/middleware.rb:28:in `block in call'
  web-console (2.3.0) lib/web_console/middleware.rb:18:in `catch'
  web-console (2.3.0) lib/web_console/middleware.rb:18:in `call'
  actionpack (4.2.6) lib/action_dispatch/middleware/show_exceptions.rb:30:in `call'
  railties (4.2.6) lib/rails/rack/logger.rb:38:in `call_app'
  railties (4.2.6) lib/rails/rack/logger.rb:20:in `block in call'
  activesupport (4.2.6) lib/active_support/tagged_logging.rb:68:in `block in tagged'
  activesupport (4.2.6) lib/active_support/tagged_logging.rb:26:in `tagged'
  activesupport (4.2.6) lib/active_support/tagged_logging.rb:68:in `tagged'
  railties (4.2.6) lib/rails/rack/logger.rb:20:in `call'
  actionpack (4.2.6) lib/action_dispatch/middleware/request_id.rb:21:in `call'
  rack (1.6.5) lib/rack/methodoverride.rb:22:in `call'
  rack (1.6.5) lib/rack/runtime.rb:18:in `call'
  activesupport (4.2.6) lib/active_support/cache/strategy/local_cache_middleware.rb:28:in `call'
  rack (1.6.5) lib/rack/lock.rb:17:in `call'
  actionpack (4.2.6) lib/action_dispatch/middleware/static.rb:120:in `call'
  rack (1.6.5) lib/rack/sendfile.rb:113:in `call'
  railties (4.2.6) lib/rails/engine.rb:518:in `call'
  railties (4.2.6) lib/rails/application.rb:165:in `call'
  rack (1.6.5) lib/rack/lock.rb:17:in `call'
  rack (1.6.5) lib/rack/content_length.rb:15:in `call'
  rack (1.6.5) lib/rack/handler/webrick.rb:88:in `service'
  /home/kovo/.rbenv/versions/2.3.1/lib/ruby/2.3.0/webrick/httpserver.rb:140:in `service'
  /home/kovo/.rbenv/versions/2.3.1/lib/ruby/2.3.0/webrick/httpserver.rb:96:in `run'
  /home/kovo/.rbenv/versions/2.3.1/lib/ruby/2.3.0/webrick/server.rb:296:in `block in start_thread'


  Rendered /home/kovo/.rbenv/versions/2.3.1/lib/ruby/gems/2.3.0/gems/actionpack-4.2.6/lib/action_dispatch/middleware/templates/rescues/_source.erb (30.3ms)
  Rendered /home/kovo/.rbenv/versions/2.3.1/lib/ruby/gems/2.3.0/gems/actionpack-4.2.6/lib/action_dispatch/middleware/templates/rescues/_trace.html.erb (46.5ms)
  Rendered /home/kovo/.rbenv/versions/2.3.1/lib/ruby/gems/2.3.0/gems/actionpack-4.2.6/lib/action_dispatch/middleware/templates/rescues/_request_and_response.html.erb (7.3ms)
  Rendered /home/kovo/.rbenv/versions/2.3.1/lib/ruby/gems/2.3.0/gems/actionpack-4.2.6/lib/action_dispatch/middleware/templates/rescues/missing_template.html.erb within rescues/layout (161.9ms)
  Rendered /home/kovo/.rbenv/versions/2.3.1/lib/ruby/gems/2.3.0/gems/web-console-2.3.0/lib/web_console/templates/_markup.html.erb (1.3ms)
  Rendered /home/kovo/.rbenv/versions/2.3.1/lib/ruby/gems/2.3.0/gems/web-console-2.3.0/lib/web_console/templates/_inner_console_markup.html.erb within layouts/inlined_string (1.1ms)
  Rendered /home/kovo/.rbenv/versions/2.3.1/lib/ruby/gems/2.3.0/gems/web-console-2.3.0/lib/web_console/templates/_prompt_box_markup.html.erb within layouts/inlined_string (1.2ms)
  Rendered /home/kovo/.rbenv/versions/2.3.1/lib/ruby/gems/2.3.0/gems/web-console-2.3.0/lib/web_console/templates/style.css.erb within layouts/inlined_string (1.1ms)
  Rendered /home/kovo/.rbenv/versions/2.3.1/lib/ruby/gems/2.3.0/gems/web-console-2.3.0/lib/web_console/templates/console.js.erb within layouts/javascript (115.2ms)
  Rendered /home/kovo/.rbenv/versions/2.3.1/lib/ruby/gems/2.3.0/gems/web-console-2.3.0/lib/web_console/templates/main.js.erb within layouts/javascript (1.0ms)
  Rendered /home/kovo/.rbenv/versions/2.3.1/lib/ruby/gems/2.3.0/gems/web-console-2.3.0/lib/web_console/templates/error_page.js.erb within layouts/javascript (1.5ms)
  Rendered /home/kovo/.rbenv/versions/2.3.1/lib/ruby/gems/2.3.0/gems/web-console-2.3.0/lib/web_console/templates/index.html.erb (337.2ms)


Started GET "/post/new" for 127.0.0.1 at 2017-03-20 22:15:13 +0100
Processing by PostsController#new as HTML
  Rendered posts/new.html.erb within layouts/application (8.4ms)
  Rendered layouts/_main_menu.html.erb (1.3ms)
Completed 200 OK in 143ms (Views: 80.4ms | ActiveRecord: 3.7ms)


Started POST "/post" for 127.0.0.1 at 2017-03-20 22:15:19 +0100
Processing by PostsController#create as HTML
  Parameters: {"utf8"=>"✓", "authenticity_token"=>"qnHk65ykugf5hRTKmoEM5VwGuSRBQMjdOQV70COUSbEa0XOgYKyzi5QM4+LYprlVO/n1sSEg+jMZXI6rTnED3Q==", "post"=>{"title"=>"hjghj", "tags_attributes"=>{"0"=>{"title"=>"jkljkljkl"}}}, "commit"=>"Create Post"}
Completed 500 Internal Server Error in 6ms (ActiveRecord: 0.0ms)

ActionView::MissingTemplate (Missing template posts/create, application/create with {:locale=>[:en], :formats=>[:html], :variants=>[], :handlers=>[:erb, :builder, :raw, :ruby, :coffee, :jbuilder]}. Searched in:
  * "/home/kovo/:. WWW/kovoweb-3.0/mojWeb/app/views"
):
  actionview (4.2.6) lib/action_view/path_set.rb:46:in `find'
  actionview (4.2.6) lib/action_view/lookup_context.rb:121:in `find'
  actionview (4.2.6) lib/action_view/renderer/abstract_renderer.rb:18:in `find_template'
  actionview (4.2.6) lib/action_view/renderer/template_renderer.rb:40:in `determine_template'
  actionview (4.2.6) lib/action_view/renderer/template_renderer.rb:8:in `render'
  actionview (4.2.6) lib/action_view/renderer/renderer.rb:46:in `render_template'
  actionview (4.2.6) lib/action_view/renderer/renderer.rb:27:in `render'
  actionview (4.2.6) lib/action_view/rendering.rb:100:in `_render_template'
  actionpack (4.2.6) lib/action_controller/metal/streaming.rb:217:in `_render_template'
  actionview (4.2.6) lib/action_view/rendering.rb:83:in `render_to_body'
  actionpack (4.2.6) lib/action_controller/metal/rendering.rb:32:in `render_to_body'
  actionpack (4.2.6) lib/action_controller/metal/renderers.rb:37:in `render_to_body'
  actionpack (4.2.6) lib/abstract_controller/rendering.rb:25:in `render'
  actionpack (4.2.6) lib/action_controller/metal/rendering.rb:16:in `render'
  actionpack (4.2.6) lib/action_controller/metal/instrumentation.rb:44:in `block (2 levels) in render'
  activesupport (4.2.6) lib/active_support/core_ext/benchmark.rb:12:in `block in ms'
  /home/kovo/.rbenv/versions/2.3.1/lib/ruby/2.3.0/benchmark.rb:308:in `realtime'
  activesupport (4.2.6) lib/active_support/core_ext/benchmark.rb:12:in `ms'
  actionpack (4.2.6) lib/action_controller/metal/instrumentation.rb:44:in `block in render'
  actionpack (4.2.6) lib/action_controller/metal/instrumentation.rb:87:in `cleanup_view_runtime'
  activerecord (4.2.6) lib/active_record/railties/controller_runtime.rb:25:in `cleanup_view_runtime'
  actionpack (4.2.6) lib/action_controller/metal/instrumentation.rb:43:in `render'
  actionpack (4.2.6) lib/action_controller/metal/implicit_render.rb:10:in `default_render'
  actionpack (4.2.6) lib/action_controller/metal/implicit_render.rb:5:in `send_action'
  actionpack (4.2.6) lib/abstract_controller/base.rb:198:in `process_action'
  actionpack (4.2.6) lib/action_controller/metal/rendering.rb:10:in `process_action'
  actionpack (4.2.6) lib/abstract_controller/callbacks.rb:20:in `block in process_action'
  activesupport (4.2.6) lib/active_support/callbacks.rb:117:in `call'
  activesupport (4.2.6) lib/active_support/callbacks.rb:555:in `block (2 levels) in compile'
  activesupport (4.2.6) lib/active_support/callbacks.rb:505:in `call'
  activesupport (4.2.6) lib/active_support/callbacks.rb:92:in `__run_callbacks__'
  activesupport (4.2.6) lib/active_support/callbacks.rb:778:in `_run_process_action_callbacks'
  activesupport (4.2.6) lib/active_support/callbacks.rb:81:in `run_callbacks'
  actionpack (4.2.6) lib/abstract_controller/callbacks.rb:19:in `process_action'
  actionpack (4.2.6) lib/action_controller/metal/rescue.rb:29:in `process_action'
  actionpack (4.2.6) lib/action_controller/metal/instrumentation.rb:32:in `block in process_action'
  activesupport (4.2.6) lib/active_support/notifications.rb:164:in `block in instrument'
  activesupport (4.2.6) lib/active_support/notifications/instrumenter.rb:20:in `instrument'
  activesupport (4.2.6) lib/active_support/notifications.rb:164:in `instrument'
  actionpack (4.2.6) lib/action_controller/metal/instrumentation.rb:30:in `process_action'
  actionpack (4.2.6) lib/action_controller/metal/params_wrapper.rb:250:in `process_action'
  activerecord (4.2.6) lib/active_record/railties/controller_runtime.rb:18:in `process_action'
  actionpack (4.2.6) lib/abstract_controller/base.rb:137:in `process'
  actionview (4.2.6) lib/action_view/rendering.rb:30:in `process'
  actionpack (4.2.6) lib/action_controller/metal.rb:196:in `dispatch'
  actionpack (4.2.6) lib/action_controller/metal/rack_delegation.rb:13:in `dispatch'
  actionpack (4.2.6) lib/action_controller/metal.rb:237:in `block in action'
  actionpack (4.2.6) lib/action_dispatch/routing/route_set.rb:74:in `dispatch'
  actionpack (4.2.6) lib/action_dispatch/routing/route_set.rb:43:in `serve'
  actionpack (4.2.6) lib/action_dispatch/journey/router.rb:43:in `block in serve'
  actionpack (4.2.6) lib/action_dispatch/journey/router.rb:30:in `each'
  actionpack (4.2.6) lib/action_dispatch/journey/router.rb:30:in `serve'
  actionpack (4.2.6) lib/action_dispatch/routing/route_set.rb:817:in `call'
  rack (1.6.5) lib/rack/etag.rb:24:in `call'
  rack (1.6.5) lib/rack/conditionalget.rb:38:in `call'
  rack (1.6.5) lib/rack/head.rb:13:in `call'
  actionpack (4.2.6) lib/action_dispatch/middleware/params_parser.rb:27:in `call'
  actionpack (4.2.6) lib/action_dispatch/middleware/flash.rb:260:in `call'
  rack (1.6.5) lib/rack/session/abstract/id.rb:225:in `context'
  rack (1.6.5) lib/rack/session/abstract/id.rb:220:in `call'
  actionpack (4.2.6) lib/action_dispatch/middleware/cookies.rb:560:in `call'
  activerecord (4.2.6) lib/active_record/query_cache.rb:36:in `call'
  activerecord (4.2.6) lib/active_record/connection_adapters/abstract/connection_pool.rb:653:in `call'
  activerecord (4.2.6) lib/active_record/migration.rb:377:in `call'
  actionpack (4.2.6) lib/action_dispatch/middleware/callbacks.rb:29:in `block in call'
  activesupport (4.2.6) lib/active_support/callbacks.rb:88:in `__run_callbacks__'
  activesupport (4.2.6) lib/active_support/callbacks.rb:778:in `_run_call_callbacks'
  activesupport (4.2.6) lib/active_support/callbacks.rb:81:in `run_callbacks'
  actionpack (4.2.6) lib/action_dispatch/middleware/callbacks.rb:27:in `call'
  actionpack (4.2.6) lib/action_dispatch/middleware/reloader.rb:73:in `call'
  actionpack (4.2.6) lib/action_dispatch/middleware/remote_ip.rb:78:in `call'
  actionpack (4.2.6) lib/action_dispatch/middleware/debug_exceptions.rb:17:in `call'
  web-console (2.3.0) lib/web_console/middleware.rb:28:in `block in call'
  web-console (2.3.0) lib/web_console/middleware.rb:18:in `catch'
  web-console (2.3.0) lib/web_console/middleware.rb:18:in `call'
  actionpack (4.2.6) lib/action_dispatch/middleware/show_exceptions.rb:30:in `call'
  railties (4.2.6) lib/rails/rack/logger.rb:38:in `call_app'
  railties (4.2.6) lib/rails/rack/logger.rb:20:in `block in call'
  activesupport (4.2.6) lib/active_support/tagged_logging.rb:68:in `block in tagged'
  activesupport (4.2.6) lib/active_support/tagged_logging.rb:26:in `tagged'
  activesupport (4.2.6) lib/active_support/tagged_logging.rb:68:in `tagged'
  railties (4.2.6) lib/rails/rack/logger.rb:20:in `call'
  actionpack (4.2.6) lib/action_dispatch/middleware/request_id.rb:21:in `call'
  rack (1.6.5) lib/rack/methodoverride.rb:22:in `call'
  rack (1.6.5) lib/rack/runtime.rb:18:in `call'
  activesupport (4.2.6) lib/active_support/cache/strategy/local_cache_middleware.rb:28:in `call'
  rack (1.6.5) lib/rack/lock.rb:17:in `call'
  actionpack (4.2.6) lib/action_dispatch/middleware/static.rb:120:in `call'
  rack (1.6.5) lib/rack/sendfile.rb:113:in `call'
  railties (4.2.6) lib/rails/engine.rb:518:in `call'
  railties (4.2.6) lib/rails/application.rb:165:in `call'
  rack (1.6.5) lib/rack/lock.rb:17:in `call'
  rack (1.6.5) lib/rack/content_length.rb:15:in `call'
  rack (1.6.5) lib/rack/handler/webrick.rb:88:in `service'
  /home/kovo/.rbenv/versions/2.3.1/lib/ruby/2.3.0/webrick/httpserver.rb:140:in `service'
  /home/kovo/.rbenv/versions/2.3.1/lib/ruby/2.3.0/webrick/httpserver.rb:96:in `run'
  /home/kovo/.rbenv/versions/2.3.1/lib/ruby/2.3.0/webrick/server.rb:296:in `block in start_thread'


  Rendered /home/kovo/.rbenv/versions/2.3.1/lib/ruby/gems/2.3.0/gems/actionpack-4.2.6/lib/action_dispatch/middleware/templates/rescues/_source.erb (24.8ms)
  Rendered /home/kovo/.rbenv/versions/2.3.1/lib/ruby/gems/2.3.0/gems/actionpack-4.2.6/lib/action_dispatch/middleware/templates/rescues/_trace.html.erb (10.2ms)
  Rendered /home/kovo/.rbenv/versions/2.3.1/lib/ruby/gems/2.3.0/gems/actionpack-4.2.6/lib/action_dispatch/middleware/templates/rescues/_request_and_response.html.erb (3.1ms)
  Rendered /home/kovo/.rbenv/versions/2.3.1/lib/ruby/gems/2.3.0/gems/actionpack-4.2.6/lib/action_dispatch/middleware/templates/rescues/missing_template.html.erb within rescues/layout (73.8ms)
  Rendered /home/kovo/.rbenv/versions/2.3.1/lib/ruby/gems/2.3.0/gems/web-console-2.3.0/lib/web_console/templates/_markup.html.erb (1.2ms)
  Rendered /home/kovo/.rbenv/versions/2.3.1/lib/ruby/gems/2.3.0/gems/web-console-2.3.0/lib/web_console/templates/_inner_console_markup.html.erb within layouts/inlined_string (1.0ms)
  Rendered /home/kovo/.rbenv/versions/2.3.1/lib/ruby/gems/2.3.0/gems/web-console-2.3.0/lib/web_console/templates/_prompt_box_markup.html.erb within layouts/inlined_string (2.7ms)
  Rendered /home/kovo/.rbenv/versions/2.3.1/lib/ruby/gems/2.3.0/gems/web-console-2.3.0/lib/web_console/templates/style.css.erb within layouts/inlined_string (1.0ms)
  Rendered /home/kovo/.rbenv/versions/2.3.1/lib/ruby/gems/2.3.0/gems/web-console-2.3.0/lib/web_console/templates/console.js.erb within layouts/javascript (47.5ms)
  Rendered /home/kovo/.rbenv/versions/2.3.1/lib/ruby/gems/2.3.0/gems/web-console-2.3.0/lib/web_console/templates/main.js.erb within layouts/javascript (0.9ms)
  Rendered /home/kovo/.rbenv/versions/2.3.1/lib/ruby/gems/2.3.0/gems/web-console-2.3.0/lib/web_console/templates/error_page.js.erb within layouts/javascript (1.2ms)
  Rendered /home/kovo/.rbenv/versions/2.3.1/lib/ruby/gems/2.3.0/gems/web-console-2.3.0/lib/web_console/templates/index.html.erb (91.4ms)
  [1m[35mTag Load (0.5ms)[0m  SELECT "tags".* FROM "tags"


Started POST "/post" for 127.0.0.1 at 2017-03-20 22:25:12 +0100
Processing by PostsController#create as HTML
  Parameters: {"utf8"=>"✓", "authenticity_token"=>"qnHk65ykugf5hRTKmoEM5VwGuSRBQMjdOQV70COUSbEa0XOgYKyzi5QM4+LYprlVO/n1sSEg+jMZXI6rTnED3Q==", "post"=>{"title"=>"hjghj", "tags_attributes"=>{"0"=>{"title"=>"jkljkljkl"}}}, "commit"=>"Create Post"}
Completed 500 Internal Server Error in 37ms (ActiveRecord: 0.0ms)

ActionView::MissingTemplate (Missing template posts/create, application/create with {:locale=>[:en], :formats=>[:html], :variants=>[], :handlers=>[:erb, :builder, :raw, :ruby, :coffee, :jbuilder]}. Searched in:
  * "/home/kovo/:. WWW/kovoweb-3.0/mojWeb/app/views"
):
  actionview (4.2.6) lib/action_view/path_set.rb:46:in `find'
  actionview (4.2.6) lib/action_view/lookup_context.rb:121:in `find'
  actionview (4.2.6) lib/action_view/renderer/abstract_renderer.rb:18:in `find_template'
  actionview (4.2.6) lib/action_view/renderer/template_renderer.rb:40:in `determine_template'
  actionview (4.2.6) lib/action_view/renderer/template_renderer.rb:8:in `render'
  actionview (4.2.6) lib/action_view/renderer/renderer.rb:46:in `render_template'
  actionview (4.2.6) lib/action_view/renderer/renderer.rb:27:in `render'
  actionview (4.2.6) lib/action_view/rendering.rb:100:in `_render_template'
  actionpack (4.2.6) lib/action_controller/metal/streaming.rb:217:in `_render_template'
  actionview (4.2.6) lib/action_view/rendering.rb:83:in `render_to_body'
  actionpack (4.2.6) lib/action_controller/metal/rendering.rb:32:in `render_to_body'
  actionpack (4.2.6) lib/action_controller/metal/renderers.rb:37:in `render_to_body'
  actionpack (4.2.6) lib/abstract_controller/rendering.rb:25:in `render'
  actionpack (4.2.6) lib/action_controller/metal/rendering.rb:16:in `render'
  actionpack (4.2.6) lib/action_controller/metal/instrumentation.rb:44:in `block (2 levels) in render'
  activesupport (4.2.6) lib/active_support/core_ext/benchmark.rb:12:in `block in ms'
  /home/kovo/.rbenv/versions/2.3.1/lib/ruby/2.3.0/benchmark.rb:308:in `realtime'
  activesupport (4.2.6) lib/active_support/core_ext/benchmark.rb:12:in `ms'
  actionpack (4.2.6) lib/action_controller/metal/instrumentation.rb:44:in `block in render'
  actionpack (4.2.6) lib/action_controller/metal/instrumentation.rb:87:in `cleanup_view_runtime'
  activerecord (4.2.6) lib/active_record/railties/controller_runtime.rb:25:in `cleanup_view_runtime'
  actionpack (4.2.6) lib/action_controller/metal/instrumentation.rb:43:in `render'
  actionpack (4.2.6) lib/action_controller/metal/implicit_render.rb:10:in `default_render'
  actionpack (4.2.6) lib/action_controller/metal/implicit_render.rb:5:in `send_action'
  actionpack (4.2.6) lib/abstract_controller/base.rb:198:in `process_action'
  actionpack (4.2.6) lib/action_controller/metal/rendering.rb:10:in `process_action'
  actionpack (4.2.6) lib/abstract_controller/callbacks.rb:20:in `block in process_action'
  activesupport (4.2.6) lib/active_support/callbacks.rb:117:in `call'
  activesupport (4.2.6) lib/active_support/callbacks.rb:555:in `block (2 levels) in compile'
  activesupport (4.2.6) lib/active_support/callbacks.rb:505:in `call'
  activesupport (4.2.6) lib/active_support/callbacks.rb:92:in `__run_callbacks__'
  activesupport (4.2.6) lib/active_support/callbacks.rb:778:in `_run_process_action_callbacks'
  activesupport (4.2.6) lib/active_support/callbacks.rb:81:in `run_callbacks'
  actionpack (4.2.6) lib/abstract_controller/callbacks.rb:19:in `process_action'
  actionpack (4.2.6) lib/action_controller/metal/rescue.rb:29:in `process_action'
  actionpack (4.2.6) lib/action_controller/metal/instrumentation.rb:32:in `block in process_action'
  activesupport (4.2.6) lib/active_support/notifications.rb:164:in `block in instrument'
  activesupport (4.2.6) lib/active_support/notifications/instrumenter.rb:20:in `instrument'
  activesupport (4.2.6) lib/active_support/notifications.rb:164:in `instrument'
  actionpack (4.2.6) lib/action_controller/metal/instrumentation.rb:30:in `process_action'
  actionpack (4.2.6) lib/action_controller/metal/params_wrapper.rb:250:in `process_action'
  activerecord (4.2.6) lib/active_record/railties/controller_runtime.rb:18:in `process_action'
  actionpack (4.2.6) lib/abstract_controller/base.rb:137:in `process'
  actionview (4.2.6) lib/action_view/rendering.rb:30:in `process'
  actionpack (4.2.6) lib/action_controller/metal.rb:196:in `dispatch'
  actionpack (4.2.6) lib/action_controller/metal/rack_delegation.rb:13:in `dispatch'
  actionpack (4.2.6) lib/action_controller/metal.rb:237:in `block in action'
  actionpack (4.2.6) lib/action_dispatch/routing/route_set.rb:74:in `dispatch'
  actionpack (4.2.6) lib/action_dispatch/routing/route_set.rb:43:in `serve'
  actionpack (4.2.6) lib/action_dispatch/journey/router.rb:43:in `block in serve'
  actionpack (4.2.6) lib/action_dispatch/journey/router.rb:30:in `each'
  actionpack (4.2.6) lib/action_dispatch/journey/router.rb:30:in `serve'
  actionpack (4.2.6) lib/action_dispatch/routing/route_set.rb:817:in `call'
  rack (1.6.5) lib/rack/etag.rb:24:in `call'
  rack (1.6.5) lib/rack/conditionalget.rb:38:in `call'
  rack (1.6.5) lib/rack/head.rb:13:in `call'
  actionpack (4.2.6) lib/action_dispatch/middleware/params_parser.rb:27:in `call'
  actionpack (4.2.6) lib/action_dispatch/middleware/flash.rb:260:in `call'
  rack (1.6.5) lib/rack/session/abstract/id.rb:225:in `context'
  rack (1.6.5) lib/rack/session/abstract/id.rb:220:in `call'
  actionpack (4.2.6) lib/action_dispatch/middleware/cookies.rb:560:in `call'
  activerecord (4.2.6) lib/active_record/query_cache.rb:36:in `call'
  activerecord (4.2.6) lib/active_record/connection_adapters/abstract/connection_pool.rb:653:in `call'
  activerecord (4.2.6) lib/active_record/migration.rb:377:in `call'
  actionpack (4.2.6) lib/action_dispatch/middleware/callbacks.rb:29:in `block in call'
  activesupport (4.2.6) lib/active_support/callbacks.rb:88:in `__run_callbacks__'
  activesupport (4.2.6) lib/active_support/callbacks.rb:778:in `_run_call_callbacks'
  activesupport (4.2.6) lib/active_support/callbacks.rb:81:in `run_callbacks'
  actionpack (4.2.6) lib/action_dispatch/middleware/callbacks.rb:27:in `call'
  actionpack (4.2.6) lib/action_dispatch/middleware/reloader.rb:73:in `call'
  actionpack (4.2.6) lib/action_dispatch/middleware/remote_ip.rb:78:in `call'
  actionpack (4.2.6) lib/action_dispatch/middleware/debug_exceptions.rb:17:in `call'
  web-console (2.3.0) lib/web_console/middleware.rb:28:in `block in call'
  web-console (2.3.0) lib/web_console/middleware.rb:18:in `catch'
  web-console (2.3.0) lib/web_console/middleware.rb:18:in `call'
  actionpack (4.2.6) lib/action_dispatch/middleware/show_exceptions.rb:30:in `call'
  railties (4.2.6) lib/rails/rack/logger.rb:38:in `call_app'
  railties (4.2.6) lib/rails/rack/logger.rb:20:in `block in call'
  activesupport (4.2.6) lib/active_support/tagged_logging.rb:68:in `block in tagged'
  activesupport (4.2.6) lib/active_support/tagged_logging.rb:26:in `tagged'
  activesupport (4.2.6) lib/active_support/tagged_logging.rb:68:in `tagged'
  railties (4.2.6) lib/rails/rack/logger.rb:20:in `call'
  actionpack (4.2.6) lib/action_dispatch/middleware/request_id.rb:21:in `call'
  rack (1.6.5) lib/rack/methodoverride.rb:22:in `call'
  rack (1.6.5) lib/rack/runtime.rb:18:in `call'
  activesupport (4.2.6) lib/active_support/cache/strategy/local_cache_middleware.rb:28:in `call'
  rack (1.6.5) lib/rack/lock.rb:17:in `call'
  actionpack (4.2.6) lib/action_dispatch/middleware/static.rb:120:in `call'
  rack (1.6.5) lib/rack/sendfile.rb:113:in `call'
  railties (4.2.6) lib/rails/engine.rb:518:in `call'
  railties (4.2.6) lib/rails/application.rb:165:in `call'
  rack (1.6.5) lib/rack/lock.rb:17:in `call'
  rack (1.6.5) lib/rack/content_length.rb:15:in `call'
  rack (1.6.5) lib/rack/handler/webrick.rb:88:in `service'
  /home/kovo/.rbenv/versions/2.3.1/lib/ruby/2.3.0/webrick/httpserver.rb:140:in `service'
  /home/kovo/.rbenv/versions/2.3.1/lib/ruby/2.3.0/webrick/httpserver.rb:96:in `run'
  /home/kovo/.rbenv/versions/2.3.1/lib/ruby/2.3.0/webrick/server.rb:296:in `block in start_thread'


  Rendered /home/kovo/.rbenv/versions/2.3.1/lib/ruby/gems/2.3.0/gems/actionpack-4.2.6/lib/action_dispatch/middleware/templates/rescues/_source.erb (47.4ms)
  Rendered /home/kovo/.rbenv/versions/2.3.1/lib/ruby/gems/2.3.0/gems/actionpack-4.2.6/lib/action_dispatch/middleware/templates/rescues/_trace.html.erb (23.8ms)
  Rendered /home/kovo/.rbenv/versions/2.3.1/lib/ruby/gems/2.3.0/gems/actionpack-4.2.6/lib/action_dispatch/middleware/templates/rescues/_request_and_response.html.erb (8.1ms)
  Rendered /home/kovo/.rbenv/versions/2.3.1/lib/ruby/gems/2.3.0/gems/actionpack-4.2.6/lib/action_dispatch/middleware/templates/rescues/missing_template.html.erb within rescues/layout (170.5ms)
  Rendered /home/kovo/.rbenv/versions/2.3.1/lib/ruby/gems/2.3.0/gems/web-console-2.3.0/lib/web_console/templates/_markup.html.erb (1.3ms)
  Rendered /home/kovo/.rbenv/versions/2.3.1/lib/ruby/gems/2.3.0/gems/web-console-2.3.0/lib/web_console/templates/_inner_console_markup.html.erb within layouts/inlined_string (1.0ms)
  Rendered /home/kovo/.rbenv/versions/2.3.1/lib/ruby/gems/2.3.0/gems/web-console-2.3.0/lib/web_console/templates/_prompt_box_markup.html.erb within layouts/inlined_string (1.0ms)
  Rendered /home/kovo/.rbenv/versions/2.3.1/lib/ruby/gems/2.3.0/gems/web-console-2.3.0/lib/web_console/templates/style.css.erb within layouts/inlined_string (1.1ms)
  Rendered /home/kovo/.rbenv/versions/2.3.1/lib/ruby/gems/2.3.0/gems/web-console-2.3.0/lib/web_console/templates/console.js.erb within layouts/javascript (110.9ms)
  Rendered /home/kovo/.rbenv/versions/2.3.1/lib/ruby/gems/2.3.0/gems/web-console-2.3.0/lib/web_console/templates/main.js.erb within layouts/javascript (1.0ms)
  Rendered /home/kovo/.rbenv/versions/2.3.1/lib/ruby/gems/2.3.0/gems/web-console-2.3.0/lib/web_console/templates/error_page.js.erb within layouts/javascript (1.7ms)
  Rendered /home/kovo/.rbenv/versions/2.3.1/lib/ruby/gems/2.3.0/gems/web-console-2.3.0/lib/web_console/templates/index.html.erb (232.0ms)


Started POST "/post" for 127.0.0.1 at 2017-03-20 22:25:21 +0100
Processing by PostsController#create as HTML
  Parameters: {"utf8"=>"✓", "authenticity_token"=>"qnHk65ykugf5hRTKmoEM5VwGuSRBQMjdOQV70COUSbEa0XOgYKyzi5QM4+LYprlVO/n1sSEg+jMZXI6rTnED3Q==", "post"=>{"title"=>"hjghj", "tags_attributes"=>{"0"=>{"title"=>"jkljkljkl"}}}, "commit"=>"Create Post"}
Completed 500 Internal Server Error in 50ms (ActiveRecord: 2.3ms)

ActiveRecord::UnknownAttributeError (unknown attribute 'tags_attributes' for Post.):
  app/controllers/application_controller.rb:33:in `create_action'




Started GET "/post/new" for 127.0.0.1 at 2017-03-20 22:25:38 +0100
Processing by PostsController#new as HTML
  Rendered posts/new.html.erb within layouts/application (21.6ms)
  Rendered layouts/_main_menu.html.erb (1.4ms)
Completed 200 OK in 309ms (Views: 208.3ms | ActiveRecord: 1.3ms)


Started POST "/post" for 127.0.0.1 at 2017-03-20 22:25:46 +0100
Processing by PostsController#create as HTML
  Parameters: {"utf8"=>"✓", "authenticity_token"=>"gRuSBOhImxzrSFN7sFUG+gE4I1/2HFQTrC8KXciW4jgxuwVPFECSkIbBpFPycrNKZsdvypZ8Zv2Mdv8mpXOoVA==", "post"=>{"title"=>"gfgh", "tags"=>{"title"=>"gfhfgh"}}, "commit"=>"Create Post"}
Unpermitted parameter: tags
  [1m[35m (5.1ms)[0m  begin transaction
  [1m[36mSQL (20.0ms)[0m  [1mINSERT INTO "posts" ("title", "created_at", "updated_at") VALUES (?, ?, ?)[0m  [["title", "gfgh"], ["created_at", "2017-03-20 21:25:46.114779"], ["updated_at", "2017-03-20 21:25:46.114779"]]
  [1m[35m (17.3ms)[0m  commit transaction
Redirected to http://0.0.0.0:3000/post
Filter chain halted as :create_action rendered or redirected
Completed 302 Found in 67ms (ActiveRecord: 42.5ms)


Started GET "/post" for 127.0.0.1 at 2017-03-20 22:25:46 +0100
Processing by PostsController#index as HTML
  [1m[36mPost Load (0.6ms)[0m  [1mSELECT "posts".* FROM "posts"[0m
  Rendered posts/index.html.erb within layouts/application (5.9ms)
  Rendered layouts/_main_menu.html.erb (1.3ms)
Completed 200 OK in 139ms (Views: 134.4ms | ActiveRecord: 0.6ms)
  [1m[36mTag Load (0.5ms)[0m  [1mSELECT "tags".* FROM "tags"[0m


Started GET "/post" for 127.0.0.1 at 2017-03-20 22:26:26 +0100
Processing by PostsController#index as HTML
  [1m[35mPost Load (14.5ms)[0m  SELECT "posts".* FROM "posts"
  Rendered posts/index.html.erb within layouts/application (61.0ms)
  Rendered layouts/_main_menu.html.erb (3.5ms)
Completed 200 OK in 250ms (Views: 230.9ms | ActiveRecord: 16.0ms)


Started GET "/assets/blogs.self-e3b0c44298fc1c149afbf4c8996fb92427ae41e4649b934ca495991b7852b855.css?body=1" for 127.0.0.1 at 2017-03-20 22:26:26 +0100


Started GET "/assets/users.self-e3b0c44298fc1c149afbf4c8996fb92427ae41e4649b934ca495991b7852b855.css?body=1" for 127.0.0.1 at 2017-03-20 22:26:27 +0100


Started GET "/assets/homepage.self-e3b0c44298fc1c149afbf4c8996fb92427ae41e4649b934ca495991b7852b855.css?body=1" for 127.0.0.1 at 2017-03-20 22:26:27 +0100


Started GET "/assets/posts.self-e3b0c44298fc1c149afbf4c8996fb92427ae41e4649b934ca495991b7852b855.css?body=1" for 127.0.0.1 at 2017-03-20 22:26:27 +0100


Started GET "/assets/application.self-e80e8f2318043e8af94dddc2adad5a4f09739a8ebb323b3ab31cd71d45fd9113.css?body=1" for 127.0.0.1 at 2017-03-20 22:26:27 +0100


Started GET "/assets/jquery.self-bd7ddd393353a8d2480a622e80342adf488fb6006d667e8b42e4c0073393abee.js?body=1" for 127.0.0.1 at 2017-03-20 22:26:27 +0100


Started GET "/assets/turbolinks.self-c5acd7a204f5f25ce7a1d8a0e4d92e28d34c9e2df2c7371cd7af88e147e4ad82.js?body=1" for 127.0.0.1 at 2017-03-20 22:26:27 +0100


Started GET "/assets/jquery_ujs.self-784a997f6726036b1993eb2217c9cb558e1cbb801c6da88105588c56f13b466a.js?body=1" for 127.0.0.1 at 2017-03-20 22:26:27 +0100


Started GET "/assets/blogs.self-877aef30ae1b040ab8a3aba4e3e309a11d7f2612f44dde450b5c157aa5f95c05.js?body=1" for 127.0.0.1 at 2017-03-20 22:26:27 +0100


Started GET "/assets/homepage.self-877aef30ae1b040ab8a3aba4e3e309a11d7f2612f44dde450b5c157aa5f95c05.js?body=1" for 127.0.0.1 at 2017-03-20 22:26:27 +0100


Started GET "/assets/posts.self-877aef30ae1b040ab8a3aba4e3e309a11d7f2612f44dde450b5c157aa5f95c05.js?body=1" for 127.0.0.1 at 2017-03-20 22:26:27 +0100


Started GET "/assets/users.self-877aef30ae1b040ab8a3aba4e3e309a11d7f2612f44dde450b5c157aa5f95c05.js?body=1" for 127.0.0.1 at 2017-03-20 22:26:27 +0100


Started GET "/assets/application.self-3b8dabdc891efe46b9a144b400ad69e37d7e5876bdc39dee783419a69d7ca819.js?body=1" for 127.0.0.1 at 2017-03-20 22:26:27 +0100


Started GET "/post/new" for 127.0.0.1 at 2017-03-20 22:26:37 +0100
Processing by PostsController#new as HTML
  Rendered posts/new.html.erb within layouts/application (23.8ms)
  Rendered layouts/_main_menu.html.erb (3.9ms)
Completed 200 OK in 327ms (Views: 205.3ms | ActiveRecord: 1.3ms)


Started POST "/post" for 127.0.0.1 at 2017-03-20 22:26:46 +0100
Processing by PostsController#create as HTML
  Parameters: {"utf8"=>"✓", "authenticity_token"=>"Vpb+OetnDgaumaP1D4DP5dXwr1pGeL+mZHg0Q790UK/mNmlyF28HisMQVN1Np3pVsg/jzyYYjUhEIcE40pEaww==", "post"=>{"title"=>"fghfgh", "tags"=>{"title"=>"ghjghjgh"}}, "commit"=>"Create Post"}
Completed 500 Internal Server Error in 14ms (ActiveRecord: 0.0ms)

ActiveRecord::AssociationTypeMismatch (Tag(#70200603818080) expected, got Array(#70200824045640)):
  app/controllers/application_controller.rb:33:in `create_action'




Started POST "/post" for 127.0.0.1 at 2017-03-20 22:27:48 +0100
Processing by PostsController#create as HTML
  Parameters: {"utf8"=>"✓", "authenticity_token"=>"Vpb+OetnDgaumaP1D4DP5dXwr1pGeL+mZHg0Q790UK/mNmlyF28HisMQVN1Np3pVsg/jzyYYjUhEIcE40pEaww==", "post"=>{"title"=>"fghfgh", "tags"=>{"title"=>"ghjghjgh"}}, "commit"=>"Create Post"}
Completed 500 Internal Server Error in 127ms (ActiveRecord: 2.4ms)

ActiveRecord::AssociationTypeMismatch (Tag(#70200536634240) expected, got Array(#70200824045640)):
  app/controllers/application_controller.rb:33:in `create_action'




Started GET "/post/new" for 127.0.0.1 at 2017-03-20 22:28:09 +0100
Processing by PostsController#new as HTML
  Rendered posts/new.html.erb within layouts/application (25.7ms)
  Rendered layouts/_main_menu.html.erb (1.2ms)
Completed 200 OK in 217ms (Views: 210.6ms | ActiveRecord: 0.0ms)


Started POST "/post" for 127.0.0.1 at 2017-03-20 22:28:23 +0100
Processing by PostsController#create as HTML
  Parameters: {"utf8"=>"✓", "authenticity_token"=>"c5P/DR5NH8HkTtJ3GAMZnXjciAk5XHTeoLsxLBTnjm7DM2hG4kUWTYnHJV9aJKwtHyPEnFk8RjCA4sRXeQLEAg==", "post"=>{"title"=>"gfhfgh", "tags"=>{"title"=>"fghfgh"}}, "commit"=>"Create Post"}
Completed 500 Internal Server Error in 9ms (ActiveRecord: 0.0ms)

ActiveRecord::AssociationTypeMismatch (Tag(#70200536634240) expected, got Array(#70200824045640)):
  app/controllers/application_controller.rb:33:in `create_action'




Started GET "/post/new" for 127.0.0.1 at 2017-03-20 22:30:18 +0100
Processing by PostsController#new as HTML
  Rendered posts/new.html.erb within layouts/application (21.8ms)
  Rendered layouts/_main_menu.html.erb (1.2ms)
Completed 200 OK in 174ms (Views: 165.0ms | ActiveRecord: 5.1ms)


Started POST "/post" for 127.0.0.1 at 2017-03-20 22:30:28 +0100
Processing by PostsController#create as HTML
  Parameters: {"utf8"=>"✓", "authenticity_token"=>"1wywWTFJs03oxZrdfFofthxUH73Rmq3LSIfyK+SFM/RnrCcSzUG6wYVMbfU+faoGe6tTKLH6nyVo3gdQiWB5mA==", "post"=>{"title"=>"dsfsdf"}, "commit"=>"Create Post"}
  [1m[36m (0.2ms)[0m  [1mbegin transaction[0m
  [1m[35mSQL (0.9ms)[0m  INSERT INTO "posts" ("title", "created_at", "updated_at") VALUES (?, ?, ?)  [["title", "dsfsdf"], ["created_at", "2017-03-20 21:30:28.423194"], ["updated_at", "2017-03-20 21:30:28.423194"]]
  [1m[36m (3.9ms)[0m  [1mcommit transaction[0m
Redirected to http://0.0.0.0:3000/post
Filter chain halted as :create_action rendered or redirected
Completed 302 Found in 15ms (ActiveRecord: 5.1ms)


Started GET "/post" for 127.0.0.1 at 2017-03-20 22:30:28 +0100
Processing by PostsController#index as HTML
  [1m[35mPost Load (0.6ms)[0m  SELECT "posts".* FROM "posts"
  Rendered posts/index.html.erb within layouts/application (4.7ms)
  Rendered layouts/_main_menu.html.erb (2.1ms)
Completed 200 OK in 109ms (Views: 106.7ms | ActiveRecord: 0.6ms)


Started GET "/post/new" for 127.0.0.1 at 2017-03-20 22:31:19 +0100
Processing by PostsController#new as HTML
Completed 500 Internal Server Error in 134ms (ActiveRecord: 15.3ms)

ActiveRecord::InverseOfAssociationNotFoundError (Could not find the inverse association for post (:post_tag in Post)):
  app/controllers/posts_controller.rb:4:in `new'




Started GET "/post/new" for 127.0.0.1 at 2017-03-20 22:33:57 +0100
Processing by PostsController#new as HTML
  Rendered posts/new.html.erb within layouts/application (48.4ms)
Completed 500 Internal Server Error in 171ms (ActiveRecord: 11.1ms)

ActionView::Template::Error (undefined method `title' for #<PostTag:0x007fb1b470f360>):
     5: 
     6: 	<%= p.fields_for :post_tags do |t| %>
     7: 		<%= t.label :title %>
     8: 		<%= t.text_field :title %>
     9: 	<% end %>
    10: 
    11: 	<%= p.submit %>
  app/views/posts/new.html.erb:8:in `block (2 levels) in _app_views_posts_new_html_erb___1262603085794157508_70200719415160'
  app/views/posts/new.html.erb:6:in `block in _app_views_posts_new_html_erb___1262603085794157508_70200719415160'
  app/views/posts/new.html.erb:1:in `_app_views_posts_new_html_erb___1262603085794157508_70200719415160'




Started GET "/post/new" for 127.0.0.1 at 2017-03-20 22:34:56 +0100
Processing by PostsController#new as HTML
  Rendered posts/new.html.erb within layouts/application (15.5ms)
  Rendered layouts/_main_menu.html.erb (1.3ms)
Completed 200 OK in 251ms (Views: 225.9ms | ActiveRecord: 2.1ms)


Started GET "/assets/blogs.self-e3b0c44298fc1c149afbf4c8996fb92427ae41e4649b934ca495991b7852b855.css?body=1" for 127.0.0.1 at 2017-03-20 22:34:57 +0100


Started GET "/assets/homepage.self-e3b0c44298fc1c149afbf4c8996fb92427ae41e4649b934ca495991b7852b855.css?body=1" for 127.0.0.1 at 2017-03-20 22:34:57 +0100


Started GET "/assets/posts.self-e3b0c44298fc1c149afbf4c8996fb92427ae41e4649b934ca495991b7852b855.css?body=1" for 127.0.0.1 at 2017-03-20 22:34:57 +0100


Started GET "/assets/jquery_ujs.self-784a997f6726036b1993eb2217c9cb558e1cbb801c6da88105588c56f13b466a.js?body=1" for 127.0.0.1 at 2017-03-20 22:34:57 +0100


Started GET "/assets/jquery.self-bd7ddd393353a8d2480a622e80342adf488fb6006d667e8b42e4c0073393abee.js?body=1" for 127.0.0.1 at 2017-03-20 22:34:57 +0100


Started GET "/assets/application.self-e80e8f2318043e8af94dddc2adad5a4f09739a8ebb323b3ab31cd71d45fd9113.css?body=1" for 127.0.0.1 at 2017-03-20 22:34:57 +0100


Started GET "/assets/turbolinks.self-c5acd7a204f5f25ce7a1d8a0e4d92e28d34c9e2df2c7371cd7af88e147e4ad82.js?body=1" for 127.0.0.1 at 2017-03-20 22:34:57 +0100


Started GET "/assets/users.self-e3b0c44298fc1c149afbf4c8996fb92427ae41e4649b934ca495991b7852b855.css?body=1" for 127.0.0.1 at 2017-03-20 22:34:57 +0100


Started GET "/assets/blogs.self-877aef30ae1b040ab8a3aba4e3e309a11d7f2612f44dde450b5c157aa5f95c05.js?body=1" for 127.0.0.1 at 2017-03-20 22:34:57 +0100


Started GET "/assets/homepage.self-877aef30ae1b040ab8a3aba4e3e309a11d7f2612f44dde450b5c157aa5f95c05.js?body=1" for 127.0.0.1 at 2017-03-20 22:34:57 +0100


Started GET "/assets/posts.self-877aef30ae1b040ab8a3aba4e3e309a11d7f2612f44dde450b5c157aa5f95c05.js?body=1" for 127.0.0.1 at 2017-03-20 22:34:57 +0100


Started GET "/assets/users.self-877aef30ae1b040ab8a3aba4e3e309a11d7f2612f44dde450b5c157aa5f95c05.js?body=1" for 127.0.0.1 at 2017-03-20 22:34:57 +0100


Started GET "/assets/application.self-3b8dabdc891efe46b9a144b400ad69e37d7e5876bdc39dee783419a69d7ca819.js?body=1" for 127.0.0.1 at 2017-03-20 22:34:57 +0100


Started POST "/post" for 127.0.0.1 at 2017-03-20 22:35:05 +0100
Processing by PostsController#create as HTML
  Parameters: {"utf8"=>"✓", "authenticity_token"=>"58g38wBRJ0ju1vDtuDVpzLf+9QM/Kz0DQ7UzfdWnqm9XaKC4/FkuxINfB8X6Etx80AG5ll9LD+1j7MYGuELgAw==", "post"=>{"title"=>"dsfsdf", "tags"=>{"title"=>"ghfghgfh"}}, "commit"=>"Create Post"}
Completed 500 Internal Server Error in 76ms (ActiveRecord: 0.0ms)

ActiveRecord::AssociationTypeMismatch (Tag(#70200603966780) expected, got Array(#70200824045640)):
  app/controllers/application_controller.rb:33:in `create_action'




Started POST "/post" for 127.0.0.1 at 2017-03-20 22:35:30 +0100
Processing by PostsController#create as HTML
  Parameters: {"utf8"=>"✓", "authenticity_token"=>"58g38wBRJ0ju1vDtuDVpzLf+9QM/Kz0DQ7UzfdWnqm9XaKC4/FkuxINfB8X6Etx80AG5ll9LD+1j7MYGuELgAw==", "post"=>{"title"=>"dsfsdf", "tags"=>{"title"=>"ghfghgfh"}}, "commit"=>"Create Post"}
Completed 500 Internal Server Error in 126ms (ActiveRecord: 2.1ms)

ActiveRecord::AssociationTypeMismatch (Tag(#70200712419360) expected, got Array(#70200824045640)):
  app/controllers/application_controller.rb:33:in `create_action'




Started POST "/post" for 127.0.0.1 at 2017-03-20 22:36:11 +0100
Processing by PostsController#create as HTML
  Parameters: {"utf8"=>"✓", "authenticity_token"=>"58g38wBRJ0ju1vDtuDVpzLf+9QM/Kz0DQ7UzfdWnqm9XaKC4/FkuxINfB8X6Etx80AG5ll9LD+1j7MYGuELgAw==", "post"=>{"title"=>"dsfsdf", "tags"=>{"title"=>"ghfghgfh"}}, "commit"=>"Create Post"}
Unpermitted parameter: tags
  [1m[36m (0.2ms)[0m  [1mbegin transaction[0m
  [1m[35mSQL (6.1ms)[0m  INSERT INTO "posts" ("title", "created_at", "updated_at") VALUES (?, ?, ?)  [["title", "dsfsdf"], ["created_at", "2017-03-20 21:36:12.211565"], ["updated_at", "2017-03-20 21:36:12.211565"]]
  [1m[36m (26.4ms)[0m  [1mcommit transaction[0m
Redirected to http://0.0.0.0:3000/post
Filter chain halted as :create_action rendered or redirected
Completed 302 Found in 82ms (ActiveRecord: 38.9ms)


Started GET "/post" for 127.0.0.1 at 2017-03-20 22:36:12 +0100
Processing by PostsController#index as HTML
  [1m[35mPost Load (0.7ms)[0m  SELECT "posts".* FROM "posts"
  Rendered posts/index.html.erb within layouts/application (3.7ms)
  Rendered layouts/_main_menu.html.erb (1.5ms)
Completed 200 OK in 216ms (Views: 213.9ms | ActiveRecord: 0.7ms)


Started GET "/assets/homepage.self-e3b0c44298fc1c149afbf4c8996fb92427ae41e4649b934ca495991b7852b855.css?body=1" for 127.0.0.1 at 2017-03-20 22:36:12 +0100


Started GET "/assets/blogs.self-e3b0c44298fc1c149afbf4c8996fb92427ae41e4649b934ca495991b7852b855.css?body=1" for 127.0.0.1 at 2017-03-20 22:36:12 +0100


Started GET "/assets/posts.self-e3b0c44298fc1c149afbf4c8996fb92427ae41e4649b934ca495991b7852b855.css?body=1" for 127.0.0.1 at 2017-03-20 22:36:12 +0100


Started GET "/assets/users.self-e3b0c44298fc1c149afbf4c8996fb92427ae41e4649b934ca495991b7852b855.css?body=1" for 127.0.0.1 at 2017-03-20 22:36:12 +0100


Started GET "/assets/jquery_ujs.self-784a997f6726036b1993eb2217c9cb558e1cbb801c6da88105588c56f13b466a.js?body=1" for 127.0.0.1 at 2017-03-20 22:36:13 +0100


Started GET "/assets/application.self-e80e8f2318043e8af94dddc2adad5a4f09739a8ebb323b3ab31cd71d45fd9113.css?body=1" for 127.0.0.1 at 2017-03-20 22:36:13 +0100


Started GET "/assets/turbolinks.self-c5acd7a204f5f25ce7a1d8a0e4d92e28d34c9e2df2c7371cd7af88e147e4ad82.js?body=1" for 127.0.0.1 at 2017-03-20 22:36:13 +0100


Started GET "/assets/jquery.self-bd7ddd393353a8d2480a622e80342adf488fb6006d667e8b42e4c0073393abee.js?body=1" for 127.0.0.1 at 2017-03-20 22:36:13 +0100


Started GET "/assets/blogs.self-877aef30ae1b040ab8a3aba4e3e309a11d7f2612f44dde450b5c157aa5f95c05.js?body=1" for 127.0.0.1 at 2017-03-20 22:36:13 +0100


Started GET "/assets/homepage.self-877aef30ae1b040ab8a3aba4e3e309a11d7f2612f44dde450b5c157aa5f95c05.js?body=1" for 127.0.0.1 at 2017-03-20 22:36:13 +0100


Started GET "/assets/posts.self-877aef30ae1b040ab8a3aba4e3e309a11d7f2612f44dde450b5c157aa5f95c05.js?body=1" for 127.0.0.1 at 2017-03-20 22:36:13 +0100


Started GET "/assets/users.self-877aef30ae1b040ab8a3aba4e3e309a11d7f2612f44dde450b5c157aa5f95c05.js?body=1" for 127.0.0.1 at 2017-03-20 22:36:13 +0100


Started GET "/assets/application.self-3b8dabdc891efe46b9a144b400ad69e37d7e5876bdc39dee783419a69d7ca819.js?body=1" for 127.0.0.1 at 2017-03-20 22:36:13 +0100


Started GET "/post/new" for 127.0.0.1 at 2017-03-20 22:36:25 +0100
Processing by PostsController#new as HTML
  Rendered posts/new.html.erb within layouts/application (24.6ms)
  Rendered layouts/_main_menu.html.erb (1.3ms)
Completed 200 OK in 312ms (Views: 194.2ms | ActiveRecord: 9.6ms)


Started POST "/post" for 127.0.0.1 at 2017-03-20 22:36:38 +0100
Processing by PostsController#create as HTML
  Parameters: {"utf8"=>"✓", "authenticity_token"=>"NpvprbKLRBXg20t97BPwTiDCxEbwAwxAoO+OZ7oIsDSGO37mToNNmY1SvFWuNEX+Rz2I05BjPq6Atnsc1+36WA==", "post"=>{"title"=>"ghfgh", "tags"=>{"title"=>"fghfgh"}}, "commit"=>"Create Post"}
Unpermitted parameter: tags
  [1m[36m (0.3ms)[0m  [1mbegin transaction[0m
  [1m[35mSQL (5.8ms)[0m  INSERT INTO "posts" ("title", "created_at", "updated_at") VALUES (?, ?, ?)  [["title", "ghfgh"], ["created_at", "2017-03-20 21:36:38.429968"], ["updated_at", "2017-03-20 21:36:38.429968"]]
  [1m[36m (6.2ms)[0m  [1mcommit transaction[0m
Redirected to http://0.0.0.0:3000/post
Filter chain halted as :create_action rendered or redirected
Completed 302 Found in 44ms (ActiveRecord: 12.3ms)


Started GET "/post" for 127.0.0.1 at 2017-03-20 22:36:38 +0100
Processing by PostsController#index as HTML
  [1m[35mPost Load (0.7ms)[0m  SELECT "posts".* FROM "posts"
  Rendered posts/index.html.erb within layouts/application (17.3ms)
  Rendered layouts/_main_menu.html.erb (1.3ms)
Completed 200 OK in 266ms (Views: 263.6ms | ActiveRecord: 0.7ms)
  [1m[35mTag Load (0.6ms)[0m  SELECT "tags".* FROM "tags"


Started GET "/post" for 127.0.0.1 at 2017-03-20 22:37:38 +0100
Processing by PostsController#index as HTML
  [1m[36mPost Load (8.8ms)[0m  [1mSELECT "posts".* FROM "posts"[0m
  Rendered posts/index.html.erb within layouts/application (18.6ms)
  Rendered layouts/_main_menu.html.erb (1.3ms)
Completed 200 OK in 214ms (Views: 203.3ms | ActiveRecord: 8.8ms)


Started GET "/assets/blogs.self-e3b0c44298fc1c149afbf4c8996fb92427ae41e4649b934ca495991b7852b855.css?body=1" for 127.0.0.1 at 2017-03-20 22:37:38 +0100


Started GET "/assets/homepage.self-e3b0c44298fc1c149afbf4c8996fb92427ae41e4649b934ca495991b7852b855.css?body=1" for 127.0.0.1 at 2017-03-20 22:37:38 +0100


Started GET "/assets/posts.self-e3b0c44298fc1c149afbf4c8996fb92427ae41e4649b934ca495991b7852b855.css?body=1" for 127.0.0.1 at 2017-03-20 22:37:39 +0100


Started GET "/assets/users.self-e3b0c44298fc1c149afbf4c8996fb92427ae41e4649b934ca495991b7852b855.css?body=1" for 127.0.0.1 at 2017-03-20 22:37:39 +0100


Started GET "/assets/application.self-e80e8f2318043e8af94dddc2adad5a4f09739a8ebb323b3ab31cd71d45fd9113.css?body=1" for 127.0.0.1 at 2017-03-20 22:37:39 +0100


Started GET "/assets/jquery_ujs.self-784a997f6726036b1993eb2217c9cb558e1cbb801c6da88105588c56f13b466a.js?body=1" for 127.0.0.1 at 2017-03-20 22:37:39 +0100


Started GET "/assets/jquery.self-bd7ddd393353a8d2480a622e80342adf488fb6006d667e8b42e4c0073393abee.js?body=1" for 127.0.0.1 at 2017-03-20 22:37:39 +0100


Started GET "/assets/turbolinks.self-c5acd7a204f5f25ce7a1d8a0e4d92e28d34c9e2df2c7371cd7af88e147e4ad82.js?body=1" for 127.0.0.1 at 2017-03-20 22:37:39 +0100


Started GET "/assets/blogs.self-877aef30ae1b040ab8a3aba4e3e309a11d7f2612f44dde450b5c157aa5f95c05.js?body=1" for 127.0.0.1 at 2017-03-20 22:37:39 +0100


Started GET "/assets/homepage.self-877aef30ae1b040ab8a3aba4e3e309a11d7f2612f44dde450b5c157aa5f95c05.js?body=1" for 127.0.0.1 at 2017-03-20 22:37:39 +0100


Started GET "/assets/posts.self-877aef30ae1b040ab8a3aba4e3e309a11d7f2612f44dde450b5c157aa5f95c05.js?body=1" for 127.0.0.1 at 2017-03-20 22:37:39 +0100


Started GET "/assets/users.self-877aef30ae1b040ab8a3aba4e3e309a11d7f2612f44dde450b5c157aa5f95c05.js?body=1" for 127.0.0.1 at 2017-03-20 22:37:39 +0100


Started GET "/assets/application.self-3b8dabdc891efe46b9a144b400ad69e37d7e5876bdc39dee783419a69d7ca819.js?body=1" for 127.0.0.1 at 2017-03-20 22:37:39 +0100


Started GET "/post/new" for 127.0.0.1 at 2017-03-20 22:37:48 +0100
Processing by PostsController#new as HTML
  Rendered posts/new.html.erb within layouts/application (23.8ms)
  Rendered layouts/_main_menu.html.erb (6.7ms)
Completed 200 OK in 210ms (Views: 186.0ms | ActiveRecord: 0.0ms)


Started POST "/post" for 127.0.0.1 at 2017-03-20 22:37:56 +0100
Processing by PostsController#create as HTML
  Parameters: {"utf8"=>"✓", "authenticity_token"=>"f3bhyRh0CyJWAS95KezVG9ZkFCPl38nEEMNhUNyOg3nP1naC5HwCrjuI2FFry2CrsZtYtoW/+yowmpQrsWvJFQ==", "post"=>{"title"=>"dsfdf", "tags_attributes"=>{"title"=>"fgfghfgh"}}, "commit"=>"Create Post"}
Completed 500 Internal Server Error in 11ms (ActiveRecord: 0.0ms)

ActiveRecord::UnknownAttributeError (unknown attribute 'tags_attributes' for Post.):
  app/controllers/application_controller.rb:33:in `create_action'




Started GET "/post" for 127.0.0.1 at 2017-03-20 22:39:33 +0100
Processing by PostsController#index as HTML
  [1m[35mPost Load (1.3ms)[0m  SELECT "posts".* FROM "posts"
  Rendered posts/index.html.erb within layouts/application (40.1ms)
  Rendered layouts/_main_menu.html.erb (9.9ms)
Completed 200 OK in 277ms (Views: 265.5ms | ActiveRecord: 2.6ms)


Started GET "/post/new" for 127.0.0.1 at 2017-03-20 22:40:16 +0100
Processing by PostsController#new as HTML
------------------------------------
#<Tag::ActiveRecord_Associations_CollectionProxy:0x007fb1b4b17930>
  Rendered posts/new.html.erb within layouts/application (29.0ms)
  Rendered layouts/_main_menu.html.erb (1.2ms)
Completed 200 OK in 352ms (Views: 209.3ms | ActiveRecord: 8.3ms)


Started POST "/post" for 127.0.0.1 at 2017-03-20 22:41:14 +0100
Processing by PostsController#create as HTML
  Parameters: {"utf8"=>"✓", "authenticity_token"=>"+iDXu0WuJGR5XsNAWtL5BlYCkHL4WkFKklTuRbuTGFZKgEDwuaYt6BTXNGgY9Uy2Mf3c55g6c6SyDRs+1nZSOg==", "post"=>{"title"=>"kjljkl", "tags"=>{"title"=>"kjljkljkl"}}, "commit"=>"Create Post"}
Completed 500 Internal Server Error in 5ms (ActiveRecord: 0.0ms)

ActiveRecord::AssociationTypeMismatch (Tag(#70200670473400) expected, got Array(#70200824045640)):
  app/controllers/application_controller.rb:33:in `create_action'




Started GET "/post/new" for 127.0.0.1 at 2017-03-20 22:50:18 +0100
Processing by PostsController#new as HTML
------------------------------------
#<Tag::ActiveRecord_Associations_CollectionProxy:0x007fb1c1b63008>
  Rendered posts/new.html.erb within layouts/application (26.8ms)
  Rendered layouts/_main_menu.html.erb (1.3ms)
Completed 200 OK in 308ms (Views: 186.9ms | ActiveRecord: 4.1ms)


Started POST "/post" for 127.0.0.1 at 2017-03-20 22:50:27 +0100
Processing by PostsController#create as HTML
  Parameters: {"utf8"=>"✓", "authenticity_token"=>"CbLwWlMh6azWrKzknp9Hliuh7NtzizH4CUoBEn9xuN25EmcRryngILslW8zcuPImTF6gThPrAxYpE/RpEpTysQ==", "post"=>{"title"=>"dfgdfg", "tags_attributes"=>{"0"=>{"title"=>"ghfgjhghj"}}}, "commit"=>"Create Post"}
Unpermitted parameter: tags_attributes
  [1m[36m (0.3ms)[0m  [1mbegin transaction[0m
  [1m[35mSQL (15.7ms)[0m  INSERT INTO "posts" ("title", "created_at", "updated_at") VALUES (?, ?, ?)  [["title", "dfgdfg"], ["created_at", "2017-03-20 21:50:27.357119"], ["updated_at", "2017-03-20 21:50:27.357119"]]
  [1m[36m (15.8ms)[0m  [1mcommit transaction[0m
Redirected to http://0.0.0.0:3000/post
Filter chain halted as :create_action rendered or redirected
Completed 302 Found in 50ms (ActiveRecord: 31.8ms)


Started GET "/post" for 127.0.0.1 at 2017-03-20 22:50:27 +0100
Processing by PostsController#index as HTML
  [1m[35mPost Load (0.7ms)[0m  SELECT "posts".* FROM "posts"
  Rendered posts/index.html.erb within layouts/application (13.1ms)
  Rendered layouts/_main_menu.html.erb (1.8ms)
Completed 200 OK in 302ms (Views: 299.3ms | ActiveRecord: 0.7ms)
  [1m[36mTag Load (0.5ms)[0m  [1mSELECT "tags".* FROM "tags"[0m
  [1m[35mPostTag Load (0.5ms)[0m  SELECT "post_tags".* FROM "post_tags"


Started GET "/post/new" for 127.0.0.1 at 2017-03-20 22:51:18 +0100
Processing by PostsController#new as HTML
------------------------------------
#<Tag::ActiveRecord_Associations_CollectionProxy:0x007fb1b4af97a0>
  Rendered posts/new.html.erb within layouts/application (26.3ms)
  Rendered layouts/_main_menu.html.erb (1.4ms)
Completed 200 OK in 468ms (Views: 301.4ms | ActiveRecord: 17.1ms)


Started POST "/post" for 127.0.0.1 at 2017-03-20 22:51:25 +0100
Processing by PostsController#create as HTML
  Parameters: {"utf8"=>"✓", "authenticity_token"=>"dmRS5N/rIxjlt//NzoaCjJxxzeQNfku10ncawK/j19XGxMWvI+MqlIg+COWMoTc8+46BcW0eeVvyLu+7wgaduQ==", "post"=>{"title"=>"kôklô", "tags_attributes"=>{"0"=>{"title"=>"ô§lô§lô§"}}}, "commit"=>"Create Post"}
  [1m[36m (5.8ms)[0m  [1mbegin transaction[0m
  [1m[35mSQL (1.0ms)[0m  INSERT INTO "posts" ("title", "created_at", "updated_at") VALUES (?, ?, ?)  [["title", "kôklô"], ["created_at", "2017-03-20 21:51:26.042250"], ["updated_at", "2017-03-20 21:51:26.042250"]]
  [1m[36mSQL (1.0ms)[0m  [1mINSERT INTO "tags" ("title", "created_at", "updated_at") VALUES (?, ?, ?)[0m  [["title", "ô§lô§lô§"], ["created_at", "2017-03-20 21:51:26.065016"], ["updated_at", "2017-03-20 21:51:26.065016"]]
  [1m[35mSQL (4.7ms)[0m  INSERT INTO "post_tags" ("post_id", "tag_id", "created_at", "updated_at") VALUES (?, ?, ?, ?)  [["post_id", 14], ["tag_id", 1], ["created_at", "2017-03-20 21:51:26.089215"], ["updated_at", "2017-03-20 21:51:26.089215"]]
  [1m[36m (6.2ms)[0m  [1mcommit transaction[0m
Redirected to http://0.0.0.0:3000/post
Filter chain halted as :create_action rendered or redirected
Completed 302 Found in 123ms (ActiveRecord: 18.6ms)


Started GET "/post" for 127.0.0.1 at 2017-03-20 22:51:26 +0100
Processing by PostsController#index as HTML
  [1m[35mPost Load (0.7ms)[0m  SELECT "posts".* FROM "posts"
  Rendered posts/index.html.erb within layouts/application (23.2ms)
  Rendered layouts/_main_menu.html.erb (1.9ms)
Completed 200 OK in 352ms (Views: 349.2ms | ActiveRecord: 0.7ms)
  [1m[36mPostTag Load (0.5ms)[0m  [1mSELECT "post_tags".* FROM "post_tags"[0m
  [1m[35mTag Load (0.6ms)[0m  SELECT "tags".* FROM "tags"


Started GET "/post/new" for 127.0.0.1 at 2017-03-20 23:05:25 +0100
Processing by PostsController#new as HTML
------------------------------------
#<Tag::ActiveRecord_Associations_CollectionProxy:0x007fb1c2029880>
  Rendered posts/new.html.erb within layouts/application (17.8ms)
  Rendered layouts/_main_menu.html.erb (1.2ms)
Completed 200 OK in 320ms (Views: 163.5ms | ActiveRecord: 4.7ms)


Started GET "/post/new" for 127.0.0.1 at 2017-03-20 23:05:34 +0100
Processing by PostsController#new as HTML
------------------------------------
#<Tag::ActiveRecord_Associations_CollectionProxy:0x007fb1b4b38658>
  Rendered posts/new.html.erb within layouts/application (25.4ms)
  Rendered layouts/_main_menu.html.erb (1.1ms)
Completed 200 OK in 299ms (Views: 278.0ms | ActiveRecord: 0.0ms)


Started GET "/assets/blogs.self-e3b0c44298fc1c149afbf4c8996fb92427ae41e4649b934ca495991b7852b855.css?body=1" for 127.0.0.1 at 2017-03-20 23:05:35 +0100


Started GET "/assets/homepage.self-e3b0c44298fc1c149afbf4c8996fb92427ae41e4649b934ca495991b7852b855.css?body=1" for 127.0.0.1 at 2017-03-20 23:05:35 +0100


Started GET "/assets/posts.self-e3b0c44298fc1c149afbf4c8996fb92427ae41e4649b934ca495991b7852b855.css?body=1" for 127.0.0.1 at 2017-03-20 23:05:35 +0100


Started GET "/assets/users.self-e3b0c44298fc1c149afbf4c8996fb92427ae41e4649b934ca495991b7852b855.css?body=1" for 127.0.0.1 at 2017-03-20 23:05:35 +0100


Started GET "/assets/jquery.self-bd7ddd393353a8d2480a622e80342adf488fb6006d667e8b42e4c0073393abee.js?body=1" for 127.0.0.1 at 2017-03-20 23:05:35 +0100


Started GET "/assets/application.self-e80e8f2318043e8af94dddc2adad5a4f09739a8ebb323b3ab31cd71d45fd9113.css?body=1" for 127.0.0.1 at 2017-03-20 23:05:35 +0100


Started GET "/assets/turbolinks.self-c5acd7a204f5f25ce7a1d8a0e4d92e28d34c9e2df2c7371cd7af88e147e4ad82.js?body=1" for 127.0.0.1 at 2017-03-20 23:05:35 +0100


Started GET "/assets/jquery_ujs.self-784a997f6726036b1993eb2217c9cb558e1cbb801c6da88105588c56f13b466a.js?body=1" for 127.0.0.1 at 2017-03-20 23:05:35 +0100


Started GET "/assets/blogs.self-877aef30ae1b040ab8a3aba4e3e309a11d7f2612f44dde450b5c157aa5f95c05.js?body=1" for 127.0.0.1 at 2017-03-20 23:05:35 +0100


Started GET "/assets/homepage.self-877aef30ae1b040ab8a3aba4e3e309a11d7f2612f44dde450b5c157aa5f95c05.js?body=1" for 127.0.0.1 at 2017-03-20 23:05:36 +0100


Started GET "/assets/posts.self-877aef30ae1b040ab8a3aba4e3e309a11d7f2612f44dde450b5c157aa5f95c05.js?body=1" for 127.0.0.1 at 2017-03-20 23:05:36 +0100


Started GET "/assets/users.self-877aef30ae1b040ab8a3aba4e3e309a11d7f2612f44dde450b5c157aa5f95c05.js?body=1" for 127.0.0.1 at 2017-03-20 23:05:36 +0100


Started GET "/assets/application.self-3b8dabdc891efe46b9a144b400ad69e37d7e5876bdc39dee783419a69d7ca819.js?body=1" for 127.0.0.1 at 2017-03-20 23:05:36 +0100


Started GET "/post/new" for 127.0.0.1 at 2017-03-20 23:05:48 +0100
Processing by PostsController#new as HTML
------------------------------------
#<Tag::ActiveRecord_Associations_CollectionProxy:0x007fb1bc0e68f0>
  Rendered posts/new.html.erb within layouts/application (8.2ms)
  Rendered layouts/_main_menu.html.erb (3.7ms)
Completed 200 OK in 186ms (Views: 182.7ms | ActiveRecord: 0.0ms)


Started GET "/post" for 127.0.0.1 at 2017-03-20 23:05:55 +0100
Processing by PostsController#index as HTML
  [1m[36mPost Load (0.7ms)[0m  [1mSELECT "posts".* FROM "posts"[0m
  Rendered posts/index.html.erb within layouts/application (15.6ms)
  Rendered layouts/_main_menu.html.erb (1.4ms)
Completed 200 OK in 250ms (Views: 247.5ms | ActiveRecord: 0.7ms)


Started GET "/post/new" for 127.0.0.1 at 2017-03-20 23:06:02 +0100
Processing by PostsController#new as HTML
------------------------------------
#<Tag::ActiveRecord_Associations_CollectionProxy:0x007fb1b4691f50>
  Rendered posts/new.html.erb within layouts/application (3.8ms)
  Rendered layouts/_main_menu.html.erb (1.7ms)
Completed 200 OK in 85ms (Views: 77.6ms | ActiveRecord: 0.0ms)
  [1m[36mPostTag Load (0.6ms)[0m  [1mSELECT "post_tags".* FROM "post_tags"[0m
  [1m[35mTag Load (0.5ms)[0m  SELECT "tags".* FROM "tags"
  [1m[36mPostTag Load (0.6ms)[0m  [1mSELECT "post_tags".* FROM "post_tags"[0m


Started GET "/post/new" for 127.0.0.1 at 2017-03-20 23:06:35 +0100
Processing by PostsController#new as HTML
------------------------------------
#<Tag::ActiveRecord_Associations_CollectionProxy:0x007fb1c1d73618>
  Rendered posts/new.html.erb within layouts/application (21.3ms)
  Rendered layouts/_main_menu.html.erb (1.3ms)
Completed 200 OK in 434ms (Views: 213.0ms | ActiveRecord: 16.1ms)


Started GET "/assets/homepage.self-e3b0c44298fc1c149afbf4c8996fb92427ae41e4649b934ca495991b7852b855.css?body=1" for 127.0.0.1 at 2017-03-20 23:06:36 +0100


Started GET "/assets/blogs.self-e3b0c44298fc1c149afbf4c8996fb92427ae41e4649b934ca495991b7852b855.css?body=1" for 127.0.0.1 at 2017-03-20 23:06:36 +0100


Started GET "/assets/posts.self-e3b0c44298fc1c149afbf4c8996fb92427ae41e4649b934ca495991b7852b855.css?body=1" for 127.0.0.1 at 2017-03-20 23:06:36 +0100


Started GET "/assets/application.self-e80e8f2318043e8af94dddc2adad5a4f09739a8ebb323b3ab31cd71d45fd9113.css?body=1" for 127.0.0.1 at 2017-03-20 23:06:36 +0100


Started GET "/assets/users.self-e3b0c44298fc1c149afbf4c8996fb92427ae41e4649b934ca495991b7852b855.css?body=1" for 127.0.0.1 at 2017-03-20 23:06:36 +0100


Started GET "/assets/jquery.self-bd7ddd393353a8d2480a622e80342adf488fb6006d667e8b42e4c0073393abee.js?body=1" for 127.0.0.1 at 2017-03-20 23:06:36 +0100


Started GET "/assets/jquery_ujs.self-784a997f6726036b1993eb2217c9cb558e1cbb801c6da88105588c56f13b466a.js?body=1" for 127.0.0.1 at 2017-03-20 23:06:36 +0100


Started GET "/assets/turbolinks.self-c5acd7a204f5f25ce7a1d8a0e4d92e28d34c9e2df2c7371cd7af88e147e4ad82.js?body=1" for 127.0.0.1 at 2017-03-20 23:06:36 +0100


Started GET "/assets/blogs.self-877aef30ae1b040ab8a3aba4e3e309a11d7f2612f44dde450b5c157aa5f95c05.js?body=1" for 127.0.0.1 at 2017-03-20 23:06:36 +0100


Started GET "/assets/homepage.self-877aef30ae1b040ab8a3aba4e3e309a11d7f2612f44dde450b5c157aa5f95c05.js?body=1" for 127.0.0.1 at 2017-03-20 23:06:36 +0100


Started GET "/assets/posts.self-877aef30ae1b040ab8a3aba4e3e309a11d7f2612f44dde450b5c157aa5f95c05.js?body=1" for 127.0.0.1 at 2017-03-20 23:06:36 +0100


Started GET "/assets/users.self-877aef30ae1b040ab8a3aba4e3e309a11d7f2612f44dde450b5c157aa5f95c05.js?body=1" for 127.0.0.1 at 2017-03-20 23:06:37 +0100


Started GET "/assets/application.self-3b8dabdc891efe46b9a144b400ad69e37d7e5876bdc39dee783419a69d7ca819.js?body=1" for 127.0.0.1 at 2017-03-20 23:06:37 +0100


Started GET "/post/new" for 127.0.0.1 at 2017-03-20 23:08:44 +0100
Processing by PostsController#new as HTML
------------------------------------
#<Tag::ActiveRecord_Associations_CollectionProxy:0x007fb1b49cc530>
  Rendered posts/new.html.erb within layouts/application (26.5ms)
  Rendered layouts/_main_menu.html.erb (1.4ms)
Completed 200 OK in 395ms (Views: 251.4ms | ActiveRecord: 4.1ms)


Started GET "/assets/blogs.self-e3b0c44298fc1c149afbf4c8996fb92427ae41e4649b934ca495991b7852b855.css?body=1" for 127.0.0.1 at 2017-03-20 23:08:45 +0100


Started GET "/assets/homepage.self-e3b0c44298fc1c149afbf4c8996fb92427ae41e4649b934ca495991b7852b855.css?body=1" for 127.0.0.1 at 2017-03-20 23:08:45 +0100


Started GET "/assets/users.self-e3b0c44298fc1c149afbf4c8996fb92427ae41e4649b934ca495991b7852b855.css?body=1" for 127.0.0.1 at 2017-03-20 23:08:45 +0100


Started GET "/assets/posts.self-e3b0c44298fc1c149afbf4c8996fb92427ae41e4649b934ca495991b7852b855.css?body=1" for 127.0.0.1 at 2017-03-20 23:08:45 +0100


Started GET "/assets/application.self-e80e8f2318043e8af94dddc2adad5a4f09739a8ebb323b3ab31cd71d45fd9113.css?body=1" for 127.0.0.1 at 2017-03-20 23:08:45 +0100


Started GET "/assets/jquery_ujs.self-784a997f6726036b1993eb2217c9cb558e1cbb801c6da88105588c56f13b466a.js?body=1" for 127.0.0.1 at 2017-03-20 23:08:45 +0100


Started GET "/assets/jquery.self-bd7ddd393353a8d2480a622e80342adf488fb6006d667e8b42e4c0073393abee.js?body=1" for 127.0.0.1 at 2017-03-20 23:08:45 +0100


Started GET "/assets/turbolinks.self-c5acd7a204f5f25ce7a1d8a0e4d92e28d34c9e2df2c7371cd7af88e147e4ad82.js?body=1" for 127.0.0.1 at 2017-03-20 23:08:45 +0100


Started GET "/assets/blogs.self-877aef30ae1b040ab8a3aba4e3e309a11d7f2612f44dde450b5c157aa5f95c05.js?body=1" for 127.0.0.1 at 2017-03-20 23:08:45 +0100


Started GET "/assets/homepage.self-877aef30ae1b040ab8a3aba4e3e309a11d7f2612f44dde450b5c157aa5f95c05.js?body=1" for 127.0.0.1 at 2017-03-20 23:08:45 +0100


Started GET "/assets/posts.self-877aef30ae1b040ab8a3aba4e3e309a11d7f2612f44dde450b5c157aa5f95c05.js?body=1" for 127.0.0.1 at 2017-03-20 23:08:45 +0100


Started GET "/assets/users.self-877aef30ae1b040ab8a3aba4e3e309a11d7f2612f44dde450b5c157aa5f95c05.js?body=1" for 127.0.0.1 at 2017-03-20 23:08:45 +0100


Started GET "/assets/application.self-3b8dabdc891efe46b9a144b400ad69e37d7e5876bdc39dee783419a69d7ca819.js?body=1" for 127.0.0.1 at 2017-03-20 23:08:45 +0100


Started GET "/post" for 127.0.0.1 at 2017-03-20 23:09:27 +0100
Processing by PostsController#index as HTML
  [1m[35mPost Load (0.8ms)[0m  SELECT "posts".* FROM "posts"
  Rendered posts/index.html.erb within layouts/application (29.1ms)
  Rendered layouts/_main_menu.html.erb (9.5ms)
Completed 200 OK in 315ms (Views: 309.8ms | ActiveRecord: 0.8ms)


Started GET "/post" for 127.0.0.1 at 2017-03-20 23:12:03 +0100
Processing by PostsController#index as HTML
  [1m[36mPost Load (5.6ms)[0m  [1mSELECT "posts".* FROM "posts"[0m
  Rendered posts/index.html.erb within layouts/application (62.5ms)
  Rendered layouts/_main_menu.html.erb (1.3ms)
Completed 200 OK in 254ms (Views: 243.2ms | ActiveRecord: 6.9ms)


Started GET "/assets/posts.self-e3b0c44298fc1c149afbf4c8996fb92427ae41e4649b934ca495991b7852b855.css?body=1" for 127.0.0.1 at 2017-03-20 23:12:04 +0100


Started GET "/assets/blogs.self-e3b0c44298fc1c149afbf4c8996fb92427ae41e4649b934ca495991b7852b855.css?body=1" for 127.0.0.1 at 2017-03-20 23:12:04 +0100


Started GET "/assets/homepage.self-e3b0c44298fc1c149afbf4c8996fb92427ae41e4649b934ca495991b7852b855.css?body=1" for 127.0.0.1 at 2017-03-20 23:12:04 +0100


Started GET "/assets/users.self-e3b0c44298fc1c149afbf4c8996fb92427ae41e4649b934ca495991b7852b855.css?body=1" for 127.0.0.1 at 2017-03-20 23:12:04 +0100


Started GET "/assets/application.self-e80e8f2318043e8af94dddc2adad5a4f09739a8ebb323b3ab31cd71d45fd9113.css?body=1" for 127.0.0.1 at 2017-03-20 23:12:04 +0100


Started GET "/assets/jquery_ujs.self-784a997f6726036b1993eb2217c9cb558e1cbb801c6da88105588c56f13b466a.js?body=1" for 127.0.0.1 at 2017-03-20 23:12:04 +0100


Started GET "/assets/jquery.self-bd7ddd393353a8d2480a622e80342adf488fb6006d667e8b42e4c0073393abee.js?body=1" for 127.0.0.1 at 2017-03-20 23:12:04 +0100


Started GET "/assets/turbolinks.self-c5acd7a204f5f25ce7a1d8a0e4d92e28d34c9e2df2c7371cd7af88e147e4ad82.js?body=1" for 127.0.0.1 at 2017-03-20 23:12:04 +0100


Started GET "/assets/homepage.self-877aef30ae1b040ab8a3aba4e3e309a11d7f2612f44dde450b5c157aa5f95c05.js?body=1" for 127.0.0.1 at 2017-03-20 23:12:04 +0100


Started GET "/assets/blogs.self-877aef30ae1b040ab8a3aba4e3e309a11d7f2612f44dde450b5c157aa5f95c05.js?body=1" for 127.0.0.1 at 2017-03-20 23:12:04 +0100


Started GET "/assets/posts.self-877aef30ae1b040ab8a3aba4e3e309a11d7f2612f44dde450b5c157aa5f95c05.js?body=1" for 127.0.0.1 at 2017-03-20 23:12:04 +0100


Started GET "/assets/users.self-877aef30ae1b040ab8a3aba4e3e309a11d7f2612f44dde450b5c157aa5f95c05.js?body=1" for 127.0.0.1 at 2017-03-20 23:12:04 +0100


Started GET "/assets/application.self-3b8dabdc891efe46b9a144b400ad69e37d7e5876bdc39dee783419a69d7ca819.js?body=1" for 127.0.0.1 at 2017-03-20 23:12:04 +0100


Started GET "/post" for 127.0.0.1 at 2017-03-20 23:12:20 +0100
Processing by PostsController#index as HTML
  [1m[35mPost Load (3.2ms)[0m  SELECT "posts".* FROM "posts"
  Rendered posts/index.html.erb within layouts/application (18.4ms)
  Rendered layouts/_main_menu.html.erb (1.4ms)
Completed 200 OK in 247ms (Views: 233.0ms | ActiveRecord: 3.2ms)


Started GET "/assets/blogs.self-e3b0c44298fc1c149afbf4c8996fb92427ae41e4649b934ca495991b7852b855.css?body=1" for 127.0.0.1 at 2017-03-20 23:12:20 +0100


Started GET "/assets/homepage.self-e3b0c44298fc1c149afbf4c8996fb92427ae41e4649b934ca495991b7852b855.css?body=1" for 127.0.0.1 at 2017-03-20 23:12:20 +0100


Started GET "/assets/posts.self-e3b0c44298fc1c149afbf4c8996fb92427ae41e4649b934ca495991b7852b855.css?body=1" for 127.0.0.1 at 2017-03-20 23:12:20 +0100


Started GET "/assets/users.self-e3b0c44298fc1c149afbf4c8996fb92427ae41e4649b934ca495991b7852b855.css?body=1" for 127.0.0.1 at 2017-03-20 23:12:20 +0100


Started GET "/assets/application.self-e80e8f2318043e8af94dddc2adad5a4f09739a8ebb323b3ab31cd71d45fd9113.css?body=1" for 127.0.0.1 at 2017-03-20 23:12:20 +0100


Started GET "/assets/jquery.self-bd7ddd393353a8d2480a622e80342adf488fb6006d667e8b42e4c0073393abee.js?body=1" for 127.0.0.1 at 2017-03-20 23:12:20 +0100


Started GET "/assets/jquery_ujs.self-784a997f6726036b1993eb2217c9cb558e1cbb801c6da88105588c56f13b466a.js?body=1" for 127.0.0.1 at 2017-03-20 23:12:20 +0100


Started GET "/assets/turbolinks.self-c5acd7a204f5f25ce7a1d8a0e4d92e28d34c9e2df2c7371cd7af88e147e4ad82.js?body=1" for 127.0.0.1 at 2017-03-20 23:12:20 +0100


Started GET "/assets/blogs.self-877aef30ae1b040ab8a3aba4e3e309a11d7f2612f44dde450b5c157aa5f95c05.js?body=1" for 127.0.0.1 at 2017-03-20 23:12:20 +0100


Started GET "/assets/homepage.self-877aef30ae1b040ab8a3aba4e3e309a11d7f2612f44dde450b5c157aa5f95c05.js?body=1" for 127.0.0.1 at 2017-03-20 23:12:20 +0100


Started GET "/assets/posts.self-877aef30ae1b040ab8a3aba4e3e309a11d7f2612f44dde450b5c157aa5f95c05.js?body=1" for 127.0.0.1 at 2017-03-20 23:12:20 +0100


Started GET "/assets/users.self-877aef30ae1b040ab8a3aba4e3e309a11d7f2612f44dde450b5c157aa5f95c05.js?body=1" for 127.0.0.1 at 2017-03-20 23:12:20 +0100


Started GET "/assets/application.self-3b8dabdc891efe46b9a144b400ad69e37d7e5876bdc39dee783419a69d7ca819.js?body=1" for 127.0.0.1 at 2017-03-20 23:12:20 +0100


Started GET "/post" for 127.0.0.1 at 2017-03-20 23:15:27 +0100
Processing by PostsController#index as HTML
  [1m[36mPost Load (9.1ms)[0m  [1mSELECT "posts".* FROM "posts"[0m
  Rendered posts/index.html.erb within layouts/application (68.7ms)
  Rendered layouts/_main_menu.html.erb (1.3ms)
Completed 200 OK in 267ms (Views: 240.3ms | ActiveRecord: 14.0ms)


Started GET "/assets/blogs.self-e3b0c44298fc1c149afbf4c8996fb92427ae41e4649b934ca495991b7852b855.css?body=1" for 127.0.0.1 at 2017-03-20 23:15:27 +0100


Started GET "/assets/homepage.self-e3b0c44298fc1c149afbf4c8996fb92427ae41e4649b934ca495991b7852b855.css?body=1" for 127.0.0.1 at 2017-03-20 23:15:27 +0100


Started GET "/assets/posts.self-e3b0c44298fc1c149afbf4c8996fb92427ae41e4649b934ca495991b7852b855.css?body=1" for 127.0.0.1 at 2017-03-20 23:15:27 +0100


Started GET "/assets/users.self-e3b0c44298fc1c149afbf4c8996fb92427ae41e4649b934ca495991b7852b855.css?body=1" for 127.0.0.1 at 2017-03-20 23:15:27 +0100


Started GET "/assets/application.self-e80e8f2318043e8af94dddc2adad5a4f09739a8ebb323b3ab31cd71d45fd9113.css?body=1" for 127.0.0.1 at 2017-03-20 23:15:27 +0100


Started GET "/assets/jquery.self-bd7ddd393353a8d2480a622e80342adf488fb6006d667e8b42e4c0073393abee.js?body=1" for 127.0.0.1 at 2017-03-20 23:15:28 +0100


Started GET "/assets/jquery_ujs.self-784a997f6726036b1993eb2217c9cb558e1cbb801c6da88105588c56f13b466a.js?body=1" for 127.0.0.1 at 2017-03-20 23:15:28 +0100


Started GET "/assets/turbolinks.self-c5acd7a204f5f25ce7a1d8a0e4d92e28d34c9e2df2c7371cd7af88e147e4ad82.js?body=1" for 127.0.0.1 at 2017-03-20 23:15:28 +0100


Started GET "/assets/blogs.self-877aef30ae1b040ab8a3aba4e3e309a11d7f2612f44dde450b5c157aa5f95c05.js?body=1" for 127.0.0.1 at 2017-03-20 23:15:28 +0100


Started GET "/assets/homepage.self-877aef30ae1b040ab8a3aba4e3e309a11d7f2612f44dde450b5c157aa5f95c05.js?body=1" for 127.0.0.1 at 2017-03-20 23:15:28 +0100


Started GET "/assets/posts.self-877aef30ae1b040ab8a3aba4e3e309a11d7f2612f44dde450b5c157aa5f95c05.js?body=1" for 127.0.0.1 at 2017-03-20 23:15:28 +0100


Started GET "/assets/users.self-877aef30ae1b040ab8a3aba4e3e309a11d7f2612f44dde450b5c157aa5f95c05.js?body=1" for 127.0.0.1 at 2017-03-20 23:15:28 +0100


Started GET "/assets/application.self-3b8dabdc891efe46b9a144b400ad69e37d7e5876bdc39dee783419a69d7ca819.js?body=1" for 127.0.0.1 at 2017-03-20 23:15:28 +0100


Started GET "/post" for 127.0.0.1 at 2017-03-20 23:15:34 +0100
Processing by PostsController#index as HTML
  [1m[35mPost Load (1.1ms)[0m  SELECT "posts".* FROM "posts"
  Rendered posts/index.html.erb within layouts/application (53.5ms)
  Rendered layouts/_main_menu.html.erb (1.2ms)
Completed 200 OK in 275ms (Views: 272.3ms | ActiveRecord: 1.1ms)


Started GET "/post" for 127.0.0.1 at 2017-03-20 23:15:38 +0100
Processing by PostsController#index as HTML
  [1m[36mPost Load (6.4ms)[0m  [1mSELECT "posts".* FROM "posts"[0m
  Rendered posts/index.html.erb within layouts/application (52.7ms)
  Rendered layouts/_main_menu.html.erb (1.1ms)
Completed 200 OK in 368ms (Views: 360.4ms | ActiveRecord: 6.4ms)


Started GET "/post" for 127.0.0.1 at 2017-03-20 23:16:28 +0100
Processing by PostsController#index as HTML
  [1m[35mPost Load (1.3ms)[0m  SELECT "posts".* FROM "posts"
  Rendered posts/index.html.erb within layouts/application (76.5ms)
  Rendered layouts/_main_menu.html.erb (1.2ms)
Completed 200 OK in 267ms (Views: 263.8ms | ActiveRecord: 1.3ms)


Started GET "/assets/blogs.self-e3b0c44298fc1c149afbf4c8996fb92427ae41e4649b934ca495991b7852b855.css?body=1" for 127.0.0.1 at 2017-03-20 23:16:28 +0100


Started GET "/assets/homepage.self-e3b0c44298fc1c149afbf4c8996fb92427ae41e4649b934ca495991b7852b855.css?body=1" for 127.0.0.1 at 2017-03-20 23:16:28 +0100


Started GET "/assets/posts.self-e3b0c44298fc1c149afbf4c8996fb92427ae41e4649b934ca495991b7852b855.css?body=1" for 127.0.0.1 at 2017-03-20 23:16:28 +0100


Started GET "/assets/application.self-e80e8f2318043e8af94dddc2adad5a4f09739a8ebb323b3ab31cd71d45fd9113.css?body=1" for 127.0.0.1 at 2017-03-20 23:16:28 +0100


Started GET "/assets/users.self-e3b0c44298fc1c149afbf4c8996fb92427ae41e4649b934ca495991b7852b855.css?body=1" for 127.0.0.1 at 2017-03-20 23:16:28 +0100


Started GET "/assets/jquery.self-bd7ddd393353a8d2480a622e80342adf488fb6006d667e8b42e4c0073393abee.js?body=1" for 127.0.0.1 at 2017-03-20 23:16:28 +0100


Started GET "/assets/jquery_ujs.self-784a997f6726036b1993eb2217c9cb558e1cbb801c6da88105588c56f13b466a.js?body=1" for 127.0.0.1 at 2017-03-20 23:16:28 +0100


Started GET "/assets/turbolinks.self-c5acd7a204f5f25ce7a1d8a0e4d92e28d34c9e2df2c7371cd7af88e147e4ad82.js?body=1" for 127.0.0.1 at 2017-03-20 23:16:28 +0100


Started GET "/assets/blogs.self-877aef30ae1b040ab8a3aba4e3e309a11d7f2612f44dde450b5c157aa5f95c05.js?body=1" for 127.0.0.1 at 2017-03-20 23:16:28 +0100


Started GET "/assets/homepage.self-877aef30ae1b040ab8a3aba4e3e309a11d7f2612f44dde450b5c157aa5f95c05.js?body=1" for 127.0.0.1 at 2017-03-20 23:16:28 +0100


Started GET "/assets/posts.self-877aef30ae1b040ab8a3aba4e3e309a11d7f2612f44dde450b5c157aa5f95c05.js?body=1" for 127.0.0.1 at 2017-03-20 23:16:28 +0100


Started GET "/assets/users.self-877aef30ae1b040ab8a3aba4e3e309a11d7f2612f44dde450b5c157aa5f95c05.js?body=1" for 127.0.0.1 at 2017-03-20 23:16:29 +0100


Started GET "/assets/application.self-3b8dabdc891efe46b9a144b400ad69e37d7e5876bdc39dee783419a69d7ca819.js?body=1" for 127.0.0.1 at 2017-03-20 23:16:29 +0100


Started GET "/post" for 127.0.0.1 at 2017-03-20 23:16:36 +0100
Processing by PostsController#index as HTML
  [1m[36mPost Load (0.7ms)[0m  [1mSELECT "posts".* FROM "posts"[0m
  Rendered posts/index.html.erb within layouts/application (30.8ms)
  Rendered layouts/_main_menu.html.erb (4.8ms)
Completed 200 OK in 300ms (Views: 297.4ms | ActiveRecord: 0.7ms)


Started GET "/post" for 127.0.0.1 at 2017-03-20 23:17:10 +0100
Processing by PostsController#index as HTML
  [1m[35mPost Load (0.7ms)[0m  SELECT "posts".* FROM "posts"
  Rendered posts/index.html.erb within layouts/application (30.5ms)
  Rendered layouts/_main_menu.html.erb (25.5ms)
Completed 200 OK in 382ms (Views: 379.3ms | ActiveRecord: 0.7ms)


Started GET "/post" for 127.0.0.1 at 2017-03-20 23:17:12 +0100
Processing by PostsController#index as HTML
  [1m[36mPost Load (0.7ms)[0m  [1mSELECT "posts".* FROM "posts"[0m
  Rendered posts/index.html.erb within layouts/application (49.7ms)
  Rendered layouts/_main_menu.html.erb (5.6ms)
Completed 200 OK in 360ms (Views: 358.0ms | ActiveRecord: 0.7ms)


Started GET "/post" for 127.0.0.1 at 2017-03-20 23:18:53 +0100
Processing by PostsController#index as HTML
  [1m[35mPost Load (0.8ms)[0m  SELECT "posts".* FROM "posts"
  Rendered posts/index.html.erb within layouts/application (48.7ms)
  Rendered layouts/_main_menu.html.erb (1.2ms)
Completed 200 OK in 380ms (Views: 377.7ms | ActiveRecord: 0.8ms)


Started GET "/post" for 127.0.0.1 at 2017-03-20 23:18:59 +0100
Processing by PostsController#index as HTML
  [1m[36mPost Load (0.8ms)[0m  [1mSELECT "posts".* FROM "posts"[0m
  Rendered posts/index.html.erb within layouts/application (33.8ms)
  Rendered layouts/_main_menu.html.erb (1.3ms)
Completed 200 OK in 235ms (Views: 221.2ms | ActiveRecord: 0.8ms)


Started GET "/post" for 127.0.0.1 at 2017-03-20 23:20:39 +0100
Processing by PostsController#index as HTML
  [1m[35mPost Load (0.7ms)[0m  SELECT "posts".* FROM "posts"
  Rendered posts/index.html.erb within layouts/application (46.9ms)
  Rendered layouts/_main_menu.html.erb (1.1ms)
Completed 200 OK in 312ms (Views: 309.3ms | ActiveRecord: 0.7ms)


Started GET "/post" for 127.0.0.1 at 2017-03-20 23:22:38 +0100
Processing by PostsController#index as HTML
  [1m[36mPost Load (1.3ms)[0m  [1mSELECT "posts".* FROM "posts"[0m
  Rendered posts/index.html.erb within layouts/application (100.5ms)
  Rendered layouts/_main_menu.html.erb (1.4ms)
Completed 200 OK in 343ms (Views: 325.8ms | ActiveRecord: 6.9ms)


Started GET "/assets/blogs.self-e3b0c44298fc1c149afbf4c8996fb92427ae41e4649b934ca495991b7852b855.css?body=1" for 127.0.0.1 at 2017-03-20 23:22:39 +0100


Started GET "/assets/posts.self-e3b0c44298fc1c149afbf4c8996fb92427ae41e4649b934ca495991b7852b855.css?body=1" for 127.0.0.1 at 2017-03-20 23:22:39 +0100


Started GET "/assets/jquery.self-bd7ddd393353a8d2480a622e80342adf488fb6006d667e8b42e4c0073393abee.js?body=1" for 127.0.0.1 at 2017-03-20 23:22:39 +0100


Started GET "/assets/homepage.self-e3b0c44298fc1c149afbf4c8996fb92427ae41e4649b934ca495991b7852b855.css?body=1" for 127.0.0.1 at 2017-03-20 23:22:39 +0100


Started GET "/assets/application.self-e80e8f2318043e8af94dddc2adad5a4f09739a8ebb323b3ab31cd71d45fd9113.css?body=1" for 127.0.0.1 at 2017-03-20 23:22:39 +0100


Started GET "/assets/users.self-e3b0c44298fc1c149afbf4c8996fb92427ae41e4649b934ca495991b7852b855.css?body=1" for 127.0.0.1 at 2017-03-20 23:22:39 +0100


Started GET "/assets/jquery_ujs.self-784a997f6726036b1993eb2217c9cb558e1cbb801c6da88105588c56f13b466a.js?body=1" for 127.0.0.1 at 2017-03-20 23:22:39 +0100


Started GET "/assets/turbolinks.self-c5acd7a204f5f25ce7a1d8a0e4d92e28d34c9e2df2c7371cd7af88e147e4ad82.js?body=1" for 127.0.0.1 at 2017-03-20 23:22:39 +0100


Started GET "/assets/blogs.self-877aef30ae1b040ab8a3aba4e3e309a11d7f2612f44dde450b5c157aa5f95c05.js?body=1" for 127.0.0.1 at 2017-03-20 23:22:39 +0100


Started GET "/assets/homepage.self-877aef30ae1b040ab8a3aba4e3e309a11d7f2612f44dde450b5c157aa5f95c05.js?body=1" for 127.0.0.1 at 2017-03-20 23:22:39 +0100


Started GET "/assets/posts.self-877aef30ae1b040ab8a3aba4e3e309a11d7f2612f44dde450b5c157aa5f95c05.js?body=1" for 127.0.0.1 at 2017-03-20 23:22:39 +0100


Started GET "/assets/users.self-877aef30ae1b040ab8a3aba4e3e309a11d7f2612f44dde450b5c157aa5f95c05.js?body=1" for 127.0.0.1 at 2017-03-20 23:22:39 +0100


Started GET "/assets/application.self-3b8dabdc891efe46b9a144b400ad69e37d7e5876bdc39dee783419a69d7ca819.js?body=1" for 127.0.0.1 at 2017-03-20 23:22:39 +0100


Started GET "/post/14/edit" for 127.0.0.1 at 2017-03-20 23:22:48 +0100
Processing by PostsController#edit as HTML
  Parameters: {"id"=>"14"}
  [1m[35mPost Load (13.7ms)[0m  SELECT  "posts".* FROM "posts" WHERE "posts"."id" = ? LIMIT 1  [["id", 14]]
Completed 500 Internal Server Error in 80ms (ActiveRecord: 13.7ms)

ActionView::MissingTemplate (Missing template posts/edit, application/edit with {:locale=>[:en], :formats=>[:html], :variants=>[], :handlers=>[:erb, :builder, :raw, :ruby, :coffee, :jbuilder]}. Searched in:
  * "/home/kovo/:. WWW/kovoweb-3.0/mojWeb/app/views"
):
  actionview (4.2.6) lib/action_view/path_set.rb:46:in `find'
  actionview (4.2.6) lib/action_view/lookup_context.rb:121:in `find'
  actionview (4.2.6) lib/action_view/renderer/abstract_renderer.rb:18:in `find_template'
  actionview (4.2.6) lib/action_view/renderer/template_renderer.rb:40:in `determine_template'
  actionview (4.2.6) lib/action_view/renderer/template_renderer.rb:8:in `render'
  actionview (4.2.6) lib/action_view/renderer/renderer.rb:46:in `render_template'
  actionview (4.2.6) lib/action_view/renderer/renderer.rb:27:in `render'
  actionview (4.2.6) lib/action_view/rendering.rb:100:in `_render_template'
  actionpack (4.2.6) lib/action_controller/metal/streaming.rb:217:in `_render_template'
  actionview (4.2.6) lib/action_view/rendering.rb:83:in `render_to_body'
  actionpack (4.2.6) lib/action_controller/metal/rendering.rb:32:in `render_to_body'
  actionpack (4.2.6) lib/action_controller/metal/renderers.rb:37:in `render_to_body'
  actionpack (4.2.6) lib/abstract_controller/rendering.rb:25:in `render'
  actionpack (4.2.6) lib/action_controller/metal/rendering.rb:16:in `render'
  actionpack (4.2.6) lib/action_controller/metal/instrumentation.rb:44:in `block (2 levels) in render'
  activesupport (4.2.6) lib/active_support/core_ext/benchmark.rb:12:in `block in ms'
  /home/kovo/.rbenv/versions/2.3.1/lib/ruby/2.3.0/benchmark.rb:308:in `realtime'
  activesupport (4.2.6) lib/active_support/core_ext/benchmark.rb:12:in `ms'
  actionpack (4.2.6) lib/action_controller/metal/instrumentation.rb:44:in `block in render'
  actionpack (4.2.6) lib/action_controller/metal/instrumentation.rb:87:in `cleanup_view_runtime'
  activerecord (4.2.6) lib/active_record/railties/controller_runtime.rb:25:in `cleanup_view_runtime'
  actionpack (4.2.6) lib/action_controller/metal/instrumentation.rb:43:in `render'
  actionpack (4.2.6) lib/action_controller/metal/implicit_render.rb:10:in `default_render'
  actionpack (4.2.6) lib/action_controller/metal/implicit_render.rb:5:in `send_action'
  actionpack (4.2.6) lib/abstract_controller/base.rb:198:in `process_action'
  actionpack (4.2.6) lib/action_controller/metal/rendering.rb:10:in `process_action'
  actionpack (4.2.6) lib/abstract_controller/callbacks.rb:20:in `block in process_action'
  activesupport (4.2.6) lib/active_support/callbacks.rb:117:in `call'
  activesupport (4.2.6) lib/active_support/callbacks.rb:555:in `block (2 levels) in compile'
  activesupport (4.2.6) lib/active_support/callbacks.rb:505:in `call'
  activesupport (4.2.6) lib/active_support/callbacks.rb:92:in `__run_callbacks__'
  activesupport (4.2.6) lib/active_support/callbacks.rb:778:in `_run_process_action_callbacks'
  activesupport (4.2.6) lib/active_support/callbacks.rb:81:in `run_callbacks'
  actionpack (4.2.6) lib/abstract_controller/callbacks.rb:19:in `process_action'
  actionpack (4.2.6) lib/action_controller/metal/rescue.rb:29:in `process_action'
  actionpack (4.2.6) lib/action_controller/metal/instrumentation.rb:32:in `block in process_action'
  activesupport (4.2.6) lib/active_support/notifications.rb:164:in `block in instrument'
  activesupport (4.2.6) lib/active_support/notifications/instrumenter.rb:20:in `instrument'
  activesupport (4.2.6) lib/active_support/notifications.rb:164:in `instrument'
  actionpack (4.2.6) lib/action_controller/metal/instrumentation.rb:30:in `process_action'
  actionpack (4.2.6) lib/action_controller/metal/params_wrapper.rb:250:in `process_action'
  activerecord (4.2.6) lib/active_record/railties/controller_runtime.rb:18:in `process_action'
  actionpack (4.2.6) lib/abstract_controller/base.rb:137:in `process'
  actionview (4.2.6) lib/action_view/rendering.rb:30:in `process'
  actionpack (4.2.6) lib/action_controller/metal.rb:196:in `dispatch'
  actionpack (4.2.6) lib/action_controller/metal/rack_delegation.rb:13:in `dispatch'
  actionpack (4.2.6) lib/action_controller/metal.rb:237:in `block in action'
  actionpack (4.2.6) lib/action_dispatch/routing/route_set.rb:74:in `dispatch'
  actionpack (4.2.6) lib/action_dispatch/routing/route_set.rb:43:in `serve'
  actionpack (4.2.6) lib/action_dispatch/journey/router.rb:43:in `block in serve'
  actionpack (4.2.6) lib/action_dispatch/journey/router.rb:30:in `each'
  actionpack (4.2.6) lib/action_dispatch/journey/router.rb:30:in `serve'
  actionpack (4.2.6) lib/action_dispatch/routing/route_set.rb:817:in `call'
  rack (1.6.5) lib/rack/etag.rb:24:in `call'
  rack (1.6.5) lib/rack/conditionalget.rb:25:in `call'
  rack (1.6.5) lib/rack/head.rb:13:in `call'
  actionpack (4.2.6) lib/action_dispatch/middleware/params_parser.rb:27:in `call'
  actionpack (4.2.6) lib/action_dispatch/middleware/flash.rb:260:in `call'
  rack (1.6.5) lib/rack/session/abstract/id.rb:225:in `context'
  rack (1.6.5) lib/rack/session/abstract/id.rb:220:in `call'
  actionpack (4.2.6) lib/action_dispatch/middleware/cookies.rb:560:in `call'
  activerecord (4.2.6) lib/active_record/query_cache.rb:36:in `call'
  activerecord (4.2.6) lib/active_record/connection_adapters/abstract/connection_pool.rb:653:in `call'
  activerecord (4.2.6) lib/active_record/migration.rb:377:in `call'
  actionpack (4.2.6) lib/action_dispatch/middleware/callbacks.rb:29:in `block in call'
  activesupport (4.2.6) lib/active_support/callbacks.rb:88:in `__run_callbacks__'
  activesupport (4.2.6) lib/active_support/callbacks.rb:778:in `_run_call_callbacks'
  activesupport (4.2.6) lib/active_support/callbacks.rb:81:in `run_callbacks'
  actionpack (4.2.6) lib/action_dispatch/middleware/callbacks.rb:27:in `call'
  actionpack (4.2.6) lib/action_dispatch/middleware/reloader.rb:73:in `call'
  actionpack (4.2.6) lib/action_dispatch/middleware/remote_ip.rb:78:in `call'
  actionpack (4.2.6) lib/action_dispatch/middleware/debug_exceptions.rb:17:in `call'
  web-console (2.3.0) lib/web_console/middleware.rb:28:in `block in call'
  web-console (2.3.0) lib/web_console/middleware.rb:18:in `catch'
  web-console (2.3.0) lib/web_console/middleware.rb:18:in `call'
  actionpack (4.2.6) lib/action_dispatch/middleware/show_exceptions.rb:30:in `call'
  railties (4.2.6) lib/rails/rack/logger.rb:38:in `call_app'
  railties (4.2.6) lib/rails/rack/logger.rb:20:in `block in call'
  activesupport (4.2.6) lib/active_support/tagged_logging.rb:68:in `block in tagged'
  activesupport (4.2.6) lib/active_support/tagged_logging.rb:26:in `tagged'
  activesupport (4.2.6) lib/active_support/tagged_logging.rb:68:in `tagged'
  railties (4.2.6) lib/rails/rack/logger.rb:20:in `call'
  actionpack (4.2.6) lib/action_dispatch/middleware/request_id.rb:21:in `call'
  rack (1.6.5) lib/rack/methodoverride.rb:22:in `call'
  rack (1.6.5) lib/rack/runtime.rb:18:in `call'
  activesupport (4.2.6) lib/active_support/cache/strategy/local_cache_middleware.rb:28:in `call'
  rack (1.6.5) lib/rack/lock.rb:17:in `call'
  actionpack (4.2.6) lib/action_dispatch/middleware/static.rb:120:in `call'
  rack (1.6.5) lib/rack/sendfile.rb:113:in `call'
  railties (4.2.6) lib/rails/engine.rb:518:in `call'
  railties (4.2.6) lib/rails/application.rb:165:in `call'
  rack (1.6.5) lib/rack/lock.rb:17:in `call'
  rack (1.6.5) lib/rack/content_length.rb:15:in `call'
  rack (1.6.5) lib/rack/handler/webrick.rb:88:in `service'
  /home/kovo/.rbenv/versions/2.3.1/lib/ruby/2.3.0/webrick/httpserver.rb:140:in `service'
  /home/kovo/.rbenv/versions/2.3.1/lib/ruby/2.3.0/webrick/httpserver.rb:96:in `run'
  /home/kovo/.rbenv/versions/2.3.1/lib/ruby/2.3.0/webrick/server.rb:296:in `block in start_thread'


  Rendered /home/kovo/.rbenv/versions/2.3.1/lib/ruby/gems/2.3.0/gems/actionpack-4.2.6/lib/action_dispatch/middleware/templates/rescues/_source.erb (73.0ms)
  Rendered /home/kovo/.rbenv/versions/2.3.1/lib/ruby/gems/2.3.0/gems/actionpack-4.2.6/lib/action_dispatch/middleware/templates/rescues/_trace.html.erb (25.7ms)
  Rendered /home/kovo/.rbenv/versions/2.3.1/lib/ruby/gems/2.3.0/gems/actionpack-4.2.6/lib/action_dispatch/middleware/templates/rescues/_request_and_response.html.erb (9.2ms)
  Rendered /home/kovo/.rbenv/versions/2.3.1/lib/ruby/gems/2.3.0/gems/actionpack-4.2.6/lib/action_dispatch/middleware/templates/rescues/missing_template.html.erb within rescues/layout (229.7ms)
  Rendered /home/kovo/.rbenv/versions/2.3.1/lib/ruby/gems/2.3.0/gems/web-console-2.3.0/lib/web_console/templates/_markup.html.erb (1.2ms)
  Rendered /home/kovo/.rbenv/versions/2.3.1/lib/ruby/gems/2.3.0/gems/web-console-2.3.0/lib/web_console/templates/_inner_console_markup.html.erb within layouts/inlined_string (1.2ms)
  Rendered /home/kovo/.rbenv/versions/2.3.1/lib/ruby/gems/2.3.0/gems/web-console-2.3.0/lib/web_console/templates/_prompt_box_markup.html.erb within layouts/inlined_string (1.0ms)
  Rendered /home/kovo/.rbenv/versions/2.3.1/lib/ruby/gems/2.3.0/gems/web-console-2.3.0/lib/web_console/templates/style.css.erb within layouts/inlined_string (1.2ms)
  Rendered /home/kovo/.rbenv/versions/2.3.1/lib/ruby/gems/2.3.0/gems/web-console-2.3.0/lib/web_console/templates/console.js.erb within layouts/javascript (141.1ms)
  Rendered /home/kovo/.rbenv/versions/2.3.1/lib/ruby/gems/2.3.0/gems/web-console-2.3.0/lib/web_console/templates/main.js.erb within layouts/javascript (1.1ms)
  Rendered /home/kovo/.rbenv/versions/2.3.1/lib/ruby/gems/2.3.0/gems/web-console-2.3.0/lib/web_console/templates/error_page.js.erb within layouts/javascript (1.4ms)
  Rendered /home/kovo/.rbenv/versions/2.3.1/lib/ruby/gems/2.3.0/gems/web-console-2.3.0/lib/web_console/templates/index.html.erb (256.0ms)


Started GET "/post/14/edit" for 127.0.0.1 at 2017-03-20 23:23:58 +0100
Processing by PostsController#edit as HTML
  Parameters: {"id"=>"14"}
  [1m[36mPost Load (3.6ms)[0m  [1mSELECT  "posts".* FROM "posts" WHERE "posts"."id" = ? LIMIT 1[0m  [["id", 14]]
  Rendered posts/edit.html.erb within layouts/application (1.1ms)
  Rendered layouts/_main_menu.html.erb (4.4ms)
Completed 200 OK in 242ms (Views: 227.2ms | ActiveRecord: 3.6ms)


Started GET "/assets/blogs.self-e3b0c44298fc1c149afbf4c8996fb92427ae41e4649b934ca495991b7852b855.css?body=1" for 127.0.0.1 at 2017-03-20 23:23:58 +0100


Started GET "/assets/homepage.self-e3b0c44298fc1c149afbf4c8996fb92427ae41e4649b934ca495991b7852b855.css?body=1" for 127.0.0.1 at 2017-03-20 23:23:58 +0100


Started GET "/assets/posts.self-e3b0c44298fc1c149afbf4c8996fb92427ae41e4649b934ca495991b7852b855.css?body=1" for 127.0.0.1 at 2017-03-20 23:23:58 +0100


Started GET "/assets/users.self-e3b0c44298fc1c149afbf4c8996fb92427ae41e4649b934ca495991b7852b855.css?body=1" for 127.0.0.1 at 2017-03-20 23:23:58 +0100


Started GET "/assets/jquery.self-bd7ddd393353a8d2480a622e80342adf488fb6006d667e8b42e4c0073393abee.js?body=1" for 127.0.0.1 at 2017-03-20 23:23:58 +0100


Started GET "/assets/application.self-e80e8f2318043e8af94dddc2adad5a4f09739a8ebb323b3ab31cd71d45fd9113.css?body=1" for 127.0.0.1 at 2017-03-20 23:23:58 +0100


Started GET "/assets/jquery_ujs.self-784a997f6726036b1993eb2217c9cb558e1cbb801c6da88105588c56f13b466a.js?body=1" for 127.0.0.1 at 2017-03-20 23:23:58 +0100


Started GET "/assets/turbolinks.self-c5acd7a204f5f25ce7a1d8a0e4d92e28d34c9e2df2c7371cd7af88e147e4ad82.js?body=1" for 127.0.0.1 at 2017-03-20 23:23:58 +0100


Started GET "/assets/blogs.self-877aef30ae1b040ab8a3aba4e3e309a11d7f2612f44dde450b5c157aa5f95c05.js?body=1" for 127.0.0.1 at 2017-03-20 23:23:59 +0100


Started GET "/assets/homepage.self-877aef30ae1b040ab8a3aba4e3e309a11d7f2612f44dde450b5c157aa5f95c05.js?body=1" for 127.0.0.1 at 2017-03-20 23:23:59 +0100


Started GET "/assets/posts.self-877aef30ae1b040ab8a3aba4e3e309a11d7f2612f44dde450b5c157aa5f95c05.js?body=1" for 127.0.0.1 at 2017-03-20 23:23:59 +0100


Started GET "/assets/users.self-877aef30ae1b040ab8a3aba4e3e309a11d7f2612f44dde450b5c157aa5f95c05.js?body=1" for 127.0.0.1 at 2017-03-20 23:23:59 +0100


Started GET "/assets/application.self-3b8dabdc891efe46b9a144b400ad69e37d7e5876bdc39dee783419a69d7ca819.js?body=1" for 127.0.0.1 at 2017-03-20 23:23:59 +0100


Started GET "/post/14/edit" for 127.0.0.1 at 2017-03-20 23:24:14 +0100
Processing by PostsController#edit as HTML
  Parameters: {"id"=>"14"}
  [1m[35mPost Load (0.3ms)[0m  SELECT  "posts".* FROM "posts" WHERE "posts"."id" = ? LIMIT 1  [["id", 14]]
  [1m[36mTag Load (0.6ms)[0m  [1mSELECT "tags".* FROM "tags" INNER JOIN "post_tags" ON "tags"."id" = "post_tags"."tag_id" WHERE "post_tags"."post_id" = ?[0m  [["post_id", 14]]
  Rendered posts/edit.html.erb within layouts/application (184.4ms)
  Rendered layouts/_main_menu.html.erb (1.3ms)
Completed 200 OK in 378ms (Views: 363.7ms | ActiveRecord: 2.2ms)


Started GET "/assets/blogs.self-e3b0c44298fc1c149afbf4c8996fb92427ae41e4649b934ca495991b7852b855.css?body=1" for 127.0.0.1 at 2017-03-20 23:24:14 +0100


Started GET "/assets/homepage.self-e3b0c44298fc1c149afbf4c8996fb92427ae41e4649b934ca495991b7852b855.css?body=1" for 127.0.0.1 at 2017-03-20 23:24:14 +0100


Started GET "/assets/posts.self-e3b0c44298fc1c149afbf4c8996fb92427ae41e4649b934ca495991b7852b855.css?body=1" for 127.0.0.1 at 2017-03-20 23:24:15 +0100


Started GET "/assets/users.self-e3b0c44298fc1c149afbf4c8996fb92427ae41e4649b934ca495991b7852b855.css?body=1" for 127.0.0.1 at 2017-03-20 23:24:15 +0100


Started GET "/assets/application.self-e80e8f2318043e8af94dddc2adad5a4f09739a8ebb323b3ab31cd71d45fd9113.css?body=1" for 127.0.0.1 at 2017-03-20 23:24:15 +0100


Started GET "/assets/jquery.self-bd7ddd393353a8d2480a622e80342adf488fb6006d667e8b42e4c0073393abee.js?body=1" for 127.0.0.1 at 2017-03-20 23:24:15 +0100


Started GET "/assets/jquery_ujs.self-784a997f6726036b1993eb2217c9cb558e1cbb801c6da88105588c56f13b466a.js?body=1" for 127.0.0.1 at 2017-03-20 23:24:15 +0100


Started GET "/assets/turbolinks.self-c5acd7a204f5f25ce7a1d8a0e4d92e28d34c9e2df2c7371cd7af88e147e4ad82.js?body=1" for 127.0.0.1 at 2017-03-20 23:24:15 +0100


Started GET "/assets/blogs.self-877aef30ae1b040ab8a3aba4e3e309a11d7f2612f44dde450b5c157aa5f95c05.js?body=1" for 127.0.0.1 at 2017-03-20 23:24:15 +0100


Started GET "/assets/homepage.self-877aef30ae1b040ab8a3aba4e3e309a11d7f2612f44dde450b5c157aa5f95c05.js?body=1" for 127.0.0.1 at 2017-03-20 23:24:15 +0100


Started GET "/assets/posts.self-877aef30ae1b040ab8a3aba4e3e309a11d7f2612f44dde450b5c157aa5f95c05.js?body=1" for 127.0.0.1 at 2017-03-20 23:24:15 +0100


Started GET "/assets/users.self-877aef30ae1b040ab8a3aba4e3e309a11d7f2612f44dde450b5c157aa5f95c05.js?body=1" for 127.0.0.1 at 2017-03-20 23:24:15 +0100


Started GET "/assets/application.self-3b8dabdc891efe46b9a144b400ad69e37d7e5876bdc39dee783419a69d7ca819.js?body=1" for 127.0.0.1 at 2017-03-20 23:24:15 +0100


Started PATCH "/post.14" for 127.0.0.1 at 2017-03-20 23:24:26 +0100

ActionController::RoutingError (No route matches [PATCH] "/post.14"):
  actionpack (4.2.6) lib/action_dispatch/middleware/debug_exceptions.rb:21:in `call'
  web-console (2.3.0) lib/web_console/middleware.rb:28:in `block in call'
  web-console (2.3.0) lib/web_console/middleware.rb:18:in `catch'
  web-console (2.3.0) lib/web_console/middleware.rb:18:in `call'
  actionpack (4.2.6) lib/action_dispatch/middleware/show_exceptions.rb:30:in `call'
  railties (4.2.6) lib/rails/rack/logger.rb:38:in `call_app'
  railties (4.2.6) lib/rails/rack/logger.rb:20:in `block in call'
  activesupport (4.2.6) lib/active_support/tagged_logging.rb:68:in `block in tagged'
  activesupport (4.2.6) lib/active_support/tagged_logging.rb:26:in `tagged'
  activesupport (4.2.6) lib/active_support/tagged_logging.rb:68:in `tagged'
  railties (4.2.6) lib/rails/rack/logger.rb:20:in `call'
  actionpack (4.2.6) lib/action_dispatch/middleware/request_id.rb:21:in `call'
  rack (1.6.5) lib/rack/methodoverride.rb:22:in `call'
  rack (1.6.5) lib/rack/runtime.rb:18:in `call'
  activesupport (4.2.6) lib/active_support/cache/strategy/local_cache_middleware.rb:28:in `call'
  rack (1.6.5) lib/rack/lock.rb:17:in `call'
  actionpack (4.2.6) lib/action_dispatch/middleware/static.rb:120:in `call'
  rack (1.6.5) lib/rack/sendfile.rb:113:in `call'
  railties (4.2.6) lib/rails/engine.rb:518:in `call'
  railties (4.2.6) lib/rails/application.rb:165:in `call'
  rack (1.6.5) lib/rack/lock.rb:17:in `call'
  rack (1.6.5) lib/rack/content_length.rb:15:in `call'
  rack (1.6.5) lib/rack/handler/webrick.rb:88:in `service'
  /home/kovo/.rbenv/versions/2.3.1/lib/ruby/2.3.0/webrick/httpserver.rb:140:in `service'
  /home/kovo/.rbenv/versions/2.3.1/lib/ruby/2.3.0/webrick/httpserver.rb:96:in `run'
  /home/kovo/.rbenv/versions/2.3.1/lib/ruby/2.3.0/webrick/server.rb:296:in `block in start_thread'


  Rendered /home/kovo/.rbenv/versions/2.3.1/lib/ruby/gems/2.3.0/gems/actionpack-4.2.6/lib/action_dispatch/middleware/templates/rescues/_trace.html.erb (19.2ms)
  Rendered /home/kovo/.rbenv/versions/2.3.1/lib/ruby/gems/2.3.0/gems/actionpack-4.2.6/lib/action_dispatch/middleware/templates/routes/_route.html.erb (4.3ms)
  Rendered /home/kovo/.rbenv/versions/2.3.1/lib/ruby/gems/2.3.0/gems/actionpack-4.2.6/lib/action_dispatch/middleware/templates/routes/_table.html.erb (6.0ms)
  Rendered /home/kovo/.rbenv/versions/2.3.1/lib/ruby/gems/2.3.0/gems/actionpack-4.2.6/lib/action_dispatch/middleware/templates/rescues/_request_and_response.html.erb (16.6ms)
  Rendered /home/kovo/.rbenv/versions/2.3.1/lib/ruby/gems/2.3.0/gems/actionpack-4.2.6/lib/action_dispatch/middleware/templates/rescues/routing_error.html.erb within rescues/layout (209.5ms)
  Rendered /home/kovo/.rbenv/versions/2.3.1/lib/ruby/gems/2.3.0/gems/web-console-2.3.0/lib/web_console/templates/_markup.html.erb (1.4ms)
  Rendered /home/kovo/.rbenv/versions/2.3.1/lib/ruby/gems/2.3.0/gems/web-console-2.3.0/lib/web_console/templates/_inner_console_markup.html.erb within layouts/inlined_string (1.2ms)
  Rendered /home/kovo/.rbenv/versions/2.3.1/lib/ruby/gems/2.3.0/gems/web-console-2.3.0/lib/web_console/templates/_prompt_box_markup.html.erb within layouts/inlined_string (1.0ms)
  Rendered /home/kovo/.rbenv/versions/2.3.1/lib/ruby/gems/2.3.0/gems/web-console-2.3.0/lib/web_console/templates/style.css.erb within layouts/inlined_string (1.2ms)
  Rendered /home/kovo/.rbenv/versions/2.3.1/lib/ruby/gems/2.3.0/gems/web-console-2.3.0/lib/web_console/templates/console.js.erb within layouts/javascript (98.1ms)
  Rendered /home/kovo/.rbenv/versions/2.3.1/lib/ruby/gems/2.3.0/gems/web-console-2.3.0/lib/web_console/templates/main.js.erb within layouts/javascript (1.1ms)
  Rendered /home/kovo/.rbenv/versions/2.3.1/lib/ruby/gems/2.3.0/gems/web-console-2.3.0/lib/web_console/templates/error_page.js.erb within layouts/javascript (1.5ms)
  Rendered /home/kovo/.rbenv/versions/2.3.1/lib/ruby/gems/2.3.0/gems/web-console-2.3.0/lib/web_console/templates/index.html.erb (218.0ms)


Started PATCH "/post.14" for 127.0.0.1 at 2017-03-20 23:29:06 +0100

ActionController::RoutingError (No route matches [PATCH] "/post.14"):
  actionpack (4.2.6) lib/action_dispatch/middleware/debug_exceptions.rb:21:in `call'
  web-console (2.3.0) lib/web_console/middleware.rb:28:in `block in call'
  web-console (2.3.0) lib/web_console/middleware.rb:18:in `catch'
  web-console (2.3.0) lib/web_console/middleware.rb:18:in `call'
  actionpack (4.2.6) lib/action_dispatch/middleware/show_exceptions.rb:30:in `call'
  railties (4.2.6) lib/rails/rack/logger.rb:38:in `call_app'
  railties (4.2.6) lib/rails/rack/logger.rb:20:in `block in call'
  activesupport (4.2.6) lib/active_support/tagged_logging.rb:68:in `block in tagged'
  activesupport (4.2.6) lib/active_support/tagged_logging.rb:26:in `tagged'
  activesupport (4.2.6) lib/active_support/tagged_logging.rb:68:in `tagged'
  railties (4.2.6) lib/rails/rack/logger.rb:20:in `call'
  actionpack (4.2.6) lib/action_dispatch/middleware/request_id.rb:21:in `call'
  rack (1.6.5) lib/rack/methodoverride.rb:22:in `call'
  rack (1.6.5) lib/rack/runtime.rb:18:in `call'
  activesupport (4.2.6) lib/active_support/cache/strategy/local_cache_middleware.rb:28:in `call'
  rack (1.6.5) lib/rack/lock.rb:17:in `call'
  actionpack (4.2.6) lib/action_dispatch/middleware/static.rb:120:in `call'
  rack (1.6.5) lib/rack/sendfile.rb:113:in `call'
  railties (4.2.6) lib/rails/engine.rb:518:in `call'
  railties (4.2.6) lib/rails/application.rb:165:in `call'
  rack (1.6.5) lib/rack/lock.rb:17:in `call'
  rack (1.6.5) lib/rack/content_length.rb:15:in `call'
  rack (1.6.5) lib/rack/handler/webrick.rb:88:in `service'
  /home/kovo/.rbenv/versions/2.3.1/lib/ruby/2.3.0/webrick/httpserver.rb:140:in `service'
  /home/kovo/.rbenv/versions/2.3.1/lib/ruby/2.3.0/webrick/httpserver.rb:96:in `run'
  /home/kovo/.rbenv/versions/2.3.1/lib/ruby/2.3.0/webrick/server.rb:296:in `block in start_thread'


  Rendered /home/kovo/.rbenv/versions/2.3.1/lib/ruby/gems/2.3.0/gems/actionpack-4.2.6/lib/action_dispatch/middleware/templates/rescues/_trace.html.erb (21.6ms)
  Rendered /home/kovo/.rbenv/versions/2.3.1/lib/ruby/gems/2.3.0/gems/actionpack-4.2.6/lib/action_dispatch/middleware/templates/routes/_route.html.erb (11.8ms)
  Rendered /home/kovo/.rbenv/versions/2.3.1/lib/ruby/gems/2.3.0/gems/actionpack-4.2.6/lib/action_dispatch/middleware/templates/routes/_table.html.erb (12.1ms)
  Rendered /home/kovo/.rbenv/versions/2.3.1/lib/ruby/gems/2.3.0/gems/actionpack-4.2.6/lib/action_dispatch/middleware/templates/rescues/_request_and_response.html.erb (8.8ms)
  Rendered /home/kovo/.rbenv/versions/2.3.1/lib/ruby/gems/2.3.0/gems/actionpack-4.2.6/lib/action_dispatch/middleware/templates/rescues/routing_error.html.erb within rescues/layout (210.1ms)
  Rendered /home/kovo/.rbenv/versions/2.3.1/lib/ruby/gems/2.3.0/gems/web-console-2.3.0/lib/web_console/templates/_markup.html.erb (1.6ms)
  Rendered /home/kovo/.rbenv/versions/2.3.1/lib/ruby/gems/2.3.0/gems/web-console-2.3.0/lib/web_console/templates/_inner_console_markup.html.erb within layouts/inlined_string (1.2ms)
  Rendered /home/kovo/.rbenv/versions/2.3.1/lib/ruby/gems/2.3.0/gems/web-console-2.3.0/lib/web_console/templates/_prompt_box_markup.html.erb within layouts/inlined_string (1.1ms)
  Rendered /home/kovo/.rbenv/versions/2.3.1/lib/ruby/gems/2.3.0/gems/web-console-2.3.0/lib/web_console/templates/style.css.erb within layouts/inlined_string (1.1ms)
  Rendered /home/kovo/.rbenv/versions/2.3.1/lib/ruby/gems/2.3.0/gems/web-console-2.3.0/lib/web_console/templates/console.js.erb within layouts/javascript (101.0ms)
  Rendered /home/kovo/.rbenv/versions/2.3.1/lib/ruby/gems/2.3.0/gems/web-console-2.3.0/lib/web_console/templates/main.js.erb within layouts/javascript (1.3ms)
  Rendered /home/kovo/.rbenv/versions/2.3.1/lib/ruby/gems/2.3.0/gems/web-console-2.3.0/lib/web_console/templates/error_page.js.erb within layouts/javascript (1.5ms)
  Rendered /home/kovo/.rbenv/versions/2.3.1/lib/ruby/gems/2.3.0/gems/web-console-2.3.0/lib/web_console/templates/index.html.erb (216.4ms)


Started PATCH "/post.14" for 127.0.0.1 at 2017-03-20 23:29:19 +0100

ActionController::RoutingError (No route matches [PATCH] "/post.14"):
  actionpack (4.2.6) lib/action_dispatch/middleware/debug_exceptions.rb:21:in `call'
  web-console (2.3.0) lib/web_console/middleware.rb:28:in `block in call'
  web-console (2.3.0) lib/web_console/middleware.rb:18:in `catch'
  web-console (2.3.0) lib/web_console/middleware.rb:18:in `call'
  actionpack (4.2.6) lib/action_dispatch/middleware/show_exceptions.rb:30:in `call'
  railties (4.2.6) lib/rails/rack/logger.rb:38:in `call_app'
  railties (4.2.6) lib/rails/rack/logger.rb:20:in `block in call'
  activesupport (4.2.6) lib/active_support/tagged_logging.rb:68:in `block in tagged'
  activesupport (4.2.6) lib/active_support/tagged_logging.rb:26:in `tagged'
  activesupport (4.2.6) lib/active_support/tagged_logging.rb:68:in `tagged'
  railties (4.2.6) lib/rails/rack/logger.rb:20:in `call'
  actionpack (4.2.6) lib/action_dispatch/middleware/request_id.rb:21:in `call'
  rack (1.6.5) lib/rack/methodoverride.rb:22:in `call'
  rack (1.6.5) lib/rack/runtime.rb:18:in `call'
  activesupport (4.2.6) lib/active_support/cache/strategy/local_cache_middleware.rb:28:in `call'
  rack (1.6.5) lib/rack/lock.rb:17:in `call'
  actionpack (4.2.6) lib/action_dispatch/middleware/static.rb:120:in `call'
  rack (1.6.5) lib/rack/sendfile.rb:113:in `call'
  railties (4.2.6) lib/rails/engine.rb:518:in `call'
  railties (4.2.6) lib/rails/application.rb:165:in `call'
  rack (1.6.5) lib/rack/lock.rb:17:in `call'
  rack (1.6.5) lib/rack/content_length.rb:15:in `call'
  rack (1.6.5) lib/rack/handler/webrick.rb:88:in `service'
  /home/kovo/.rbenv/versions/2.3.1/lib/ruby/2.3.0/webrick/httpserver.rb:140:in `service'
  /home/kovo/.rbenv/versions/2.3.1/lib/ruby/2.3.0/webrick/httpserver.rb:96:in `run'
  /home/kovo/.rbenv/versions/2.3.1/lib/ruby/2.3.0/webrick/server.rb:296:in `block in start_thread'


  Rendered /home/kovo/.rbenv/versions/2.3.1/lib/ruby/gems/2.3.0/gems/actionpack-4.2.6/lib/action_dispatch/middleware/templates/rescues/_trace.html.erb (9.6ms)
  Rendered /home/kovo/.rbenv/versions/2.3.1/lib/ruby/gems/2.3.0/gems/actionpack-4.2.6/lib/action_dispatch/middleware/templates/routes/_route.html.erb (7.9ms)
  Rendered /home/kovo/.rbenv/versions/2.3.1/lib/ruby/gems/2.3.0/gems/actionpack-4.2.6/lib/action_dispatch/middleware/templates/routes/_table.html.erb (20.0ms)
  Rendered /home/kovo/.rbenv/versions/2.3.1/lib/ruby/gems/2.3.0/gems/actionpack-4.2.6/lib/action_dispatch/middleware/templates/rescues/_request_and_response.html.erb (8.4ms)
  Rendered /home/kovo/.rbenv/versions/2.3.1/lib/ruby/gems/2.3.0/gems/actionpack-4.2.6/lib/action_dispatch/middleware/templates/rescues/routing_error.html.erb within rescues/layout (159.0ms)
  Rendered /home/kovo/.rbenv/versions/2.3.1/lib/ruby/gems/2.3.0/gems/web-console-2.3.0/lib/web_console/templates/_markup.html.erb (1.4ms)
  Rendered /home/kovo/.rbenv/versions/2.3.1/lib/ruby/gems/2.3.0/gems/web-console-2.3.0/lib/web_console/templates/_inner_console_markup.html.erb within layouts/inlined_string (5.3ms)
  Rendered /home/kovo/.rbenv/versions/2.3.1/lib/ruby/gems/2.3.0/gems/web-console-2.3.0/lib/web_console/templates/_prompt_box_markup.html.erb within layouts/inlined_string (1.2ms)
  Rendered /home/kovo/.rbenv/versions/2.3.1/lib/ruby/gems/2.3.0/gems/web-console-2.3.0/lib/web_console/templates/style.css.erb within layouts/inlined_string (1.1ms)
  Rendered /home/kovo/.rbenv/versions/2.3.1/lib/ruby/gems/2.3.0/gems/web-console-2.3.0/lib/web_console/templates/console.js.erb within layouts/javascript (104.4ms)
  Rendered /home/kovo/.rbenv/versions/2.3.1/lib/ruby/gems/2.3.0/gems/web-console-2.3.0/lib/web_console/templates/main.js.erb within layouts/javascript (9.2ms)
  Rendered /home/kovo/.rbenv/versions/2.3.1/lib/ruby/gems/2.3.0/gems/web-console-2.3.0/lib/web_console/templates/error_page.js.erb within layouts/javascript (1.4ms)
  Rendered /home/kovo/.rbenv/versions/2.3.1/lib/ruby/gems/2.3.0/gems/web-console-2.3.0/lib/web_console/templates/index.html.erb (213.1ms)


Started GET "/post/14/edit" for 127.0.0.1 at 2017-03-20 23:30:27 +0100
Processing by PostsController#edit as HTML
  Parameters: {"id"=>"14"}
  [1m[35mPost Load (0.6ms)[0m  SELECT  "posts".* FROM "posts" WHERE "posts"."id" = ? LIMIT 1  [["id", 14]]
  [1m[36mTag Load (0.7ms)[0m  [1mSELECT "tags".* FROM "tags" INNER JOIN "post_tags" ON "tags"."id" = "post_tags"."tag_id" WHERE "post_tags"."post_id" = ?[0m  [["post_id", 14]]
  Rendered posts/edit.html.erb within layouts/application (108.7ms)
  Rendered layouts/_main_menu.html.erb (1.4ms)
Completed 200 OK in 355ms (Views: 293.4ms | ActiveRecord: 13.0ms)


Started GET "/assets/blogs.self-e3b0c44298fc1c149afbf4c8996fb92427ae41e4649b934ca495991b7852b855.css?body=1" for 127.0.0.1 at 2017-03-20 23:30:27 +0100


Started GET "/assets/homepage.self-e3b0c44298fc1c149afbf4c8996fb92427ae41e4649b934ca495991b7852b855.css?body=1" for 127.0.0.1 at 2017-03-20 23:30:28 +0100


Started GET "/assets/posts.self-e3b0c44298fc1c149afbf4c8996fb92427ae41e4649b934ca495991b7852b855.css?body=1" for 127.0.0.1 at 2017-03-20 23:30:28 +0100


Started GET "/assets/jquery.self-bd7ddd393353a8d2480a622e80342adf488fb6006d667e8b42e4c0073393abee.js?body=1" for 127.0.0.1 at 2017-03-20 23:30:28 +0100


Started GET "/assets/users.self-e3b0c44298fc1c149afbf4c8996fb92427ae41e4649b934ca495991b7852b855.css?body=1" for 127.0.0.1 at 2017-03-20 23:30:28 +0100


Started GET "/assets/application.self-e80e8f2318043e8af94dddc2adad5a4f09739a8ebb323b3ab31cd71d45fd9113.css?body=1" for 127.0.0.1 at 2017-03-20 23:30:28 +0100


Started GET "/assets/turbolinks.self-c5acd7a204f5f25ce7a1d8a0e4d92e28d34c9e2df2c7371cd7af88e147e4ad82.js?body=1" for 127.0.0.1 at 2017-03-20 23:30:28 +0100


Started GET "/assets/blogs.self-877aef30ae1b040ab8a3aba4e3e309a11d7f2612f44dde450b5c157aa5f95c05.js?body=1" for 127.0.0.1 at 2017-03-20 23:30:28 +0100


Started GET "/assets/jquery_ujs.self-784a997f6726036b1993eb2217c9cb558e1cbb801c6da88105588c56f13b466a.js?body=1" for 127.0.0.1 at 2017-03-20 23:30:28 +0100


Started GET "/assets/homepage.self-877aef30ae1b040ab8a3aba4e3e309a11d7f2612f44dde450b5c157aa5f95c05.js?body=1" for 127.0.0.1 at 2017-03-20 23:30:28 +0100


Started GET "/assets/posts.self-877aef30ae1b040ab8a3aba4e3e309a11d7f2612f44dde450b5c157aa5f95c05.js?body=1" for 127.0.0.1 at 2017-03-20 23:30:28 +0100


Started GET "/assets/users.self-877aef30ae1b040ab8a3aba4e3e309a11d7f2612f44dde450b5c157aa5f95c05.js?body=1" for 127.0.0.1 at 2017-03-20 23:30:28 +0100


Started GET "/assets/application.self-3b8dabdc891efe46b9a144b400ad69e37d7e5876bdc39dee783419a69d7ca819.js?body=1" for 127.0.0.1 at 2017-03-20 23:30:28 +0100


Started PATCH "/post.14" for 127.0.0.1 at 2017-03-20 23:30:35 +0100

ActionController::RoutingError (No route matches [PATCH] "/post.14"):
  actionpack (4.2.6) lib/action_dispatch/middleware/debug_exceptions.rb:21:in `call'
  web-console (2.3.0) lib/web_console/middleware.rb:28:in `block in call'
  web-console (2.3.0) lib/web_console/middleware.rb:18:in `catch'
  web-console (2.3.0) lib/web_console/middleware.rb:18:in `call'
  actionpack (4.2.6) lib/action_dispatch/middleware/show_exceptions.rb:30:in `call'
  railties (4.2.6) lib/rails/rack/logger.rb:38:in `call_app'
  railties (4.2.6) lib/rails/rack/logger.rb:20:in `block in call'
  activesupport (4.2.6) lib/active_support/tagged_logging.rb:68:in `block in tagged'
  activesupport (4.2.6) lib/active_support/tagged_logging.rb:26:in `tagged'
  activesupport (4.2.6) lib/active_support/tagged_logging.rb:68:in `tagged'
  railties (4.2.6) lib/rails/rack/logger.rb:20:in `call'
  actionpack (4.2.6) lib/action_dispatch/middleware/request_id.rb:21:in `call'
  rack (1.6.5) lib/rack/methodoverride.rb:22:in `call'
  rack (1.6.5) lib/rack/runtime.rb:18:in `call'
  activesupport (4.2.6) lib/active_support/cache/strategy/local_cache_middleware.rb:28:in `call'
  rack (1.6.5) lib/rack/lock.rb:17:in `call'
  actionpack (4.2.6) lib/action_dispatch/middleware/static.rb:120:in `call'
  rack (1.6.5) lib/rack/sendfile.rb:113:in `call'
  railties (4.2.6) lib/rails/engine.rb:518:in `call'
  railties (4.2.6) lib/rails/application.rb:165:in `call'
  rack (1.6.5) lib/rack/lock.rb:17:in `call'
  rack (1.6.5) lib/rack/content_length.rb:15:in `call'
  rack (1.6.5) lib/rack/handler/webrick.rb:88:in `service'
  /home/kovo/.rbenv/versions/2.3.1/lib/ruby/2.3.0/webrick/httpserver.rb:140:in `service'
  /home/kovo/.rbenv/versions/2.3.1/lib/ruby/2.3.0/webrick/httpserver.rb:96:in `run'
  /home/kovo/.rbenv/versions/2.3.1/lib/ruby/2.3.0/webrick/server.rb:296:in `block in start_thread'


  Rendered /home/kovo/.rbenv/versions/2.3.1/lib/ruby/gems/2.3.0/gems/actionpack-4.2.6/lib/action_dispatch/middleware/templates/rescues/_trace.html.erb (22.1ms)
  Rendered /home/kovo/.rbenv/versions/2.3.1/lib/ruby/gems/2.3.0/gems/actionpack-4.2.6/lib/action_dispatch/middleware/templates/routes/_route.html.erb (10.9ms)
  Rendered /home/kovo/.rbenv/versions/2.3.1/lib/ruby/gems/2.3.0/gems/actionpack-4.2.6/lib/action_dispatch/middleware/templates/routes/_table.html.erb (20.4ms)
  Rendered /home/kovo/.rbenv/versions/2.3.1/lib/ruby/gems/2.3.0/gems/actionpack-4.2.6/lib/action_dispatch/middleware/templates/rescues/_request_and_response.html.erb (4.7ms)
  Rendered /home/kovo/.rbenv/versions/2.3.1/lib/ruby/gems/2.3.0/gems/actionpack-4.2.6/lib/action_dispatch/middleware/templates/rescues/routing_error.html.erb within rescues/layout (270.6ms)
  Rendered /home/kovo/.rbenv/versions/2.3.1/lib/ruby/gems/2.3.0/gems/web-console-2.3.0/lib/web_console/templates/_markup.html.erb (1.3ms)
  Rendered /home/kovo/.rbenv/versions/2.3.1/lib/ruby/gems/2.3.0/gems/web-console-2.3.0/lib/web_console/templates/_inner_console_markup.html.erb within layouts/inlined_string (1.4ms)
  Rendered /home/kovo/.rbenv/versions/2.3.1/lib/ruby/gems/2.3.0/gems/web-console-2.3.0/lib/web_console/templates/_prompt_box_markup.html.erb within layouts/inlined_string (1.2ms)
  Rendered /home/kovo/.rbenv/versions/2.3.1/lib/ruby/gems/2.3.0/gems/web-console-2.3.0/lib/web_console/templates/style.css.erb within layouts/inlined_string (4.1ms)
  Rendered /home/kovo/.rbenv/versions/2.3.1/lib/ruby/gems/2.3.0/gems/web-console-2.3.0/lib/web_console/templates/console.js.erb within layouts/javascript (178.7ms)
  Rendered /home/kovo/.rbenv/versions/2.3.1/lib/ruby/gems/2.3.0/gems/web-console-2.3.0/lib/web_console/templates/main.js.erb within layouts/javascript (1.1ms)
  Rendered /home/kovo/.rbenv/versions/2.3.1/lib/ruby/gems/2.3.0/gems/web-console-2.3.0/lib/web_console/templates/error_page.js.erb within layouts/javascript (1.5ms)
  Rendered /home/kovo/.rbenv/versions/2.3.1/lib/ruby/gems/2.3.0/gems/web-console-2.3.0/lib/web_console/templates/index.html.erb (377.0ms)


Started GET "/post" for 127.0.0.1 at 2017-03-20 23:31:34 +0100
Processing by PostsController#index as HTML
  [1m[35mPost Load (1.3ms)[0m  SELECT "posts".* FROM "posts"
  Rendered posts/index.html.erb within layouts/application (76.3ms)
  Rendered layouts/_main_menu.html.erb (9.6ms)
Completed 200 OK in 311ms (Views: 305.3ms | ActiveRecord: 2.6ms)


Started GET "/post/14/edit" for 127.0.0.1 at 2017-03-20 23:31:39 +0100
Processing by PostsController#edit as HTML
  Parameters: {"id"=>"14"}
  [1m[36mPost Load (0.6ms)[0m  [1mSELECT  "posts".* FROM "posts" WHERE "posts"."id" = ? LIMIT 1[0m  [["id", 14]]
  [1m[35mTag Load (0.6ms)[0m  SELECT "tags".* FROM "tags" INNER JOIN "post_tags" ON "tags"."id" = "post_tags"."tag_id" WHERE "post_tags"."post_id" = ?  [["post_id", 14]]
  Rendered posts/edit.html.erb within layouts/application (145.8ms)
  Rendered layouts/_main_menu.html.erb (2.2ms)
Completed 200 OK in 482ms (Views: 460.3ms | ActiveRecord: 2.7ms)


Started PATCH "/post.14" for 127.0.0.1 at 2017-03-20 23:31:44 +0100

ActionController::RoutingError (No route matches [PATCH] "/post.14"):
  actionpack (4.2.6) lib/action_dispatch/middleware/debug_exceptions.rb:21:in `call'
  web-console (2.3.0) lib/web_console/middleware.rb:28:in `block in call'
  web-console (2.3.0) lib/web_console/middleware.rb:18:in `catch'
  web-console (2.3.0) lib/web_console/middleware.rb:18:in `call'
  actionpack (4.2.6) lib/action_dispatch/middleware/show_exceptions.rb:30:in `call'
  railties (4.2.6) lib/rails/rack/logger.rb:38:in `call_app'
  railties (4.2.6) lib/rails/rack/logger.rb:20:in `block in call'
  activesupport (4.2.6) lib/active_support/tagged_logging.rb:68:in `block in tagged'
  activesupport (4.2.6) lib/active_support/tagged_logging.rb:26:in `tagged'
  activesupport (4.2.6) lib/active_support/tagged_logging.rb:68:in `tagged'
  railties (4.2.6) lib/rails/rack/logger.rb:20:in `call'
  actionpack (4.2.6) lib/action_dispatch/middleware/request_id.rb:21:in `call'
  rack (1.6.5) lib/rack/methodoverride.rb:22:in `call'
  rack (1.6.5) lib/rack/runtime.rb:18:in `call'
  activesupport (4.2.6) lib/active_support/cache/strategy/local_cache_middleware.rb:28:in `call'
  rack (1.6.5) lib/rack/lock.rb:17:in `call'
  actionpack (4.2.6) lib/action_dispatch/middleware/static.rb:120:in `call'
  rack (1.6.5) lib/rack/sendfile.rb:113:in `call'
  railties (4.2.6) lib/rails/engine.rb:518:in `call'
  railties (4.2.6) lib/rails/application.rb:165:in `call'
  rack (1.6.5) lib/rack/lock.rb:17:in `call'
  rack (1.6.5) lib/rack/content_length.rb:15:in `call'
  rack (1.6.5) lib/rack/handler/webrick.rb:88:in `service'
  /home/kovo/.rbenv/versions/2.3.1/lib/ruby/2.3.0/webrick/httpserver.rb:140:in `service'
  /home/kovo/.rbenv/versions/2.3.1/lib/ruby/2.3.0/webrick/httpserver.rb:96:in `run'
  /home/kovo/.rbenv/versions/2.3.1/lib/ruby/2.3.0/webrick/server.rb:296:in `block in start_thread'


  Rendered /home/kovo/.rbenv/versions/2.3.1/lib/ruby/gems/2.3.0/gems/actionpack-4.2.6/lib/action_dispatch/middleware/templates/rescues/_trace.html.erb (14.6ms)
  Rendered /home/kovo/.rbenv/versions/2.3.1/lib/ruby/gems/2.3.0/gems/actionpack-4.2.6/lib/action_dispatch/middleware/templates/routes/_route.html.erb (11.2ms)
  Rendered /home/kovo/.rbenv/versions/2.3.1/lib/ruby/gems/2.3.0/gems/actionpack-4.2.6/lib/action_dispatch/middleware/templates/routes/_table.html.erb (16.2ms)
  Rendered /home/kovo/.rbenv/versions/2.3.1/lib/ruby/gems/2.3.0/gems/actionpack-4.2.6/lib/action_dispatch/middleware/templates/rescues/_request_and_response.html.erb (6.4ms)
  Rendered /home/kovo/.rbenv/versions/2.3.1/lib/ruby/gems/2.3.0/gems/actionpack-4.2.6/lib/action_dispatch/middleware/templates/rescues/routing_error.html.erb within rescues/layout (170.8ms)
  Rendered /home/kovo/.rbenv/versions/2.3.1/lib/ruby/gems/2.3.0/gems/web-console-2.3.0/lib/web_console/templates/_markup.html.erb (8.4ms)
  Rendered /home/kovo/.rbenv/versions/2.3.1/lib/ruby/gems/2.3.0/gems/web-console-2.3.0/lib/web_console/templates/_inner_console_markup.html.erb within layouts/inlined_string (2.2ms)
  Rendered /home/kovo/.rbenv/versions/2.3.1/lib/ruby/gems/2.3.0/gems/web-console-2.3.0/lib/web_console/templates/_prompt_box_markup.html.erb within layouts/inlined_string (1.1ms)
  Rendered /home/kovo/.rbenv/versions/2.3.1/lib/ruby/gems/2.3.0/gems/web-console-2.3.0/lib/web_console/templates/style.css.erb within layouts/inlined_string (2.2ms)
  Rendered /home/kovo/.rbenv/versions/2.3.1/lib/ruby/gems/2.3.0/gems/web-console-2.3.0/lib/web_console/templates/console.js.erb within layouts/javascript (128.6ms)
  Rendered /home/kovo/.rbenv/versions/2.3.1/lib/ruby/gems/2.3.0/gems/web-console-2.3.0/lib/web_console/templates/main.js.erb within layouts/javascript (1.1ms)
  Rendered /home/kovo/.rbenv/versions/2.3.1/lib/ruby/gems/2.3.0/gems/web-console-2.3.0/lib/web_console/templates/error_page.js.erb within layouts/javascript (2.1ms)
  Rendered /home/kovo/.rbenv/versions/2.3.1/lib/ruby/gems/2.3.0/gems/web-console-2.3.0/lib/web_console/templates/index.html.erb (239.3ms)


Started GET "/post/14/edit" for 127.0.0.1 at 2017-03-20 23:39:26 +0100
Processing by PostsController#edit as HTML
  Parameters: {"id"=>"14"}
  [1m[36mPost Load (0.6ms)[0m  [1mSELECT  "posts".* FROM "posts" WHERE "posts"."id" = ? LIMIT 1[0m  [["id", 14]]
  [1m[35mTag Load (0.6ms)[0m  SELECT "tags".* FROM "tags" INNER JOIN "post_tags" ON "tags"."id" = "post_tags"."tag_id" WHERE "post_tags"."post_id" = ?  [["post_id", 14]]
  Rendered posts/edit.html.erb within layouts/application (161.4ms)
  Rendered layouts/_main_menu.html.erb (1.4ms)
Completed 200 OK in 577ms (Views: 468.4ms | ActiveRecord: 22.1ms)


Started GET "/assets/blogs.self-e3b0c44298fc1c149afbf4c8996fb92427ae41e4649b934ca495991b7852b855.css?body=1" for 127.0.0.1 at 2017-03-20 23:39:27 +0100


Started GET "/assets/homepage.self-e3b0c44298fc1c149afbf4c8996fb92427ae41e4649b934ca495991b7852b855.css?body=1" for 127.0.0.1 at 2017-03-20 23:39:27 +0100


Started GET "/assets/posts.self-e3b0c44298fc1c149afbf4c8996fb92427ae41e4649b934ca495991b7852b855.css?body=1" for 127.0.0.1 at 2017-03-20 23:39:27 +0100


Started GET "/assets/users.self-e3b0c44298fc1c149afbf4c8996fb92427ae41e4649b934ca495991b7852b855.css?body=1" for 127.0.0.1 at 2017-03-20 23:39:27 +0100


Started GET "/assets/jquery.self-bd7ddd393353a8d2480a622e80342adf488fb6006d667e8b42e4c0073393abee.js?body=1" for 127.0.0.1 at 2017-03-20 23:39:28 +0100


Started GET "/assets/application.self-e80e8f2318043e8af94dddc2adad5a4f09739a8ebb323b3ab31cd71d45fd9113.css?body=1" for 127.0.0.1 at 2017-03-20 23:39:28 +0100


Started GET "/assets/jquery_ujs.self-784a997f6726036b1993eb2217c9cb558e1cbb801c6da88105588c56f13b466a.js?body=1" for 127.0.0.1 at 2017-03-20 23:39:28 +0100


Started GET "/assets/turbolinks.self-c5acd7a204f5f25ce7a1d8a0e4d92e28d34c9e2df2c7371cd7af88e147e4ad82.js?body=1" for 127.0.0.1 at 2017-03-20 23:39:28 +0100


Started GET "/assets/blogs.self-877aef30ae1b040ab8a3aba4e3e309a11d7f2612f44dde450b5c157aa5f95c05.js?body=1" for 127.0.0.1 at 2017-03-20 23:39:28 +0100


Started GET "/assets/homepage.self-877aef30ae1b040ab8a3aba4e3e309a11d7f2612f44dde450b5c157aa5f95c05.js?body=1" for 127.0.0.1 at 2017-03-20 23:39:28 +0100


Started GET "/assets/posts.self-877aef30ae1b040ab8a3aba4e3e309a11d7f2612f44dde450b5c157aa5f95c05.js?body=1" for 127.0.0.1 at 2017-03-20 23:39:28 +0100


Started GET "/assets/users.self-877aef30ae1b040ab8a3aba4e3e309a11d7f2612f44dde450b5c157aa5f95c05.js?body=1" for 127.0.0.1 at 2017-03-20 23:39:28 +0100


Started GET "/assets/application.self-3b8dabdc891efe46b9a144b400ad69e37d7e5876bdc39dee783419a69d7ca819.js?body=1" for 127.0.0.1 at 2017-03-20 23:39:28 +0100


Started PATCH "/post.14" for 127.0.0.1 at 2017-03-20 23:39:38 +0100

ActionController::RoutingError (No route matches [PATCH] "/post.14"):
  actionpack (4.2.6) lib/action_dispatch/middleware/debug_exceptions.rb:21:in `call'
  web-console (2.3.0) lib/web_console/middleware.rb:28:in `block in call'
  web-console (2.3.0) lib/web_console/middleware.rb:18:in `catch'
  web-console (2.3.0) lib/web_console/middleware.rb:18:in `call'
  actionpack (4.2.6) lib/action_dispatch/middleware/show_exceptions.rb:30:in `call'
  railties (4.2.6) lib/rails/rack/logger.rb:38:in `call_app'
  railties (4.2.6) lib/rails/rack/logger.rb:20:in `block in call'
  activesupport (4.2.6) lib/active_support/tagged_logging.rb:68:in `block in tagged'
  activesupport (4.2.6) lib/active_support/tagged_logging.rb:26:in `tagged'
  activesupport (4.2.6) lib/active_support/tagged_logging.rb:68:in `tagged'
  railties (4.2.6) lib/rails/rack/logger.rb:20:in `call'
  actionpack (4.2.6) lib/action_dispatch/middleware/request_id.rb:21:in `call'
  rack (1.6.5) lib/rack/methodoverride.rb:22:in `call'
  rack (1.6.5) lib/rack/runtime.rb:18:in `call'
  activesupport (4.2.6) lib/active_support/cache/strategy/local_cache_middleware.rb:28:in `call'
  rack (1.6.5) lib/rack/lock.rb:17:in `call'
  actionpack (4.2.6) lib/action_dispatch/middleware/static.rb:120:in `call'
  rack (1.6.5) lib/rack/sendfile.rb:113:in `call'
  railties (4.2.6) lib/rails/engine.rb:518:in `call'
  railties (4.2.6) lib/rails/application.rb:165:in `call'
  rack (1.6.5) lib/rack/lock.rb:17:in `call'
  rack (1.6.5) lib/rack/content_length.rb:15:in `call'
  rack (1.6.5) lib/rack/handler/webrick.rb:88:in `service'
  /home/kovo/.rbenv/versions/2.3.1/lib/ruby/2.3.0/webrick/httpserver.rb:140:in `service'
  /home/kovo/.rbenv/versions/2.3.1/lib/ruby/2.3.0/webrick/httpserver.rb:96:in `run'
  /home/kovo/.rbenv/versions/2.3.1/lib/ruby/2.3.0/webrick/server.rb:296:in `block in start_thread'


  Rendered /home/kovo/.rbenv/versions/2.3.1/lib/ruby/gems/2.3.0/gems/actionpack-4.2.6/lib/action_dispatch/middleware/templates/rescues/_trace.html.erb (5.0ms)
  Rendered /home/kovo/.rbenv/versions/2.3.1/lib/ruby/gems/2.3.0/gems/actionpack-4.2.6/lib/action_dispatch/middleware/templates/routes/_route.html.erb (3.4ms)
  Rendered /home/kovo/.rbenv/versions/2.3.1/lib/ruby/gems/2.3.0/gems/actionpack-4.2.6/lib/action_dispatch/middleware/templates/routes/_table.html.erb (8.7ms)
  Rendered /home/kovo/.rbenv/versions/2.3.1/lib/ruby/gems/2.3.0/gems/actionpack-4.2.6/lib/action_dispatch/middleware/templates/rescues/_request_and_response.html.erb (4.4ms)
  Rendered /home/kovo/.rbenv/versions/2.3.1/lib/ruby/gems/2.3.0/gems/actionpack-4.2.6/lib/action_dispatch/middleware/templates/rescues/routing_error.html.erb within rescues/layout (110.7ms)
  Rendered /home/kovo/.rbenv/versions/2.3.1/lib/ruby/gems/2.3.0/gems/web-console-2.3.0/lib/web_console/templates/_markup.html.erb (1.3ms)
  Rendered /home/kovo/.rbenv/versions/2.3.1/lib/ruby/gems/2.3.0/gems/web-console-2.3.0/lib/web_console/templates/_inner_console_markup.html.erb within layouts/inlined_string (1.1ms)
  Rendered /home/kovo/.rbenv/versions/2.3.1/lib/ruby/gems/2.3.0/gems/web-console-2.3.0/lib/web_console/templates/_prompt_box_markup.html.erb within layouts/inlined_string (1.1ms)
  Rendered /home/kovo/.rbenv/versions/2.3.1/lib/ruby/gems/2.3.0/gems/web-console-2.3.0/lib/web_console/templates/style.css.erb within layouts/inlined_string (1.3ms)
  Rendered /home/kovo/.rbenv/versions/2.3.1/lib/ruby/gems/2.3.0/gems/web-console-2.3.0/lib/web_console/templates/console.js.erb within layouts/javascript (61.4ms)
  Rendered /home/kovo/.rbenv/versions/2.3.1/lib/ruby/gems/2.3.0/gems/web-console-2.3.0/lib/web_console/templates/main.js.erb within layouts/javascript (1.3ms)
  Rendered /home/kovo/.rbenv/versions/2.3.1/lib/ruby/gems/2.3.0/gems/web-console-2.3.0/lib/web_console/templates/error_page.js.erb within layouts/javascript (1.3ms)
  Rendered /home/kovo/.rbenv/versions/2.3.1/lib/ruby/gems/2.3.0/gems/web-console-2.3.0/lib/web_console/templates/index.html.erb (120.7ms)


Started PATCH "/post.14" for 127.0.0.1 at 2017-03-20 23:40:17 +0100

ActionController::RoutingError (No route matches [PATCH] "/post.14"):
  actionpack (4.2.6) lib/action_dispatch/middleware/debug_exceptions.rb:21:in `call'
  web-console (2.3.0) lib/web_console/middleware.rb:28:in `block in call'
  web-console (2.3.0) lib/web_console/middleware.rb:18:in `catch'
  web-console (2.3.0) lib/web_console/middleware.rb:18:in `call'
  actionpack (4.2.6) lib/action_dispatch/middleware/show_exceptions.rb:30:in `call'
  railties (4.2.6) lib/rails/rack/logger.rb:38:in `call_app'
  railties (4.2.6) lib/rails/rack/logger.rb:20:in `block in call'
  activesupport (4.2.6) lib/active_support/tagged_logging.rb:68:in `block in tagged'
  activesupport (4.2.6) lib/active_support/tagged_logging.rb:26:in `tagged'
  activesupport (4.2.6) lib/active_support/tagged_logging.rb:68:in `tagged'
  railties (4.2.6) lib/rails/rack/logger.rb:20:in `call'
  actionpack (4.2.6) lib/action_dispatch/middleware/request_id.rb:21:in `call'
  rack (1.6.5) lib/rack/methodoverride.rb:22:in `call'
  rack (1.6.5) lib/rack/runtime.rb:18:in `call'
  activesupport (4.2.6) lib/active_support/cache/strategy/local_cache_middleware.rb:28:in `call'
  rack (1.6.5) lib/rack/lock.rb:17:in `call'
  actionpack (4.2.6) lib/action_dispatch/middleware/static.rb:120:in `call'
  rack (1.6.5) lib/rack/sendfile.rb:113:in `call'
  railties (4.2.6) lib/rails/engine.rb:518:in `call'
  railties (4.2.6) lib/rails/application.rb:165:in `call'
  rack (1.6.5) lib/rack/lock.rb:17:in `call'
  rack (1.6.5) lib/rack/content_length.rb:15:in `call'
  rack (1.6.5) lib/rack/handler/webrick.rb:88:in `service'
  /home/kovo/.rbenv/versions/2.3.1/lib/ruby/2.3.0/webrick/httpserver.rb:140:in `service'
  /home/kovo/.rbenv/versions/2.3.1/lib/ruby/2.3.0/webrick/httpserver.rb:96:in `run'
  /home/kovo/.rbenv/versions/2.3.1/lib/ruby/2.3.0/webrick/server.rb:296:in `block in start_thread'


  Rendered /home/kovo/.rbenv/versions/2.3.1/lib/ruby/gems/2.3.0/gems/actionpack-4.2.6/lib/action_dispatch/middleware/templates/rescues/_trace.html.erb (13.7ms)
  Rendered /home/kovo/.rbenv/versions/2.3.1/lib/ruby/gems/2.3.0/gems/actionpack-4.2.6/lib/action_dispatch/middleware/templates/routes/_route.html.erb (12.2ms)
  Rendered /home/kovo/.rbenv/versions/2.3.1/lib/ruby/gems/2.3.0/gems/actionpack-4.2.6/lib/action_dispatch/middleware/templates/routes/_table.html.erb (12.8ms)
  Rendered /home/kovo/.rbenv/versions/2.3.1/lib/ruby/gems/2.3.0/gems/actionpack-4.2.6/lib/action_dispatch/middleware/templates/rescues/_request_and_response.html.erb (4.6ms)
  Rendered /home/kovo/.rbenv/versions/2.3.1/lib/ruby/gems/2.3.0/gems/actionpack-4.2.6/lib/action_dispatch/middleware/templates/rescues/routing_error.html.erb within rescues/layout (164.1ms)
  Rendered /home/kovo/.rbenv/versions/2.3.1/lib/ruby/gems/2.3.0/gems/web-console-2.3.0/lib/web_console/templates/_markup.html.erb (1.3ms)
  Rendered /home/kovo/.rbenv/versions/2.3.1/lib/ruby/gems/2.3.0/gems/web-console-2.3.0/lib/web_console/templates/_inner_console_markup.html.erb within layouts/inlined_string (1.2ms)
  Rendered /home/kovo/.rbenv/versions/2.3.1/lib/ruby/gems/2.3.0/gems/web-console-2.3.0/lib/web_console/templates/_prompt_box_markup.html.erb within layouts/inlined_string (1.0ms)
  Rendered /home/kovo/.rbenv/versions/2.3.1/lib/ruby/gems/2.3.0/gems/web-console-2.3.0/lib/web_console/templates/style.css.erb within layouts/inlined_string (4.4ms)
  Rendered /home/kovo/.rbenv/versions/2.3.1/lib/ruby/gems/2.3.0/gems/web-console-2.3.0/lib/web_console/templates/console.js.erb within layouts/javascript (114.6ms)
  Rendered /home/kovo/.rbenv/versions/2.3.1/lib/ruby/gems/2.3.0/gems/web-console-2.3.0/lib/web_console/templates/main.js.erb within layouts/javascript (1.2ms)
  Rendered /home/kovo/.rbenv/versions/2.3.1/lib/ruby/gems/2.3.0/gems/web-console-2.3.0/lib/web_console/templates/error_page.js.erb within layouts/javascript (1.3ms)
  Rendered /home/kovo/.rbenv/versions/2.3.1/lib/ruby/gems/2.3.0/gems/web-console-2.3.0/lib/web_console/templates/index.html.erb (248.5ms)


Started GET "/post/14/edit" for 127.0.0.1 at 2017-03-20 23:40:27 +0100
Processing by PostsController#edit as HTML
  Parameters: {"id"=>"14"}
  [1m[36mPost Load (7.0ms)[0m  [1mSELECT  "posts".* FROM "posts" WHERE "posts"."id" = ? LIMIT 1[0m  [["id", 14]]
  [1m[35mTag Load (0.6ms)[0m  SELECT "tags".* FROM "tags" INNER JOIN "post_tags" ON "tags"."id" = "post_tags"."tag_id" WHERE "post_tags"."post_id" = ?  [["post_id", 14]]
  Rendered posts/edit.html.erb within layouts/application (128.6ms)
  Rendered layouts/_main_menu.html.erb (2.2ms)
Completed 200 OK in 373ms (Views: 327.0ms | ActiveRecord: 13.9ms)


Started GET "/assets/blogs.self-e3b0c44298fc1c149afbf4c8996fb92427ae41e4649b934ca495991b7852b855.css?body=1" for 127.0.0.1 at 2017-03-20 23:40:28 +0100


Started GET "/assets/homepage.self-e3b0c44298fc1c149afbf4c8996fb92427ae41e4649b934ca495991b7852b855.css?body=1" for 127.0.0.1 at 2017-03-20 23:40:28 +0100


Started GET "/assets/posts.self-e3b0c44298fc1c149afbf4c8996fb92427ae41e4649b934ca495991b7852b855.css?body=1" for 127.0.0.1 at 2017-03-20 23:40:28 +0100


Started GET "/assets/users.self-e3b0c44298fc1c149afbf4c8996fb92427ae41e4649b934ca495991b7852b855.css?body=1" for 127.0.0.1 at 2017-03-20 23:40:28 +0100


Started GET "/assets/jquery.self-bd7ddd393353a8d2480a622e80342adf488fb6006d667e8b42e4c0073393abee.js?body=1" for 127.0.0.1 at 2017-03-20 23:40:28 +0100


Started GET "/assets/application.self-e80e8f2318043e8af94dddc2adad5a4f09739a8ebb323b3ab31cd71d45fd9113.css?body=1" for 127.0.0.1 at 2017-03-20 23:40:28 +0100


Started GET "/assets/jquery_ujs.self-784a997f6726036b1993eb2217c9cb558e1cbb801c6da88105588c56f13b466a.js?body=1" for 127.0.0.1 at 2017-03-20 23:40:28 +0100


Started GET "/assets/homepage.self-877aef30ae1b040ab8a3aba4e3e309a11d7f2612f44dde450b5c157aa5f95c05.js?body=1" for 127.0.0.1 at 2017-03-20 23:40:28 +0100


Started GET "/assets/turbolinks.self-c5acd7a204f5f25ce7a1d8a0e4d92e28d34c9e2df2c7371cd7af88e147e4ad82.js?body=1" for 127.0.0.1 at 2017-03-20 23:40:28 +0100


Started GET "/assets/blogs.self-877aef30ae1b040ab8a3aba4e3e309a11d7f2612f44dde450b5c157aa5f95c05.js?body=1" for 127.0.0.1 at 2017-03-20 23:40:29 +0100


Started GET "/assets/posts.self-877aef30ae1b040ab8a3aba4e3e309a11d7f2612f44dde450b5c157aa5f95c05.js?body=1" for 127.0.0.1 at 2017-03-20 23:40:29 +0100


Started GET "/assets/users.self-877aef30ae1b040ab8a3aba4e3e309a11d7f2612f44dde450b5c157aa5f95c05.js?body=1" for 127.0.0.1 at 2017-03-20 23:40:29 +0100


Started GET "/assets/application.self-3b8dabdc891efe46b9a144b400ad69e37d7e5876bdc39dee783419a69d7ca819.js?body=1" for 127.0.0.1 at 2017-03-20 23:40:29 +0100


Started PATCH "/post.14" for 127.0.0.1 at 2017-03-20 23:40:37 +0100

ActionController::RoutingError (No route matches [PATCH] "/post.14"):
  actionpack (4.2.6) lib/action_dispatch/middleware/debug_exceptions.rb:21:in `call'
  web-console (2.3.0) lib/web_console/middleware.rb:28:in `block in call'
  web-console (2.3.0) lib/web_console/middleware.rb:18:in `catch'
  web-console (2.3.0) lib/web_console/middleware.rb:18:in `call'
  actionpack (4.2.6) lib/action_dispatch/middleware/show_exceptions.rb:30:in `call'
  railties (4.2.6) lib/rails/rack/logger.rb:38:in `call_app'
  railties (4.2.6) lib/rails/rack/logger.rb:20:in `block in call'
  activesupport (4.2.6) lib/active_support/tagged_logging.rb:68:in `block in tagged'
  activesupport (4.2.6) lib/active_support/tagged_logging.rb:26:in `tagged'
  activesupport (4.2.6) lib/active_support/tagged_logging.rb:68:in `tagged'
  railties (4.2.6) lib/rails/rack/logger.rb:20:in `call'
  actionpack (4.2.6) lib/action_dispatch/middleware/request_id.rb:21:in `call'
  rack (1.6.5) lib/rack/methodoverride.rb:22:in `call'
  rack (1.6.5) lib/rack/runtime.rb:18:in `call'
  activesupport (4.2.6) lib/active_support/cache/strategy/local_cache_middleware.rb:28:in `call'
  rack (1.6.5) lib/rack/lock.rb:17:in `call'
  actionpack (4.2.6) lib/action_dispatch/middleware/static.rb:120:in `call'
  rack (1.6.5) lib/rack/sendfile.rb:113:in `call'
  railties (4.2.6) lib/rails/engine.rb:518:in `call'
  railties (4.2.6) lib/rails/application.rb:165:in `call'
  rack (1.6.5) lib/rack/lock.rb:17:in `call'
  rack (1.6.5) lib/rack/content_length.rb:15:in `call'
  rack (1.6.5) lib/rack/handler/webrick.rb:88:in `service'
  /home/kovo/.rbenv/versions/2.3.1/lib/ruby/2.3.0/webrick/httpserver.rb:140:in `service'
  /home/kovo/.rbenv/versions/2.3.1/lib/ruby/2.3.0/webrick/httpserver.rb:96:in `run'
  /home/kovo/.rbenv/versions/2.3.1/lib/ruby/2.3.0/webrick/server.rb:296:in `block in start_thread'


  Rendered /home/kovo/.rbenv/versions/2.3.1/lib/ruby/gems/2.3.0/gems/actionpack-4.2.6/lib/action_dispatch/middleware/templates/rescues/_trace.html.erb (13.7ms)
  Rendered /home/kovo/.rbenv/versions/2.3.1/lib/ruby/gems/2.3.0/gems/actionpack-4.2.6/lib/action_dispatch/middleware/templates/routes/_route.html.erb (7.6ms)
  Rendered /home/kovo/.rbenv/versions/2.3.1/lib/ruby/gems/2.3.0/gems/actionpack-4.2.6/lib/action_dispatch/middleware/templates/routes/_table.html.erb (8.0ms)
  Rendered /home/kovo/.rbenv/versions/2.3.1/lib/ruby/gems/2.3.0/gems/actionpack-4.2.6/lib/action_dispatch/middleware/templates/rescues/_request_and_response.html.erb (10.6ms)
  Rendered /home/kovo/.rbenv/versions/2.3.1/lib/ruby/gems/2.3.0/gems/actionpack-4.2.6/lib/action_dispatch/middleware/templates/rescues/routing_error.html.erb within rescues/layout (143.8ms)
  Rendered /home/kovo/.rbenv/versions/2.3.1/lib/ruby/gems/2.3.0/gems/web-console-2.3.0/lib/web_console/templates/_markup.html.erb (1.3ms)
  Rendered /home/kovo/.rbenv/versions/2.3.1/lib/ruby/gems/2.3.0/gems/web-console-2.3.0/lib/web_console/templates/_inner_console_markup.html.erb within layouts/inlined_string (5.4ms)
  Rendered /home/kovo/.rbenv/versions/2.3.1/lib/ruby/gems/2.3.0/gems/web-console-2.3.0/lib/web_console/templates/_prompt_box_markup.html.erb within layouts/inlined_string (1.0ms)
  Rendered /home/kovo/.rbenv/versions/2.3.1/lib/ruby/gems/2.3.0/gems/web-console-2.3.0/lib/web_console/templates/style.css.erb within layouts/inlined_string (4.9ms)
  Rendered /home/kovo/.rbenv/versions/2.3.1/lib/ruby/gems/2.3.0/gems/web-console-2.3.0/lib/web_console/templates/console.js.erb within layouts/javascript (88.6ms)
  Rendered /home/kovo/.rbenv/versions/2.3.1/lib/ruby/gems/2.3.0/gems/web-console-2.3.0/lib/web_console/templates/main.js.erb within layouts/javascript (5.4ms)
  Rendered /home/kovo/.rbenv/versions/2.3.1/lib/ruby/gems/2.3.0/gems/web-console-2.3.0/lib/web_console/templates/error_page.js.erb within layouts/javascript (5.4ms)
  Rendered /home/kovo/.rbenv/versions/2.3.1/lib/ruby/gems/2.3.0/gems/web-console-2.3.0/lib/web_console/templates/index.html.erb (191.7ms)


Started PATCH "/post.14" for 127.0.0.1 at 2017-03-20 23:40:55 +0100

ActionController::RoutingError (No route matches [PATCH] "/post.14"):
  actionpack (4.2.6) lib/action_dispatch/middleware/debug_exceptions.rb:21:in `call'
  web-console (2.3.0) lib/web_console/middleware.rb:28:in `block in call'
  web-console (2.3.0) lib/web_console/middleware.rb:18:in `catch'
  web-console (2.3.0) lib/web_console/middleware.rb:18:in `call'
  actionpack (4.2.6) lib/action_dispatch/middleware/show_exceptions.rb:30:in `call'
  railties (4.2.6) lib/rails/rack/logger.rb:38:in `call_app'
  railties (4.2.6) lib/rails/rack/logger.rb:20:in `block in call'
  activesupport (4.2.6) lib/active_support/tagged_logging.rb:68:in `block in tagged'
  activesupport (4.2.6) lib/active_support/tagged_logging.rb:26:in `tagged'
  activesupport (4.2.6) lib/active_support/tagged_logging.rb:68:in `tagged'
  railties (4.2.6) lib/rails/rack/logger.rb:20:in `call'
  actionpack (4.2.6) lib/action_dispatch/middleware/request_id.rb:21:in `call'
  rack (1.6.5) lib/rack/methodoverride.rb:22:in `call'
  rack (1.6.5) lib/rack/runtime.rb:18:in `call'
  activesupport (4.2.6) lib/active_support/cache/strategy/local_cache_middleware.rb:28:in `call'
  rack (1.6.5) lib/rack/lock.rb:17:in `call'
  actionpack (4.2.6) lib/action_dispatch/middleware/static.rb:120:in `call'
  rack (1.6.5) lib/rack/sendfile.rb:113:in `call'
  railties (4.2.6) lib/rails/engine.rb:518:in `call'
  railties (4.2.6) lib/rails/application.rb:165:in `call'
  rack (1.6.5) lib/rack/lock.rb:17:in `call'
  rack (1.6.5) lib/rack/content_length.rb:15:in `call'
  rack (1.6.5) lib/rack/handler/webrick.rb:88:in `service'
  /home/kovo/.rbenv/versions/2.3.1/lib/ruby/2.3.0/webrick/httpserver.rb:140:in `service'
  /home/kovo/.rbenv/versions/2.3.1/lib/ruby/2.3.0/webrick/httpserver.rb:96:in `run'
  /home/kovo/.rbenv/versions/2.3.1/lib/ruby/2.3.0/webrick/server.rb:296:in `block in start_thread'


  Rendered /home/kovo/.rbenv/versions/2.3.1/lib/ruby/gems/2.3.0/gems/actionpack-4.2.6/lib/action_dispatch/middleware/templates/rescues/_trace.html.erb (23.3ms)
  Rendered /home/kovo/.rbenv/versions/2.3.1/lib/ruby/gems/2.3.0/gems/actionpack-4.2.6/lib/action_dispatch/middleware/templates/routes/_route.html.erb (3.3ms)
  Rendered /home/kovo/.rbenv/versions/2.3.1/lib/ruby/gems/2.3.0/gems/actionpack-4.2.6/lib/action_dispatch/middleware/templates/routes/_table.html.erb (4.7ms)
  Rendered /home/kovo/.rbenv/versions/2.3.1/lib/ruby/gems/2.3.0/gems/actionpack-4.2.6/lib/action_dispatch/middleware/templates/rescues/_request_and_response.html.erb (9.5ms)
  Rendered /home/kovo/.rbenv/versions/2.3.1/lib/ruby/gems/2.3.0/gems/actionpack-4.2.6/lib/action_dispatch/middleware/templates/rescues/routing_error.html.erb within rescues/layout (192.4ms)
  Rendered /home/kovo/.rbenv/versions/2.3.1/lib/ruby/gems/2.3.0/gems/web-console-2.3.0/lib/web_console/templates/_markup.html.erb (3.8ms)
  Rendered /home/kovo/.rbenv/versions/2.3.1/lib/ruby/gems/2.3.0/gems/web-console-2.3.0/lib/web_console/templates/_inner_console_markup.html.erb within layouts/inlined_string (1.1ms)
  Rendered /home/kovo/.rbenv/versions/2.3.1/lib/ruby/gems/2.3.0/gems/web-console-2.3.0/lib/web_console/templates/_prompt_box_markup.html.erb within layouts/inlined_string (1.1ms)
  Rendered /home/kovo/.rbenv/versions/2.3.1/lib/ruby/gems/2.3.0/gems/web-console-2.3.0/lib/web_console/templates/style.css.erb within layouts/inlined_string (1.3ms)
  Rendered /home/kovo/.rbenv/versions/2.3.1/lib/ruby/gems/2.3.0/gems/web-console-2.3.0/lib/web_console/templates/console.js.erb within layouts/javascript (123.5ms)
  Rendered /home/kovo/.rbenv/versions/2.3.1/lib/ruby/gems/2.3.0/gems/web-console-2.3.0/lib/web_console/templates/main.js.erb within layouts/javascript (1.0ms)
  Rendered /home/kovo/.rbenv/versions/2.3.1/lib/ruby/gems/2.3.0/gems/web-console-2.3.0/lib/web_console/templates/error_page.js.erb within layouts/javascript (1.3ms)
  Rendered /home/kovo/.rbenv/versions/2.3.1/lib/ruby/gems/2.3.0/gems/web-console-2.3.0/lib/web_console/templates/index.html.erb (242.9ms)


Started GET "/post/14/edit" for 127.0.0.1 at 2017-03-20 23:47:33 +0100
Processing by PostsController#edit as HTML
  Parameters: {"id"=>"14"}
  [1m[36mPost Load (0.5ms)[0m  [1mSELECT  "posts".* FROM "posts" WHERE "posts"."id" = ? LIMIT 1[0m  [["id", 14]]
  [1m[35mTag Load (0.6ms)[0m  SELECT "tags".* FROM "tags" INNER JOIN "post_tags" ON "tags"."id" = "post_tags"."tag_id" WHERE "post_tags"."post_id" = ?  [["post_id", 14]]
  Rendered posts/edit.html.erb within layouts/application (145.3ms)
  Rendered layouts/_main_menu.html.erb (1.4ms)
Completed 200 OK in 408ms (Views: 324.6ms | ActiveRecord: 20.4ms)


Started GET "/assets/blogs.self-e3b0c44298fc1c149afbf4c8996fb92427ae41e4649b934ca495991b7852b855.css?body=1" for 127.0.0.1 at 2017-03-20 23:47:33 +0100


Started GET "/assets/application.self-e80e8f2318043e8af94dddc2adad5a4f09739a8ebb323b3ab31cd71d45fd9113.css?body=1" for 127.0.0.1 at 2017-03-20 23:47:33 +0100


Started GET "/assets/posts.self-e3b0c44298fc1c149afbf4c8996fb92427ae41e4649b934ca495991b7852b855.css?body=1" for 127.0.0.1 at 2017-03-20 23:47:34 +0100


Started GET "/assets/jquery.self-bd7ddd393353a8d2480a622e80342adf488fb6006d667e8b42e4c0073393abee.js?body=1" for 127.0.0.1 at 2017-03-20 23:47:34 +0100


Started GET "/assets/users.self-e3b0c44298fc1c149afbf4c8996fb92427ae41e4649b934ca495991b7852b855.css?body=1" for 127.0.0.1 at 2017-03-20 23:47:34 +0100


Started GET "/assets/homepage.self-e3b0c44298fc1c149afbf4c8996fb92427ae41e4649b934ca495991b7852b855.css?body=1" for 127.0.0.1 at 2017-03-20 23:47:34 +0100


Started GET "/assets/jquery_ujs.self-784a997f6726036b1993eb2217c9cb558e1cbb801c6da88105588c56f13b466a.js?body=1" for 127.0.0.1 at 2017-03-20 23:47:34 +0100


Started GET "/assets/turbolinks.self-c5acd7a204f5f25ce7a1d8a0e4d92e28d34c9e2df2c7371cd7af88e147e4ad82.js?body=1" for 127.0.0.1 at 2017-03-20 23:47:34 +0100


Started GET "/assets/blogs.self-877aef30ae1b040ab8a3aba4e3e309a11d7f2612f44dde450b5c157aa5f95c05.js?body=1" for 127.0.0.1 at 2017-03-20 23:47:34 +0100


Started GET "/assets/homepage.self-877aef30ae1b040ab8a3aba4e3e309a11d7f2612f44dde450b5c157aa5f95c05.js?body=1" for 127.0.0.1 at 2017-03-20 23:47:34 +0100


Started GET "/assets/posts.self-877aef30ae1b040ab8a3aba4e3e309a11d7f2612f44dde450b5c157aa5f95c05.js?body=1" for 127.0.0.1 at 2017-03-20 23:47:34 +0100


Started GET "/assets/users.self-877aef30ae1b040ab8a3aba4e3e309a11d7f2612f44dde450b5c157aa5f95c05.js?body=1" for 127.0.0.1 at 2017-03-20 23:47:34 +0100


Started GET "/assets/application.self-3b8dabdc891efe46b9a144b400ad69e37d7e5876bdc39dee783419a69d7ca819.js?body=1" for 127.0.0.1 at 2017-03-20 23:47:34 +0100


Started PATCH "/post.14" for 127.0.0.1 at 2017-03-20 23:48:32 +0100

ActionController::RoutingError (No route matches [PATCH] "/post.14"):
  actionpack (4.2.6) lib/action_dispatch/middleware/debug_exceptions.rb:21:in `call'
  web-console (2.3.0) lib/web_console/middleware.rb:28:in `block in call'
  web-console (2.3.0) lib/web_console/middleware.rb:18:in `catch'
  web-console (2.3.0) lib/web_console/middleware.rb:18:in `call'
  actionpack (4.2.6) lib/action_dispatch/middleware/show_exceptions.rb:30:in `call'
  railties (4.2.6) lib/rails/rack/logger.rb:38:in `call_app'
  railties (4.2.6) lib/rails/rack/logger.rb:20:in `block in call'
  activesupport (4.2.6) lib/active_support/tagged_logging.rb:68:in `block in tagged'
  activesupport (4.2.6) lib/active_support/tagged_logging.rb:26:in `tagged'
  activesupport (4.2.6) lib/active_support/tagged_logging.rb:68:in `tagged'
  railties (4.2.6) lib/rails/rack/logger.rb:20:in `call'
  actionpack (4.2.6) lib/action_dispatch/middleware/request_id.rb:21:in `call'
  rack (1.6.5) lib/rack/methodoverride.rb:22:in `call'
  rack (1.6.5) lib/rack/runtime.rb:18:in `call'
  activesupport (4.2.6) lib/active_support/cache/strategy/local_cache_middleware.rb:28:in `call'
  rack (1.6.5) lib/rack/lock.rb:17:in `call'
  actionpack (4.2.6) lib/action_dispatch/middleware/static.rb:120:in `call'
  rack (1.6.5) lib/rack/sendfile.rb:113:in `call'
  railties (4.2.6) lib/rails/engine.rb:518:in `call'
  railties (4.2.6) lib/rails/application.rb:165:in `call'
  rack (1.6.5) lib/rack/lock.rb:17:in `call'
  rack (1.6.5) lib/rack/content_length.rb:15:in `call'
  rack (1.6.5) lib/rack/handler/webrick.rb:88:in `service'
  /home/kovo/.rbenv/versions/2.3.1/lib/ruby/2.3.0/webrick/httpserver.rb:140:in `service'
  /home/kovo/.rbenv/versions/2.3.1/lib/ruby/2.3.0/webrick/httpserver.rb:96:in `run'
  /home/kovo/.rbenv/versions/2.3.1/lib/ruby/2.3.0/webrick/server.rb:296:in `block in start_thread'


  Rendered /home/kovo/.rbenv/versions/2.3.1/lib/ruby/gems/2.3.0/gems/actionpack-4.2.6/lib/action_dispatch/middleware/templates/rescues/_trace.html.erb (79.0ms)
  Rendered /home/kovo/.rbenv/versions/2.3.1/lib/ruby/gems/2.3.0/gems/actionpack-4.2.6/lib/action_dispatch/middleware/templates/routes/_route.html.erb (3.4ms)
  Rendered /home/kovo/.rbenv/versions/2.3.1/lib/ruby/gems/2.3.0/gems/actionpack-4.2.6/lib/action_dispatch/middleware/templates/routes/_table.html.erb (7.8ms)
  Rendered /home/kovo/.rbenv/versions/2.3.1/lib/ruby/gems/2.3.0/gems/actionpack-4.2.6/lib/action_dispatch/middleware/templates/rescues/_request_and_response.html.erb (4.4ms)
  Rendered /home/kovo/.rbenv/versions/2.3.1/lib/ruby/gems/2.3.0/gems/actionpack-4.2.6/lib/action_dispatch/middleware/templates/rescues/routing_error.html.erb within rescues/layout (261.3ms)
  Rendered /home/kovo/.rbenv/versions/2.3.1/lib/ruby/gems/2.3.0/gems/web-console-2.3.0/lib/web_console/templates/_markup.html.erb (1.3ms)
  Rendered /home/kovo/.rbenv/versions/2.3.1/lib/ruby/gems/2.3.0/gems/web-console-2.3.0/lib/web_console/templates/_inner_console_markup.html.erb within layouts/inlined_string (13.3ms)
  Rendered /home/kovo/.rbenv/versions/2.3.1/lib/ruby/gems/2.3.0/gems/web-console-2.3.0/lib/web_console/templates/_prompt_box_markup.html.erb within layouts/inlined_string (1.1ms)
  Rendered /home/kovo/.rbenv/versions/2.3.1/lib/ruby/gems/2.3.0/gems/web-console-2.3.0/lib/web_console/templates/style.css.erb within layouts/inlined_string (1.1ms)
  Rendered /home/kovo/.rbenv/versions/2.3.1/lib/ruby/gems/2.3.0/gems/web-console-2.3.0/lib/web_console/templates/console.js.erb within layouts/javascript (122.4ms)
  Rendered /home/kovo/.rbenv/versions/2.3.1/lib/ruby/gems/2.3.0/gems/web-console-2.3.0/lib/web_console/templates/main.js.erb within layouts/javascript (1.0ms)
  Rendered /home/kovo/.rbenv/versions/2.3.1/lib/ruby/gems/2.3.0/gems/web-console-2.3.0/lib/web_console/templates/error_page.js.erb within layouts/javascript (1.4ms)
  Rendered /home/kovo/.rbenv/versions/2.3.1/lib/ruby/gems/2.3.0/gems/web-console-2.3.0/lib/web_console/templates/index.html.erb (242.4ms)


Started GET "/post/14/edit" for 127.0.0.1 at 2017-03-20 23:52:19 +0100
Processing by PostsController#edit as HTML
  Parameters: {"id"=>"14"}
  [1m[36mPost Load (0.3ms)[0m  [1mSELECT  "posts".* FROM "posts" WHERE "posts"."id" = ? LIMIT 1[0m  [["id", 14]]
  [1m[35mTag Load (0.3ms)[0m  SELECT "tags".* FROM "tags" INNER JOIN "post_tags" ON "tags"."id" = "post_tags"."tag_id" WHERE "post_tags"."post_id" = ?  [["post_id", 14]]
  Rendered posts/edit.html.erb within layouts/application (26.4ms)
  Rendered layouts/_main_menu.html.erb (1.5ms)
Completed 200 OK in 191ms (Views: 186.9ms | ActiveRecord: 0.6ms)


Started GET "/assets/blogs.self-e3b0c44298fc1c149afbf4c8996fb92427ae41e4649b934ca495991b7852b855.css?body=1" for 127.0.0.1 at 2017-03-20 23:52:19 +0100


Started GET "/assets/homepage.self-e3b0c44298fc1c149afbf4c8996fb92427ae41e4649b934ca495991b7852b855.css?body=1" for 127.0.0.1 at 2017-03-20 23:52:19 +0100


Started GET "/assets/posts.self-e3b0c44298fc1c149afbf4c8996fb92427ae41e4649b934ca495991b7852b855.css?body=1" for 127.0.0.1 at 2017-03-20 23:52:19 +0100


Started GET "/assets/jquery_ujs.self-784a997f6726036b1993eb2217c9cb558e1cbb801c6da88105588c56f13b466a.js?body=1" for 127.0.0.1 at 2017-03-20 23:52:19 +0100


Started GET "/assets/jquery.self-bd7ddd393353a8d2480a622e80342adf488fb6006d667e8b42e4c0073393abee.js?body=1" for 127.0.0.1 at 2017-03-20 23:52:19 +0100


Started GET "/assets/application.self-e80e8f2318043e8af94dddc2adad5a4f09739a8ebb323b3ab31cd71d45fd9113.css?body=1" for 127.0.0.1 at 2017-03-20 23:52:20 +0100


Started GET "/assets/users.self-e3b0c44298fc1c149afbf4c8996fb92427ae41e4649b934ca495991b7852b855.css?body=1" for 127.0.0.1 at 2017-03-20 23:52:20 +0100


Started GET "/assets/turbolinks.self-c5acd7a204f5f25ce7a1d8a0e4d92e28d34c9e2df2c7371cd7af88e147e4ad82.js?body=1" for 127.0.0.1 at 2017-03-20 23:52:20 +0100


Started GET "/assets/blogs.self-877aef30ae1b040ab8a3aba4e3e309a11d7f2612f44dde450b5c157aa5f95c05.js?body=1" for 127.0.0.1 at 2017-03-20 23:52:20 +0100


Started GET "/assets/homepage.self-877aef30ae1b040ab8a3aba4e3e309a11d7f2612f44dde450b5c157aa5f95c05.js?body=1" for 127.0.0.1 at 2017-03-20 23:52:20 +0100


Started GET "/assets/posts.self-877aef30ae1b040ab8a3aba4e3e309a11d7f2612f44dde450b5c157aa5f95c05.js?body=1" for 127.0.0.1 at 2017-03-20 23:52:20 +0100


Started GET "/assets/users.self-877aef30ae1b040ab8a3aba4e3e309a11d7f2612f44dde450b5c157aa5f95c05.js?body=1" for 127.0.0.1 at 2017-03-20 23:52:20 +0100


Started GET "/assets/application.self-3b8dabdc891efe46b9a144b400ad69e37d7e5876bdc39dee783419a69d7ca819.js?body=1" for 127.0.0.1 at 2017-03-20 23:52:20 +0100


Started PATCH "/post/14" for 127.0.0.1 at 2017-03-20 23:53:12 +0100
Processing by PostsController#update as HTML
  Parameters: {"utf8"=>"✓", "authenticity_token"=>"E+Jwdntmpx+GAYx7nM0/q5mEiDtQtvonNQqYGHX6XlijQuc9h26uk+uIe1Pe6oob/nvErjDWyMkVU21jGB8UNA==", "post"=>{"title"=>"kôklô", "tags_attributes"=>{"0"=>{"title"=>"ô§lô§lô§", "id"=>"1"}}}, "commit"=>"Update Post", "id"=>"14"}
  [1m[36mPost Load (0.3ms)[0m  [1mSELECT  "posts".* FROM "posts" WHERE "posts"."id" = ? LIMIT 1[0m  [["id", 14]]
  [1m[35m (0.2ms)[0m  begin transaction
  [1m[36mTag Load (0.6ms)[0m  [1mSELECT "tags".* FROM "tags" INNER JOIN "post_tags" ON "tags"."id" = "post_tags"."tag_id" WHERE "post_tags"."post_id" = ? AND "tags"."id" = 1[0m  [["post_id", 14]]
  [1m[35m (0.2ms)[0m  commit transaction
Redirected to http://0.0.0.0:3000/post
Filter chain halted as :update_action rendered or redirected
Completed 302 Found in 61ms (ActiveRecord: 1.3ms)


Started GET "/post" for 127.0.0.1 at 2017-03-20 23:53:12 +0100
Processing by PostsController#index as HTML
  [1m[36mPost Load (0.7ms)[0m  [1mSELECT "posts".* FROM "posts"[0m
  Rendered posts/index.html.erb within layouts/application (28.7ms)
  Rendered layouts/_main_menu.html.erb (1.2ms)
Completed 200 OK in 229ms (Views: 224.1ms | ActiveRecord: 0.7ms)


Started GET "/post/14/edit" for 127.0.0.1 at 2017-03-20 23:53:20 +0100
Processing by PostsController#edit as HTML
  Parameters: {"id"=>"14"}
  [1m[35mPost Load (0.3ms)[0m  SELECT  "posts".* FROM "posts" WHERE "posts"."id" = ? LIMIT 1  [["id", 14]]
  [1m[36mTag Load (0.3ms)[0m  [1mSELECT "tags".* FROM "tags" INNER JOIN "post_tags" ON "tags"."id" = "post_tags"."tag_id" WHERE "post_tags"."post_id" = ?[0m  [["post_id", 14]]
  Rendered posts/edit.html.erb within layouts/application (23.1ms)
  Rendered layouts/_main_menu.html.erb (5.5ms)
Completed 200 OK in 265ms (Views: 261.9ms | ActiveRecord: 0.6ms)


Started PATCH "/post/14" for 127.0.0.1 at 2017-03-20 23:53:24 +0100
Processing by PostsController#update as HTML
  Parameters: {"utf8"=>"✓", "authenticity_token"=>"k2WFKX3noFNVip+MIG5ON9XQfy7i6symNbZYNsmjl1IjxRJige+p3zgDaKRiSfuHsi8zu4KK/kgV761NpEbdPg==", "post"=>{"title"=>"kôklô", "tags_attributes"=>{"0"=>{"title"=>"fgfgfg", "id"=>"1"}}}, "commit"=>"Update Post", "id"=>"14"}
  [1m[35mPost Load (0.3ms)[0m  SELECT  "posts".* FROM "posts" WHERE "posts"."id" = ? LIMIT 1  [["id", 14]]
  [1m[36m (0.2ms)[0m  [1mbegin transaction[0m
  [1m[35mTag Load (0.3ms)[0m  SELECT "tags".* FROM "tags" INNER JOIN "post_tags" ON "tags"."id" = "post_tags"."tag_id" WHERE "post_tags"."post_id" = ? AND "tags"."id" = 1  [["post_id", 14]]
  [1m[36mSQL (7.4ms)[0m  [1mUPDATE "tags" SET "title" = ?, "updated_at" = ? WHERE "tags"."id" = ?[0m  [["title", "fgfgfg"], ["updated_at", "2017-03-20 22:53:24.666943"], ["id", 1]]
  [1m[35m (22.4ms)[0m  commit transaction
Redirected to http://0.0.0.0:3000/post
Filter chain halted as :update_action rendered or redirected
Completed 302 Found in 82ms (ActiveRecord: 30.7ms)


Started GET "/post" for 127.0.0.1 at 2017-03-20 23:53:24 +0100
Processing by PostsController#index as HTML
  [1m[36mPost Load (0.8ms)[0m  [1mSELECT "posts".* FROM "posts"[0m
  Rendered posts/index.html.erb within layouts/application (33.3ms)
  Rendered layouts/_main_menu.html.erb (1.3ms)
Completed 200 OK in 234ms (Views: 227.2ms | ActiveRecord: 0.8ms)


Started GET "/post/14/edit" for 127.0.0.1 at 2017-03-20 23:53:30 +0100
Processing by PostsController#edit as HTML
  Parameters: {"id"=>"14"}
  [1m[35mPost Load (0.3ms)[0m  SELECT  "posts".* FROM "posts" WHERE "posts"."id" = ? LIMIT 1  [["id", 14]]
  [1m[36mTag Load (0.3ms)[0m  [1mSELECT "tags".* FROM "tags" INNER JOIN "post_tags" ON "tags"."id" = "post_tags"."tag_id" WHERE "post_tags"."post_id" = ?[0m  [["post_id", 14]]
  Rendered posts/edit.html.erb within layouts/application (36.6ms)
  Rendered layouts/_main_menu.html.erb (1.2ms)
Completed 200 OK in 346ms (Views: 339.0ms | ActiveRecord: 0.6ms)


Started GET "/post" for 127.0.0.1 at 2017-03-20 23:53:42 +0100
Processing by PostsController#index as HTML
  [1m[35mPost Load (0.6ms)[0m  SELECT "posts".* FROM "posts"
  Rendered posts/index.html.erb within layouts/application (10.3ms)
  Rendered layouts/_main_menu.html.erb (1.2ms)
Completed 200 OK in 82ms (Views: 80.0ms | ActiveRecord: 0.6ms)
  [1m[35mPostTag Load (0.6ms)[0m  SELECT "post_tags".* FROM "post_tags"
  [1m[36mTag Load (0.5ms)[0m  [1mSELECT "tags".* FROM "tags"[0m


Started GET "/post" for 127.0.0.1 at 2017-03-20 23:59:38 +0100
Processing by PostsController#index as HTML
  [1m[36mPost Load (2.4ms)[0m  [1mSELECT "posts".* FROM "posts"[0m
  Rendered posts/index.html.erb within layouts/application (148.1ms)
  Rendered layouts/_main_menu.html.erb (5.2ms)
Completed 200 OK in 337ms (Views: 326.4ms | ActiveRecord: 3.8ms)


Started GET "/assets/blogs.self-e3b0c44298fc1c149afbf4c8996fb92427ae41e4649b934ca495991b7852b855.css?body=1" for 127.0.0.1 at 2017-03-20 23:59:39 +0100


Started GET "/assets/homepage.self-e3b0c44298fc1c149afbf4c8996fb92427ae41e4649b934ca495991b7852b855.css?body=1" for 127.0.0.1 at 2017-03-20 23:59:39 +0100


Started GET "/assets/posts.self-e3b0c44298fc1c149afbf4c8996fb92427ae41e4649b934ca495991b7852b855.css?body=1" for 127.0.0.1 at 2017-03-20 23:59:39 +0100


Started GET "/assets/users.self-e3b0c44298fc1c149afbf4c8996fb92427ae41e4649b934ca495991b7852b855.css?body=1" for 127.0.0.1 at 2017-03-20 23:59:39 +0100


Started GET "/assets/application.self-e80e8f2318043e8af94dddc2adad5a4f09739a8ebb323b3ab31cd71d45fd9113.css?body=1" for 127.0.0.1 at 2017-03-20 23:59:39 +0100


Started GET "/assets/jquery_ujs.self-784a997f6726036b1993eb2217c9cb558e1cbb801c6da88105588c56f13b466a.js?body=1" for 127.0.0.1 at 2017-03-20 23:59:39 +0100


Started GET "/assets/jquery.self-bd7ddd393353a8d2480a622e80342adf488fb6006d667e8b42e4c0073393abee.js?body=1" for 127.0.0.1 at 2017-03-20 23:59:39 +0100


Started GET "/assets/turbolinks.self-c5acd7a204f5f25ce7a1d8a0e4d92e28d34c9e2df2c7371cd7af88e147e4ad82.js?body=1" for 127.0.0.1 at 2017-03-20 23:59:39 +0100


Started GET "/assets/blogs.self-877aef30ae1b040ab8a3aba4e3e309a11d7f2612f44dde450b5c157aa5f95c05.js?body=1" for 127.0.0.1 at 2017-03-20 23:59:40 +0100


Started GET "/assets/homepage.self-877aef30ae1b040ab8a3aba4e3e309a11d7f2612f44dde450b5c157aa5f95c05.js?body=1" for 127.0.0.1 at 2017-03-20 23:59:40 +0100


Started GET "/assets/posts.self-877aef30ae1b040ab8a3aba4e3e309a11d7f2612f44dde450b5c157aa5f95c05.js?body=1" for 127.0.0.1 at 2017-03-20 23:59:40 +0100


Started GET "/assets/users.self-877aef30ae1b040ab8a3aba4e3e309a11d7f2612f44dde450b5c157aa5f95c05.js?body=1" for 127.0.0.1 at 2017-03-20 23:59:40 +0100


Started GET "/assets/application.self-3b8dabdc891efe46b9a144b400ad69e37d7e5876bdc39dee783419a69d7ca819.js?body=1" for 127.0.0.1 at 2017-03-20 23:59:40 +0100


Started GET "/post/13" for 127.0.0.1 at 2017-03-20 23:59:46 +0100

ActionController::RoutingError (No route matches [GET] "/post/13"):
  actionpack (4.2.6) lib/action_dispatch/middleware/debug_exceptions.rb:21:in `call'
  web-console (2.3.0) lib/web_console/middleware.rb:28:in `block in call'
  web-console (2.3.0) lib/web_console/middleware.rb:18:in `catch'
  web-console (2.3.0) lib/web_console/middleware.rb:18:in `call'
  actionpack (4.2.6) lib/action_dispatch/middleware/show_exceptions.rb:30:in `call'
  railties (4.2.6) lib/rails/rack/logger.rb:38:in `call_app'
  railties (4.2.6) lib/rails/rack/logger.rb:20:in `block in call'
  activesupport (4.2.6) lib/active_support/tagged_logging.rb:68:in `block in tagged'
  activesupport (4.2.6) lib/active_support/tagged_logging.rb:26:in `tagged'
  activesupport (4.2.6) lib/active_support/tagged_logging.rb:68:in `tagged'
  railties (4.2.6) lib/rails/rack/logger.rb:20:in `call'
  actionpack (4.2.6) lib/action_dispatch/middleware/request_id.rb:21:in `call'
  rack (1.6.5) lib/rack/methodoverride.rb:22:in `call'
  rack (1.6.5) lib/rack/runtime.rb:18:in `call'
  activesupport (4.2.6) lib/active_support/cache/strategy/local_cache_middleware.rb:28:in `call'
  rack (1.6.5) lib/rack/lock.rb:17:in `call'
  actionpack (4.2.6) lib/action_dispatch/middleware/static.rb:120:in `call'
  rack (1.6.5) lib/rack/sendfile.rb:113:in `call'
  railties (4.2.6) lib/rails/engine.rb:518:in `call'
  railties (4.2.6) lib/rails/application.rb:165:in `call'
  rack (1.6.5) lib/rack/lock.rb:17:in `call'
  rack (1.6.5) lib/rack/content_length.rb:15:in `call'
  rack (1.6.5) lib/rack/handler/webrick.rb:88:in `service'
  /home/kovo/.rbenv/versions/2.3.1/lib/ruby/2.3.0/webrick/httpserver.rb:140:in `service'
  /home/kovo/.rbenv/versions/2.3.1/lib/ruby/2.3.0/webrick/httpserver.rb:96:in `run'
  /home/kovo/.rbenv/versions/2.3.1/lib/ruby/2.3.0/webrick/server.rb:296:in `block in start_thread'


  Rendered /home/kovo/.rbenv/versions/2.3.1/lib/ruby/gems/2.3.0/gems/actionpack-4.2.6/lib/action_dispatch/middleware/templates/rescues/_trace.html.erb (56.5ms)
  Rendered /home/kovo/.rbenv/versions/2.3.1/lib/ruby/gems/2.3.0/gems/actionpack-4.2.6/lib/action_dispatch/middleware/templates/routes/_route.html.erb (12.1ms)
  Rendered /home/kovo/.rbenv/versions/2.3.1/lib/ruby/gems/2.3.0/gems/actionpack-4.2.6/lib/action_dispatch/middleware/templates/routes/_table.html.erb (7.7ms)
  Rendered /home/kovo/.rbenv/versions/2.3.1/lib/ruby/gems/2.3.0/gems/actionpack-4.2.6/lib/action_dispatch/middleware/templates/rescues/_request_and_response.html.erb (6.7ms)
  Rendered /home/kovo/.rbenv/versions/2.3.1/lib/ruby/gems/2.3.0/gems/actionpack-4.2.6/lib/action_dispatch/middleware/templates/rescues/routing_error.html.erb within rescues/layout (180.7ms)
  Rendered /home/kovo/.rbenv/versions/2.3.1/lib/ruby/gems/2.3.0/gems/web-console-2.3.0/lib/web_console/templates/_markup.html.erb (1.3ms)
  Rendered /home/kovo/.rbenv/versions/2.3.1/lib/ruby/gems/2.3.0/gems/web-console-2.3.0/lib/web_console/templates/_inner_console_markup.html.erb within layouts/inlined_string (1.1ms)
  Rendered /home/kovo/.rbenv/versions/2.3.1/lib/ruby/gems/2.3.0/gems/web-console-2.3.0/lib/web_console/templates/_prompt_box_markup.html.erb within layouts/inlined_string (1.2ms)
  Rendered /home/kovo/.rbenv/versions/2.3.1/lib/ruby/gems/2.3.0/gems/web-console-2.3.0/lib/web_console/templates/style.css.erb within layouts/inlined_string (15.9ms)
  Rendered /home/kovo/.rbenv/versions/2.3.1/lib/ruby/gems/2.3.0/gems/web-console-2.3.0/lib/web_console/templates/console.js.erb within layouts/javascript (183.1ms)
  Rendered /home/kovo/.rbenv/versions/2.3.1/lib/ruby/gems/2.3.0/gems/web-console-2.3.0/lib/web_console/templates/main.js.erb within layouts/javascript (1.0ms)
  Rendered /home/kovo/.rbenv/versions/2.3.1/lib/ruby/gems/2.3.0/gems/web-console-2.3.0/lib/web_console/templates/error_page.js.erb within layouts/javascript (1.3ms)
  Rendered /home/kovo/.rbenv/versions/2.3.1/lib/ruby/gems/2.3.0/gems/web-console-2.3.0/lib/web_console/templates/index.html.erb (330.0ms)


Started GET "/post" for 127.0.0.1 at 2017-03-21 00:05:18 +0100
Processing by PostsController#index as HTML
  [1m[35mPost Load (0.6ms)[0m  SELECT "posts".* FROM "posts"
  Rendered posts/index.html.erb within layouts/application (116.4ms)
  Rendered layouts/_main_menu.html.erb (1.4ms)
Completed 200 OK in 346ms (Views: 343.6ms | ActiveRecord: 0.6ms)


Started GET "/assets/homepage.self-e3b0c44298fc1c149afbf4c8996fb92427ae41e4649b934ca495991b7852b855.css?body=1" for 127.0.0.1 at 2017-03-21 00:05:18 +0100


Started GET "/assets/blogs.self-e3b0c44298fc1c149afbf4c8996fb92427ae41e4649b934ca495991b7852b855.css?body=1" for 127.0.0.1 at 2017-03-21 00:05:18 +0100


Started GET "/assets/users.self-e3b0c44298fc1c149afbf4c8996fb92427ae41e4649b934ca495991b7852b855.css?body=1" for 127.0.0.1 at 2017-03-21 00:05:18 +0100


Started GET "/assets/posts.self-e3b0c44298fc1c149afbf4c8996fb92427ae41e4649b934ca495991b7852b855.css?body=1" for 127.0.0.1 at 2017-03-21 00:05:19 +0100


Started GET "/assets/application.self-e80e8f2318043e8af94dddc2adad5a4f09739a8ebb323b3ab31cd71d45fd9113.css?body=1" for 127.0.0.1 at 2017-03-21 00:05:19 +0100


Started GET "/assets/jquery.self-bd7ddd393353a8d2480a622e80342adf488fb6006d667e8b42e4c0073393abee.js?body=1" for 127.0.0.1 at 2017-03-21 00:05:19 +0100


Started GET "/assets/jquery_ujs.self-784a997f6726036b1993eb2217c9cb558e1cbb801c6da88105588c56f13b466a.js?body=1" for 127.0.0.1 at 2017-03-21 00:05:19 +0100


Started GET "/assets/blogs.self-877aef30ae1b040ab8a3aba4e3e309a11d7f2612f44dde450b5c157aa5f95c05.js?body=1" for 127.0.0.1 at 2017-03-21 00:05:19 +0100


Started GET "/assets/turbolinks.self-c5acd7a204f5f25ce7a1d8a0e4d92e28d34c9e2df2c7371cd7af88e147e4ad82.js?body=1" for 127.0.0.1 at 2017-03-21 00:05:19 +0100


Started GET "/assets/homepage.self-877aef30ae1b040ab8a3aba4e3e309a11d7f2612f44dde450b5c157aa5f95c05.js?body=1" for 127.0.0.1 at 2017-03-21 00:05:19 +0100


Started GET "/assets/posts.self-877aef30ae1b040ab8a3aba4e3e309a11d7f2612f44dde450b5c157aa5f95c05.js?body=1" for 127.0.0.1 at 2017-03-21 00:05:19 +0100


Started GET "/assets/users.self-877aef30ae1b040ab8a3aba4e3e309a11d7f2612f44dde450b5c157aa5f95c05.js?body=1" for 127.0.0.1 at 2017-03-21 00:05:19 +0100


Started GET "/assets/application.self-3b8dabdc891efe46b9a144b400ad69e37d7e5876bdc39dee783419a69d7ca819.js?body=1" for 127.0.0.1 at 2017-03-21 00:05:19 +0100


Started DELETE "/post/14" for 127.0.0.1 at 2017-03-21 00:05:27 +0100
Processing by PostsController#delete as HTML
  Parameters: {"authenticity_token"=>"AFS7uc8MgHJrFkEQ6v/NiGmywMhJS1TYSqDFVPPtlZyw9CzyMwSJ/gaftjio2Hg4Dk2MXSkrZjZq+TAvngjf8A==", "id"=>"14"}
Completed 500 Internal Server Error in 16ms (ActiveRecord: 0.0ms)

ActionView::MissingTemplate (Missing template posts/delete, application/delete with {:locale=>[:en], :formats=>[:html], :variants=>[], :handlers=>[:erb, :builder, :raw, :ruby, :coffee, :jbuilder]}. Searched in:
  * "/home/kovo/:. WWW/kovoweb-3.0/mojWeb/app/views"
):
  actionview (4.2.6) lib/action_view/path_set.rb:46:in `find'
  actionview (4.2.6) lib/action_view/lookup_context.rb:121:in `find'
  actionview (4.2.6) lib/action_view/renderer/abstract_renderer.rb:18:in `find_template'
  actionview (4.2.6) lib/action_view/renderer/template_renderer.rb:40:in `determine_template'
  actionview (4.2.6) lib/action_view/renderer/template_renderer.rb:8:in `render'
  actionview (4.2.6) lib/action_view/renderer/renderer.rb:46:in `render_template'
  actionview (4.2.6) lib/action_view/renderer/renderer.rb:27:in `render'
  actionview (4.2.6) lib/action_view/rendering.rb:100:in `_render_template'
  actionpack (4.2.6) lib/action_controller/metal/streaming.rb:217:in `_render_template'
  actionview (4.2.6) lib/action_view/rendering.rb:83:in `render_to_body'
  actionpack (4.2.6) lib/action_controller/metal/rendering.rb:32:in `render_to_body'
  actionpack (4.2.6) lib/action_controller/metal/renderers.rb:37:in `render_to_body'
  actionpack (4.2.6) lib/abstract_controller/rendering.rb:25:in `render'
  actionpack (4.2.6) lib/action_controller/metal/rendering.rb:16:in `render'
  actionpack (4.2.6) lib/action_controller/metal/instrumentation.rb:44:in `block (2 levels) in render'
  activesupport (4.2.6) lib/active_support/core_ext/benchmark.rb:12:in `block in ms'
  /home/kovo/.rbenv/versions/2.3.1/lib/ruby/2.3.0/benchmark.rb:308:in `realtime'
  activesupport (4.2.6) lib/active_support/core_ext/benchmark.rb:12:in `ms'
  actionpack (4.2.6) lib/action_controller/metal/instrumentation.rb:44:in `block in render'
  actionpack (4.2.6) lib/action_controller/metal/instrumentation.rb:87:in `cleanup_view_runtime'
  activerecord (4.2.6) lib/active_record/railties/controller_runtime.rb:25:in `cleanup_view_runtime'
  actionpack (4.2.6) lib/action_controller/metal/instrumentation.rb:43:in `render'
  actionpack (4.2.6) lib/action_controller/metal/implicit_render.rb:10:in `default_render'
  actionpack (4.2.6) lib/action_controller/metal/implicit_render.rb:5:in `send_action'
  actionpack (4.2.6) lib/abstract_controller/base.rb:198:in `process_action'
  actionpack (4.2.6) lib/action_controller/metal/rendering.rb:10:in `process_action'
  actionpack (4.2.6) lib/abstract_controller/callbacks.rb:20:in `block in process_action'
  activesupport (4.2.6) lib/active_support/callbacks.rb:117:in `call'
  activesupport (4.2.6) lib/active_support/callbacks.rb:555:in `block (2 levels) in compile'
  activesupport (4.2.6) lib/active_support/callbacks.rb:505:in `call'
  activesupport (4.2.6) lib/active_support/callbacks.rb:92:in `__run_callbacks__'
  activesupport (4.2.6) lib/active_support/callbacks.rb:778:in `_run_process_action_callbacks'
  activesupport (4.2.6) lib/active_support/callbacks.rb:81:in `run_callbacks'
  actionpack (4.2.6) lib/abstract_controller/callbacks.rb:19:in `process_action'
  actionpack (4.2.6) lib/action_controller/metal/rescue.rb:29:in `process_action'
  actionpack (4.2.6) lib/action_controller/metal/instrumentation.rb:32:in `block in process_action'
  activesupport (4.2.6) lib/active_support/notifications.rb:164:in `block in instrument'
  activesupport (4.2.6) lib/active_support/notifications/instrumenter.rb:20:in `instrument'
  activesupport (4.2.6) lib/active_support/notifications.rb:164:in `instrument'
  actionpack (4.2.6) lib/action_controller/metal/instrumentation.rb:30:in `process_action'
  actionpack (4.2.6) lib/action_controller/metal/params_wrapper.rb:250:in `process_action'
  activerecord (4.2.6) lib/active_record/railties/controller_runtime.rb:18:in `process_action'
  actionpack (4.2.6) lib/abstract_controller/base.rb:137:in `process'
  actionview (4.2.6) lib/action_view/rendering.rb:30:in `process'
  actionpack (4.2.6) lib/action_controller/metal.rb:196:in `dispatch'
  actionpack (4.2.6) lib/action_controller/metal/rack_delegation.rb:13:in `dispatch'
  actionpack (4.2.6) lib/action_controller/metal.rb:237:in `block in action'
  actionpack (4.2.6) lib/action_dispatch/routing/route_set.rb:74:in `dispatch'
  actionpack (4.2.6) lib/action_dispatch/routing/route_set.rb:43:in `serve'
  actionpack (4.2.6) lib/action_dispatch/journey/router.rb:43:in `block in serve'
  actionpack (4.2.6) lib/action_dispatch/journey/router.rb:30:in `each'
  actionpack (4.2.6) lib/action_dispatch/journey/router.rb:30:in `serve'
  actionpack (4.2.6) lib/action_dispatch/routing/route_set.rb:817:in `call'
  rack (1.6.5) lib/rack/etag.rb:24:in `call'
  rack (1.6.5) lib/rack/conditionalget.rb:38:in `call'
  rack (1.6.5) lib/rack/head.rb:13:in `call'
  actionpack (4.2.6) lib/action_dispatch/middleware/params_parser.rb:27:in `call'
  actionpack (4.2.6) lib/action_dispatch/middleware/flash.rb:260:in `call'
  rack (1.6.5) lib/rack/session/abstract/id.rb:225:in `context'
  rack (1.6.5) lib/rack/session/abstract/id.rb:220:in `call'
  actionpack (4.2.6) lib/action_dispatch/middleware/cookies.rb:560:in `call'
  activerecord (4.2.6) lib/active_record/query_cache.rb:36:in `call'
  activerecord (4.2.6) lib/active_record/connection_adapters/abstract/connection_pool.rb:653:in `call'
  activerecord (4.2.6) lib/active_record/migration.rb:377:in `call'
  actionpack (4.2.6) lib/action_dispatch/middleware/callbacks.rb:29:in `block in call'
  activesupport (4.2.6) lib/active_support/callbacks.rb:88:in `__run_callbacks__'
  activesupport (4.2.6) lib/active_support/callbacks.rb:778:in `_run_call_callbacks'
  activesupport (4.2.6) lib/active_support/callbacks.rb:81:in `run_callbacks'
  actionpack (4.2.6) lib/action_dispatch/middleware/callbacks.rb:27:in `call'
  actionpack (4.2.6) lib/action_dispatch/middleware/reloader.rb:73:in `call'
  actionpack (4.2.6) lib/action_dispatch/middleware/remote_ip.rb:78:in `call'
  actionpack (4.2.6) lib/action_dispatch/middleware/debug_exceptions.rb:17:in `call'
  web-console (2.3.0) lib/web_console/middleware.rb:28:in `block in call'
  web-console (2.3.0) lib/web_console/middleware.rb:18:in `catch'
  web-console (2.3.0) lib/web_console/middleware.rb:18:in `call'
  actionpack (4.2.6) lib/action_dispatch/middleware/show_exceptions.rb:30:in `call'
  railties (4.2.6) lib/rails/rack/logger.rb:38:in `call_app'
  railties (4.2.6) lib/rails/rack/logger.rb:20:in `block in call'
  activesupport (4.2.6) lib/active_support/tagged_logging.rb:68:in `block in tagged'
  activesupport (4.2.6) lib/active_support/tagged_logging.rb:26:in `tagged'
  activesupport (4.2.6) lib/active_support/tagged_logging.rb:68:in `tagged'
  railties (4.2.6) lib/rails/rack/logger.rb:20:in `call'
  actionpack (4.2.6) lib/action_dispatch/middleware/request_id.rb:21:in `call'
  rack (1.6.5) lib/rack/methodoverride.rb:22:in `call'
  rack (1.6.5) lib/rack/runtime.rb:18:in `call'
  activesupport (4.2.6) lib/active_support/cache/strategy/local_cache_middleware.rb:28:in `call'
  rack (1.6.5) lib/rack/lock.rb:17:in `call'
  actionpack (4.2.6) lib/action_dispatch/middleware/static.rb:120:in `call'
  rack (1.6.5) lib/rack/sendfile.rb:113:in `call'
  railties (4.2.6) lib/rails/engine.rb:518:in `call'
  railties (4.2.6) lib/rails/application.rb:165:in `call'
  rack (1.6.5) lib/rack/lock.rb:17:in `call'
  rack (1.6.5) lib/rack/content_length.rb:15:in `call'
  rack (1.6.5) lib/rack/handler/webrick.rb:88:in `service'
  /home/kovo/.rbenv/versions/2.3.1/lib/ruby/2.3.0/webrick/httpserver.rb:140:in `service'
  /home/kovo/.rbenv/versions/2.3.1/lib/ruby/2.3.0/webrick/httpserver.rb:96:in `run'
  /home/kovo/.rbenv/versions/2.3.1/lib/ruby/2.3.0/webrick/server.rb:296:in `block in start_thread'


  Rendered /home/kovo/.rbenv/versions/2.3.1/lib/ruby/gems/2.3.0/gems/actionpack-4.2.6/lib/action_dispatch/middleware/templates/rescues/_source.erb (36.6ms)
  Rendered /home/kovo/.rbenv/versions/2.3.1/lib/ruby/gems/2.3.0/gems/actionpack-4.2.6/lib/action_dispatch/middleware/templates/rescues/_trace.html.erb (21.4ms)
  Rendered /home/kovo/.rbenv/versions/2.3.1/lib/ruby/gems/2.3.0/gems/actionpack-4.2.6/lib/action_dispatch/middleware/templates/rescues/_request_and_response.html.erb (5.1ms)
  Rendered /home/kovo/.rbenv/versions/2.3.1/lib/ruby/gems/2.3.0/gems/actionpack-4.2.6/lib/action_dispatch/middleware/templates/rescues/missing_template.html.erb within rescues/layout (176.7ms)
  Rendered /home/kovo/.rbenv/versions/2.3.1/lib/ruby/gems/2.3.0/gems/web-console-2.3.0/lib/web_console/templates/_markup.html.erb (1.4ms)
  Rendered /home/kovo/.rbenv/versions/2.3.1/lib/ruby/gems/2.3.0/gems/web-console-2.3.0/lib/web_console/templates/_inner_console_markup.html.erb within layouts/inlined_string (1.1ms)
  Rendered /home/kovo/.rbenv/versions/2.3.1/lib/ruby/gems/2.3.0/gems/web-console-2.3.0/lib/web_console/templates/_prompt_box_markup.html.erb within layouts/inlined_string (9.4ms)
  Rendered /home/kovo/.rbenv/versions/2.3.1/lib/ruby/gems/2.3.0/gems/web-console-2.3.0/lib/web_console/templates/style.css.erb within layouts/inlined_string (1.1ms)
  Rendered /home/kovo/.rbenv/versions/2.3.1/lib/ruby/gems/2.3.0/gems/web-console-2.3.0/lib/web_console/templates/console.js.erb within layouts/javascript (183.4ms)
  Rendered /home/kovo/.rbenv/versions/2.3.1/lib/ruby/gems/2.3.0/gems/web-console-2.3.0/lib/web_console/templates/main.js.erb within layouts/javascript (2.1ms)
  Rendered /home/kovo/.rbenv/versions/2.3.1/lib/ruby/gems/2.3.0/gems/web-console-2.3.0/lib/web_console/templates/error_page.js.erb within layouts/javascript (2.2ms)
  Rendered /home/kovo/.rbenv/versions/2.3.1/lib/ruby/gems/2.3.0/gems/web-console-2.3.0/lib/web_console/templates/index.html.erb (252.6ms)
  [1m[35mPost Load (0.7ms)[0m  SELECT "posts".* FROM "posts"
  [1m[36mPost Load (0.5ms)[0m  [1mSELECT  "posts".* FROM "posts"  ORDER BY "posts"."id" ASC LIMIT 1[0m
  [1m[35m (0.3ms)[0m  begin transaction
  [1m[36mSQL (10.3ms)[0m  [1mDELETE FROM "posts" WHERE "posts"."id" = ?[0m  [["id", 1]]
  [1m[35m (10.0ms)[0m  commit transaction


Started DELETE "/post/14" for 127.0.0.1 at 2017-03-21 00:06:48 +0100
Processing by PostsController#delete as HTML
  Parameters: {"authenticity_token"=>"AFS7uc8MgHJrFkEQ6v/NiGmywMhJS1TYSqDFVPPtlZyw9CzyMwSJ/gaftjio2Hg4Dk2MXSkrZjZq+TAvngjf8A==", "id"=>"14"}
Completed 500 Internal Server Error in 35ms (ActiveRecord: 0.0ms)

ActionView::MissingTemplate (Missing template posts/delete, application/delete with {:locale=>[:en], :formats=>[:html], :variants=>[], :handlers=>[:erb, :builder, :raw, :ruby, :coffee, :jbuilder]}. Searched in:
  * "/home/kovo/:. WWW/kovoweb-3.0/mojWeb/app/views"
):
  actionview (4.2.6) lib/action_view/path_set.rb:46:in `find'
  actionview (4.2.6) lib/action_view/lookup_context.rb:121:in `find'
  actionview (4.2.6) lib/action_view/renderer/abstract_renderer.rb:18:in `find_template'
  actionview (4.2.6) lib/action_view/renderer/template_renderer.rb:40:in `determine_template'
  actionview (4.2.6) lib/action_view/renderer/template_renderer.rb:8:in `render'
  actionview (4.2.6) lib/action_view/renderer/renderer.rb:46:in `render_template'
  actionview (4.2.6) lib/action_view/renderer/renderer.rb:27:in `render'
  actionview (4.2.6) lib/action_view/rendering.rb:100:in `_render_template'
  actionpack (4.2.6) lib/action_controller/metal/streaming.rb:217:in `_render_template'
  actionview (4.2.6) lib/action_view/rendering.rb:83:in `render_to_body'
  actionpack (4.2.6) lib/action_controller/metal/rendering.rb:32:in `render_to_body'
  actionpack (4.2.6) lib/action_controller/metal/renderers.rb:37:in `render_to_body'
  actionpack (4.2.6) lib/abstract_controller/rendering.rb:25:in `render'
  actionpack (4.2.6) lib/action_controller/metal/rendering.rb:16:in `render'
  actionpack (4.2.6) lib/action_controller/metal/instrumentation.rb:44:in `block (2 levels) in render'
  activesupport (4.2.6) lib/active_support/core_ext/benchmark.rb:12:in `block in ms'
  /home/kovo/.rbenv/versions/2.3.1/lib/ruby/2.3.0/benchmark.rb:308:in `realtime'
  activesupport (4.2.6) lib/active_support/core_ext/benchmark.rb:12:in `ms'
  actionpack (4.2.6) lib/action_controller/metal/instrumentation.rb:44:in `block in render'
  actionpack (4.2.6) lib/action_controller/metal/instrumentation.rb:87:in `cleanup_view_runtime'
  activerecord (4.2.6) lib/active_record/railties/controller_runtime.rb:25:in `cleanup_view_runtime'
  actionpack (4.2.6) lib/action_controller/metal/instrumentation.rb:43:in `render'
  actionpack (4.2.6) lib/action_controller/metal/implicit_render.rb:10:in `default_render'
  actionpack (4.2.6) lib/action_controller/metal/implicit_render.rb:5:in `send_action'
  actionpack (4.2.6) lib/abstract_controller/base.rb:198:in `process_action'
  actionpack (4.2.6) lib/action_controller/metal/rendering.rb:10:in `process_action'
  actionpack (4.2.6) lib/abstract_controller/callbacks.rb:20:in `block in process_action'
  activesupport (4.2.6) lib/active_support/callbacks.rb:117:in `call'
  activesupport (4.2.6) lib/active_support/callbacks.rb:555:in `block (2 levels) in compile'
  activesupport (4.2.6) lib/active_support/callbacks.rb:505:in `call'
  activesupport (4.2.6) lib/active_support/callbacks.rb:92:in `__run_callbacks__'
  activesupport (4.2.6) lib/active_support/callbacks.rb:778:in `_run_process_action_callbacks'
  activesupport (4.2.6) lib/active_support/callbacks.rb:81:in `run_callbacks'
  actionpack (4.2.6) lib/abstract_controller/callbacks.rb:19:in `process_action'
  actionpack (4.2.6) lib/action_controller/metal/rescue.rb:29:in `process_action'
  actionpack (4.2.6) lib/action_controller/metal/instrumentation.rb:32:in `block in process_action'
  activesupport (4.2.6) lib/active_support/notifications.rb:164:in `block in instrument'
  activesupport (4.2.6) lib/active_support/notifications/instrumenter.rb:20:in `instrument'
  activesupport (4.2.6) lib/active_support/notifications.rb:164:in `instrument'
  actionpack (4.2.6) lib/action_controller/metal/instrumentation.rb:30:in `process_action'
  actionpack (4.2.6) lib/action_controller/metal/params_wrapper.rb:250:in `process_action'
  activerecord (4.2.6) lib/active_record/railties/controller_runtime.rb:18:in `process_action'
  actionpack (4.2.6) lib/abstract_controller/base.rb:137:in `process'
  actionview (4.2.6) lib/action_view/rendering.rb:30:in `process'
  actionpack (4.2.6) lib/action_controller/metal.rb:196:in `dispatch'
  actionpack (4.2.6) lib/action_controller/metal/rack_delegation.rb:13:in `dispatch'
  actionpack (4.2.6) lib/action_controller/metal.rb:237:in `block in action'
  actionpack (4.2.6) lib/action_dispatch/routing/route_set.rb:74:in `dispatch'
  actionpack (4.2.6) lib/action_dispatch/routing/route_set.rb:43:in `serve'
  actionpack (4.2.6) lib/action_dispatch/journey/router.rb:43:in `block in serve'
  actionpack (4.2.6) lib/action_dispatch/journey/router.rb:30:in `each'
  actionpack (4.2.6) lib/action_dispatch/journey/router.rb:30:in `serve'
  actionpack (4.2.6) lib/action_dispatch/routing/route_set.rb:817:in `call'
  rack (1.6.5) lib/rack/etag.rb:24:in `call'
  rack (1.6.5) lib/rack/conditionalget.rb:38:in `call'
  rack (1.6.5) lib/rack/head.rb:13:in `call'
  actionpack (4.2.6) lib/action_dispatch/middleware/params_parser.rb:27:in `call'
  actionpack (4.2.6) lib/action_dispatch/middleware/flash.rb:260:in `call'
  rack (1.6.5) lib/rack/session/abstract/id.rb:225:in `context'
  rack (1.6.5) lib/rack/session/abstract/id.rb:220:in `call'
  actionpack (4.2.6) lib/action_dispatch/middleware/cookies.rb:560:in `call'
  activerecord (4.2.6) lib/active_record/query_cache.rb:36:in `call'
  activerecord (4.2.6) lib/active_record/connection_adapters/abstract/connection_pool.rb:653:in `call'
  activerecord (4.2.6) lib/active_record/migration.rb:377:in `call'
  actionpack (4.2.6) lib/action_dispatch/middleware/callbacks.rb:29:in `block in call'
  activesupport (4.2.6) lib/active_support/callbacks.rb:88:in `__run_callbacks__'
  activesupport (4.2.6) lib/active_support/callbacks.rb:778:in `_run_call_callbacks'
  activesupport (4.2.6) lib/active_support/callbacks.rb:81:in `run_callbacks'
  actionpack (4.2.6) lib/action_dispatch/middleware/callbacks.rb:27:in `call'
  actionpack (4.2.6) lib/action_dispatch/middleware/reloader.rb:73:in `call'
  actionpack (4.2.6) lib/action_dispatch/middleware/remote_ip.rb:78:in `call'
  actionpack (4.2.6) lib/action_dispatch/middleware/debug_exceptions.rb:17:in `call'
  web-console (2.3.0) lib/web_console/middleware.rb:28:in `block in call'
  web-console (2.3.0) lib/web_console/middleware.rb:18:in `catch'
  web-console (2.3.0) lib/web_console/middleware.rb:18:in `call'
  actionpack (4.2.6) lib/action_dispatch/middleware/show_exceptions.rb:30:in `call'
  railties (4.2.6) lib/rails/rack/logger.rb:38:in `call_app'
  railties (4.2.6) lib/rails/rack/logger.rb:20:in `block in call'
  activesupport (4.2.6) lib/active_support/tagged_logging.rb:68:in `block in tagged'
  activesupport (4.2.6) lib/active_support/tagged_logging.rb:26:in `tagged'
  activesupport (4.2.6) lib/active_support/tagged_logging.rb:68:in `tagged'
  railties (4.2.6) lib/rails/rack/logger.rb:20:in `call'
  actionpack (4.2.6) lib/action_dispatch/middleware/request_id.rb:21:in `call'
  rack (1.6.5) lib/rack/methodoverride.rb:22:in `call'
  rack (1.6.5) lib/rack/runtime.rb:18:in `call'
  activesupport (4.2.6) lib/active_support/cache/strategy/local_cache_middleware.rb:28:in `call'
  rack (1.6.5) lib/rack/lock.rb:17:in `call'
  actionpack (4.2.6) lib/action_dispatch/middleware/static.rb:120:in `call'
  rack (1.6.5) lib/rack/sendfile.rb:113:in `call'
  railties (4.2.6) lib/rails/engine.rb:518:in `call'
  railties (4.2.6) lib/rails/application.rb:165:in `call'
  rack (1.6.5) lib/rack/lock.rb:17:in `call'
  rack (1.6.5) lib/rack/content_length.rb:15:in `call'
  rack (1.6.5) lib/rack/handler/webrick.rb:88:in `service'
  /home/kovo/.rbenv/versions/2.3.1/lib/ruby/2.3.0/webrick/httpserver.rb:140:in `service'
  /home/kovo/.rbenv/versions/2.3.1/lib/ruby/2.3.0/webrick/httpserver.rb:96:in `run'
  /home/kovo/.rbenv/versions/2.3.1/lib/ruby/2.3.0/webrick/server.rb:296:in `block in start_thread'


  Rendered /home/kovo/.rbenv/versions/2.3.1/lib/ruby/gems/2.3.0/gems/actionpack-4.2.6/lib/action_dispatch/middleware/templates/rescues/_source.erb (41.9ms)
  Rendered /home/kovo/.rbenv/versions/2.3.1/lib/ruby/gems/2.3.0/gems/actionpack-4.2.6/lib/action_dispatch/middleware/templates/rescues/_trace.html.erb (18.0ms)
  Rendered /home/kovo/.rbenv/versions/2.3.1/lib/ruby/gems/2.3.0/gems/actionpack-4.2.6/lib/action_dispatch/middleware/templates/rescues/_request_and_response.html.erb (3.1ms)
  Rendered /home/kovo/.rbenv/versions/2.3.1/lib/ruby/gems/2.3.0/gems/actionpack-4.2.6/lib/action_dispatch/middleware/templates/rescues/missing_template.html.erb within rescues/layout (163.0ms)
  Rendered /home/kovo/.rbenv/versions/2.3.1/lib/ruby/gems/2.3.0/gems/web-console-2.3.0/lib/web_console/templates/_markup.html.erb (1.3ms)
  Rendered /home/kovo/.rbenv/versions/2.3.1/lib/ruby/gems/2.3.0/gems/web-console-2.3.0/lib/web_console/templates/_inner_console_markup.html.erb within layouts/inlined_string (1.1ms)
  Rendered /home/kovo/.rbenv/versions/2.3.1/lib/ruby/gems/2.3.0/gems/web-console-2.3.0/lib/web_console/templates/_prompt_box_markup.html.erb within layouts/inlined_string (1.0ms)
  Rendered /home/kovo/.rbenv/versions/2.3.1/lib/ruby/gems/2.3.0/gems/web-console-2.3.0/lib/web_console/templates/style.css.erb within layouts/inlined_string (1.1ms)
  Rendered /home/kovo/.rbenv/versions/2.3.1/lib/ruby/gems/2.3.0/gems/web-console-2.3.0/lib/web_console/templates/console.js.erb within layouts/javascript (64.7ms)
  Rendered /home/kovo/.rbenv/versions/2.3.1/lib/ruby/gems/2.3.0/gems/web-console-2.3.0/lib/web_console/templates/main.js.erb within layouts/javascript (1.0ms)
  Rendered /home/kovo/.rbenv/versions/2.3.1/lib/ruby/gems/2.3.0/gems/web-console-2.3.0/lib/web_console/templates/error_page.js.erb within layouts/javascript (5.2ms)
  Rendered /home/kovo/.rbenv/versions/2.3.1/lib/ruby/gems/2.3.0/gems/web-console-2.3.0/lib/web_console/templates/index.html.erb (128.1ms)


Started DELETE "/post/14" for 127.0.0.1 at 2017-03-21 00:07:11 +0100
Processing by PostsController#delete as HTML
  Parameters: {"authenticity_token"=>"AFS7uc8MgHJrFkEQ6v/NiGmywMhJS1TYSqDFVPPtlZyw9CzyMwSJ/gaftjio2Hg4Dk2MXSkrZjZq+TAvngjf8A==", "id"=>"14"}
Completed 500 Internal Server Error in 5ms (ActiveRecord: 0.0ms)

ActionView::MissingTemplate (Missing template posts/delete, application/delete with {:locale=>[:en], :formats=>[:html], :variants=>[], :handlers=>[:erb, :builder, :raw, :ruby, :coffee, :jbuilder]}. Searched in:
  * "/home/kovo/:. WWW/kovoweb-3.0/mojWeb/app/views"
):
  actionview (4.2.6) lib/action_view/path_set.rb:46:in `find'
  actionview (4.2.6) lib/action_view/lookup_context.rb:121:in `find'
  actionview (4.2.6) lib/action_view/renderer/abstract_renderer.rb:18:in `find_template'
  actionview (4.2.6) lib/action_view/renderer/template_renderer.rb:40:in `determine_template'
  actionview (4.2.6) lib/action_view/renderer/template_renderer.rb:8:in `render'
  actionview (4.2.6) lib/action_view/renderer/renderer.rb:46:in `render_template'
  actionview (4.2.6) lib/action_view/renderer/renderer.rb:27:in `render'
  actionview (4.2.6) lib/action_view/rendering.rb:100:in `_render_template'
  actionpack (4.2.6) lib/action_controller/metal/streaming.rb:217:in `_render_template'
  actionview (4.2.6) lib/action_view/rendering.rb:83:in `render_to_body'
  actionpack (4.2.6) lib/action_controller/metal/rendering.rb:32:in `render_to_body'
  actionpack (4.2.6) lib/action_controller/metal/renderers.rb:37:in `render_to_body'
  actionpack (4.2.6) lib/abstract_controller/rendering.rb:25:in `render'
  actionpack (4.2.6) lib/action_controller/metal/rendering.rb:16:in `render'
  actionpack (4.2.6) lib/action_controller/metal/instrumentation.rb:44:in `block (2 levels) in render'
  activesupport (4.2.6) lib/active_support/core_ext/benchmark.rb:12:in `block in ms'
  /home/kovo/.rbenv/versions/2.3.1/lib/ruby/2.3.0/benchmark.rb:308:in `realtime'
  activesupport (4.2.6) lib/active_support/core_ext/benchmark.rb:12:in `ms'
  actionpack (4.2.6) lib/action_controller/metal/instrumentation.rb:44:in `block in render'
  actionpack (4.2.6) lib/action_controller/metal/instrumentation.rb:87:in `cleanup_view_runtime'
  activerecord (4.2.6) lib/active_record/railties/controller_runtime.rb:25:in `cleanup_view_runtime'
  actionpack (4.2.6) lib/action_controller/metal/instrumentation.rb:43:in `render'
  actionpack (4.2.6) lib/action_controller/metal/implicit_render.rb:10:in `default_render'
  actionpack (4.2.6) lib/action_controller/metal/implicit_render.rb:5:in `send_action'
  actionpack (4.2.6) lib/abstract_controller/base.rb:198:in `process_action'
  actionpack (4.2.6) lib/action_controller/metal/rendering.rb:10:in `process_action'
  actionpack (4.2.6) lib/abstract_controller/callbacks.rb:20:in `block in process_action'
  activesupport (4.2.6) lib/active_support/callbacks.rb:117:in `call'
  activesupport (4.2.6) lib/active_support/callbacks.rb:555:in `block (2 levels) in compile'
  activesupport (4.2.6) lib/active_support/callbacks.rb:505:in `call'
  activesupport (4.2.6) lib/active_support/callbacks.rb:92:in `__run_callbacks__'
  activesupport (4.2.6) lib/active_support/callbacks.rb:778:in `_run_process_action_callbacks'
  activesupport (4.2.6) lib/active_support/callbacks.rb:81:in `run_callbacks'
  actionpack (4.2.6) lib/abstract_controller/callbacks.rb:19:in `process_action'
  actionpack (4.2.6) lib/action_controller/metal/rescue.rb:29:in `process_action'
  actionpack (4.2.6) lib/action_controller/metal/instrumentation.rb:32:in `block in process_action'
  activesupport (4.2.6) lib/active_support/notifications.rb:164:in `block in instrument'
  activesupport (4.2.6) lib/active_support/notifications/instrumenter.rb:20:in `instrument'
  activesupport (4.2.6) lib/active_support/notifications.rb:164:in `instrument'
  actionpack (4.2.6) lib/action_controller/metal/instrumentation.rb:30:in `process_action'
  actionpack (4.2.6) lib/action_controller/metal/params_wrapper.rb:250:in `process_action'
  activerecord (4.2.6) lib/active_record/railties/controller_runtime.rb:18:in `process_action'
  actionpack (4.2.6) lib/abstract_controller/base.rb:137:in `process'
  actionview (4.2.6) lib/action_view/rendering.rb:30:in `process'
  actionpack (4.2.6) lib/action_controller/metal.rb:196:in `dispatch'
  actionpack (4.2.6) lib/action_controller/metal/rack_delegation.rb:13:in `dispatch'
  actionpack (4.2.6) lib/action_controller/metal.rb:237:in `block in action'
  actionpack (4.2.6) lib/action_dispatch/routing/route_set.rb:74:in `dispatch'
  actionpack (4.2.6) lib/action_dispatch/routing/route_set.rb:43:in `serve'
  actionpack (4.2.6) lib/action_dispatch/journey/router.rb:43:in `block in serve'
  actionpack (4.2.6) lib/action_dispatch/journey/router.rb:30:in `each'
  actionpack (4.2.6) lib/action_dispatch/journey/router.rb:30:in `serve'
  actionpack (4.2.6) lib/action_dispatch/routing/route_set.rb:817:in `call'
  rack (1.6.5) lib/rack/etag.rb:24:in `call'
  rack (1.6.5) lib/rack/conditionalget.rb:38:in `call'
  rack (1.6.5) lib/rack/head.rb:13:in `call'
  actionpack (4.2.6) lib/action_dispatch/middleware/params_parser.rb:27:in `call'
  actionpack (4.2.6) lib/action_dispatch/middleware/flash.rb:260:in `call'
  rack (1.6.5) lib/rack/session/abstract/id.rb:225:in `context'
  rack (1.6.5) lib/rack/session/abstract/id.rb:220:in `call'
  actionpack (4.2.6) lib/action_dispatch/middleware/cookies.rb:560:in `call'
  activerecord (4.2.6) lib/active_record/query_cache.rb:36:in `call'
  activerecord (4.2.6) lib/active_record/connection_adapters/abstract/connection_pool.rb:653:in `call'
  activerecord (4.2.6) lib/active_record/migration.rb:377:in `call'
  actionpack (4.2.6) lib/action_dispatch/middleware/callbacks.rb:29:in `block in call'
  activesupport (4.2.6) lib/active_support/callbacks.rb:88:in `__run_callbacks__'
  activesupport (4.2.6) lib/active_support/callbacks.rb:778:in `_run_call_callbacks'
  activesupport (4.2.6) lib/active_support/callbacks.rb:81:in `run_callbacks'
  actionpack (4.2.6) lib/action_dispatch/middleware/callbacks.rb:27:in `call'
  actionpack (4.2.6) lib/action_dispatch/middleware/reloader.rb:73:in `call'
  actionpack (4.2.6) lib/action_dispatch/middleware/remote_ip.rb:78:in `call'
  actionpack (4.2.6) lib/action_dispatch/middleware/debug_exceptions.rb:17:in `call'
  web-console (2.3.0) lib/web_console/middleware.rb:28:in `block in call'
  web-console (2.3.0) lib/web_console/middleware.rb:18:in `catch'
  web-console (2.3.0) lib/web_console/middleware.rb:18:in `call'
  actionpack (4.2.6) lib/action_dispatch/middleware/show_exceptions.rb:30:in `call'
  railties (4.2.6) lib/rails/rack/logger.rb:38:in `call_app'
  railties (4.2.6) lib/rails/rack/logger.rb:20:in `block in call'
  activesupport (4.2.6) lib/active_support/tagged_logging.rb:68:in `block in tagged'
  activesupport (4.2.6) lib/active_support/tagged_logging.rb:26:in `tagged'
  activesupport (4.2.6) lib/active_support/tagged_logging.rb:68:in `tagged'
  railties (4.2.6) lib/rails/rack/logger.rb:20:in `call'
  actionpack (4.2.6) lib/action_dispatch/middleware/request_id.rb:21:in `call'
  rack (1.6.5) lib/rack/methodoverride.rb:22:in `call'
  rack (1.6.5) lib/rack/runtime.rb:18:in `call'
  activesupport (4.2.6) lib/active_support/cache/strategy/local_cache_middleware.rb:28:in `call'
  rack (1.6.5) lib/rack/lock.rb:17:in `call'
  actionpack (4.2.6) lib/action_dispatch/middleware/static.rb:120:in `call'
  rack (1.6.5) lib/rack/sendfile.rb:113:in `call'
  railties (4.2.6) lib/rails/engine.rb:518:in `call'
  railties (4.2.6) lib/rails/application.rb:165:in `call'
  rack (1.6.5) lib/rack/lock.rb:17:in `call'
  rack (1.6.5) lib/rack/content_length.rb:15:in `call'
  rack (1.6.5) lib/rack/handler/webrick.rb:88:in `service'
  /home/kovo/.rbenv/versions/2.3.1/lib/ruby/2.3.0/webrick/httpserver.rb:140:in `service'
  /home/kovo/.rbenv/versions/2.3.1/lib/ruby/2.3.0/webrick/httpserver.rb:96:in `run'
  /home/kovo/.rbenv/versions/2.3.1/lib/ruby/2.3.0/webrick/server.rb:296:in `block in start_thread'


  Rendered /home/kovo/.rbenv/versions/2.3.1/lib/ruby/gems/2.3.0/gems/actionpack-4.2.6/lib/action_dispatch/middleware/templates/rescues/_source.erb (27.7ms)
  Rendered /home/kovo/.rbenv/versions/2.3.1/lib/ruby/gems/2.3.0/gems/actionpack-4.2.6/lib/action_dispatch/middleware/templates/rescues/_trace.html.erb (15.2ms)
  Rendered /home/kovo/.rbenv/versions/2.3.1/lib/ruby/gems/2.3.0/gems/actionpack-4.2.6/lib/action_dispatch/middleware/templates/rescues/_request_and_response.html.erb (3.4ms)
  Rendered /home/kovo/.rbenv/versions/2.3.1/lib/ruby/gems/2.3.0/gems/actionpack-4.2.6/lib/action_dispatch/middleware/templates/rescues/missing_template.html.erb within rescues/layout (100.8ms)
  Rendered /home/kovo/.rbenv/versions/2.3.1/lib/ruby/gems/2.3.0/gems/web-console-2.3.0/lib/web_console/templates/_markup.html.erb (1.8ms)
  Rendered /home/kovo/.rbenv/versions/2.3.1/lib/ruby/gems/2.3.0/gems/web-console-2.3.0/lib/web_console/templates/_inner_console_markup.html.erb within layouts/inlined_string (1.0ms)
  Rendered /home/kovo/.rbenv/versions/2.3.1/lib/ruby/gems/2.3.0/gems/web-console-2.3.0/lib/web_console/templates/_prompt_box_markup.html.erb within layouts/inlined_string (5.7ms)
  Rendered /home/kovo/.rbenv/versions/2.3.1/lib/ruby/gems/2.3.0/gems/web-console-2.3.0/lib/web_console/templates/style.css.erb within layouts/inlined_string (2.1ms)
  Rendered /home/kovo/.rbenv/versions/2.3.1/lib/ruby/gems/2.3.0/gems/web-console-2.3.0/lib/web_console/templates/console.js.erb within layouts/javascript (63.2ms)
  Rendered /home/kovo/.rbenv/versions/2.3.1/lib/ruby/gems/2.3.0/gems/web-console-2.3.0/lib/web_console/templates/main.js.erb within layouts/javascript (1.1ms)
  Rendered /home/kovo/.rbenv/versions/2.3.1/lib/ruby/gems/2.3.0/gems/web-console-2.3.0/lib/web_console/templates/error_page.js.erb within layouts/javascript (1.2ms)
  Rendered /home/kovo/.rbenv/versions/2.3.1/lib/ruby/gems/2.3.0/gems/web-console-2.3.0/lib/web_console/templates/index.html.erb (128.4ms)


Started GET "/post" for 127.0.0.1 at 2017-03-21 00:07:40 +0100
Processing by PostsController#index as HTML
  [1m[36mPost Load (1.2ms)[0m  [1mSELECT "posts".* FROM "posts"[0m
  Rendered posts/index.html.erb within layouts/application (108.7ms)
  Rendered layouts/_main_menu.html.erb (1.2ms)
Completed 200 OK in 275ms (Views: 269.6ms | ActiveRecord: 2.5ms)


Started GET "/assets/blogs.self-e3b0c44298fc1c149afbf4c8996fb92427ae41e4649b934ca495991b7852b855.css?body=1" for 127.0.0.1 at 2017-03-21 00:07:40 +0100


Started GET "/assets/homepage.self-e3b0c44298fc1c149afbf4c8996fb92427ae41e4649b934ca495991b7852b855.css?body=1" for 127.0.0.1 at 2017-03-21 00:07:40 +0100


Started GET "/assets/application.self-e80e8f2318043e8af94dddc2adad5a4f09739a8ebb323b3ab31cd71d45fd9113.css?body=1" for 127.0.0.1 at 2017-03-21 00:07:40 +0100


Started GET "/assets/users.self-e3b0c44298fc1c149afbf4c8996fb92427ae41e4649b934ca495991b7852b855.css?body=1" for 127.0.0.1 at 2017-03-21 00:07:40 +0100


Started GET "/assets/jquery.self-bd7ddd393353a8d2480a622e80342adf488fb6006d667e8b42e4c0073393abee.js?body=1" for 127.0.0.1 at 2017-03-21 00:07:40 +0100


Started GET "/assets/jquery_ujs.self-784a997f6726036b1993eb2217c9cb558e1cbb801c6da88105588c56f13b466a.js?body=1" for 127.0.0.1 at 2017-03-21 00:07:40 +0100


Started GET "/assets/turbolinks.self-c5acd7a204f5f25ce7a1d8a0e4d92e28d34c9e2df2c7371cd7af88e147e4ad82.js?body=1" for 127.0.0.1 at 2017-03-21 00:07:40 +0100


Started GET "/assets/posts.self-e3b0c44298fc1c149afbf4c8996fb92427ae41e4649b934ca495991b7852b855.css?body=1" for 127.0.0.1 at 2017-03-21 00:07:41 +0100


Started GET "/assets/homepage.self-877aef30ae1b040ab8a3aba4e3e309a11d7f2612f44dde450b5c157aa5f95c05.js?body=1" for 127.0.0.1 at 2017-03-21 00:07:41 +0100


Started GET "/assets/blogs.self-877aef30ae1b040ab8a3aba4e3e309a11d7f2612f44dde450b5c157aa5f95c05.js?body=1" for 127.0.0.1 at 2017-03-21 00:07:41 +0100


Started GET "/assets/posts.self-877aef30ae1b040ab8a3aba4e3e309a11d7f2612f44dde450b5c157aa5f95c05.js?body=1" for 127.0.0.1 at 2017-03-21 00:07:41 +0100


Started GET "/assets/users.self-877aef30ae1b040ab8a3aba4e3e309a11d7f2612f44dde450b5c157aa5f95c05.js?body=1" for 127.0.0.1 at 2017-03-21 00:07:41 +0100


Started GET "/assets/application.self-3b8dabdc891efe46b9a144b400ad69e37d7e5876bdc39dee783419a69d7ca819.js?body=1" for 127.0.0.1 at 2017-03-21 00:07:41 +0100


Started DELETE "/post/14" for 127.0.0.1 at 2017-03-21 00:07:49 +0100
Processing by PostsController#delete as HTML
  Parameters: {"authenticity_token"=>"l+9FKKSUXg0Og9njcu8m6NHBWw66ijBbTG3y6kzohn8nT9JjWJxXgWMKLsswyJNYtj4Xm9rqArVsNAeRIQ3MEw==", "id"=>"14"}
Completed 500 Internal Server Error in 11ms (ActiveRecord: 0.0ms)

ActionView::MissingTemplate (Missing template posts/delete, application/delete with {:locale=>[:en], :formats=>[:html], :variants=>[], :handlers=>[:erb, :builder, :raw, :ruby, :coffee, :jbuilder]}. Searched in:
  * "/home/kovo/:. WWW/kovoweb-3.0/mojWeb/app/views"
):
  actionview (4.2.6) lib/action_view/path_set.rb:46:in `find'
  actionview (4.2.6) lib/action_view/lookup_context.rb:121:in `find'
  actionview (4.2.6) lib/action_view/renderer/abstract_renderer.rb:18:in `find_template'
  actionview (4.2.6) lib/action_view/renderer/template_renderer.rb:40:in `determine_template'
  actionview (4.2.6) lib/action_view/renderer/template_renderer.rb:8:in `render'
  actionview (4.2.6) lib/action_view/renderer/renderer.rb:46:in `render_template'
  actionview (4.2.6) lib/action_view/renderer/renderer.rb:27:in `render'
  actionview (4.2.6) lib/action_view/rendering.rb:100:in `_render_template'
  actionpack (4.2.6) lib/action_controller/metal/streaming.rb:217:in `_render_template'
  actionview (4.2.6) lib/action_view/rendering.rb:83:in `render_to_body'
  actionpack (4.2.6) lib/action_controller/metal/rendering.rb:32:in `render_to_body'
  actionpack (4.2.6) lib/action_controller/metal/renderers.rb:37:in `render_to_body'
  actionpack (4.2.6) lib/abstract_controller/rendering.rb:25:in `render'
  actionpack (4.2.6) lib/action_controller/metal/rendering.rb:16:in `render'
  actionpack (4.2.6) lib/action_controller/metal/instrumentation.rb:44:in `block (2 levels) in render'
  activesupport (4.2.6) lib/active_support/core_ext/benchmark.rb:12:in `block in ms'
  /home/kovo/.rbenv/versions/2.3.1/lib/ruby/2.3.0/benchmark.rb:308:in `realtime'
  activesupport (4.2.6) lib/active_support/core_ext/benchmark.rb:12:in `ms'
  actionpack (4.2.6) lib/action_controller/metal/instrumentation.rb:44:in `block in render'
  actionpack (4.2.6) lib/action_controller/metal/instrumentation.rb:87:in `cleanup_view_runtime'
  activerecord (4.2.6) lib/active_record/railties/controller_runtime.rb:25:in `cleanup_view_runtime'
  actionpack (4.2.6) lib/action_controller/metal/instrumentation.rb:43:in `render'
  actionpack (4.2.6) lib/action_controller/metal/implicit_render.rb:10:in `default_render'
  actionpack (4.2.6) lib/action_controller/metal/implicit_render.rb:5:in `send_action'
  actionpack (4.2.6) lib/abstract_controller/base.rb:198:in `process_action'
  actionpack (4.2.6) lib/action_controller/metal/rendering.rb:10:in `process_action'
  actionpack (4.2.6) lib/abstract_controller/callbacks.rb:20:in `block in process_action'
  activesupport (4.2.6) lib/active_support/callbacks.rb:117:in `call'
  activesupport (4.2.6) lib/active_support/callbacks.rb:555:in `block (2 levels) in compile'
  activesupport (4.2.6) lib/active_support/callbacks.rb:505:in `call'
  activesupport (4.2.6) lib/active_support/callbacks.rb:92:in `__run_callbacks__'
  activesupport (4.2.6) lib/active_support/callbacks.rb:778:in `_run_process_action_callbacks'
  activesupport (4.2.6) lib/active_support/callbacks.rb:81:in `run_callbacks'
  actionpack (4.2.6) lib/abstract_controller/callbacks.rb:19:in `process_action'
  actionpack (4.2.6) lib/action_controller/metal/rescue.rb:29:in `process_action'
  actionpack (4.2.6) lib/action_controller/metal/instrumentation.rb:32:in `block in process_action'
  activesupport (4.2.6) lib/active_support/notifications.rb:164:in `block in instrument'
  activesupport (4.2.6) lib/active_support/notifications/instrumenter.rb:20:in `instrument'
  activesupport (4.2.6) lib/active_support/notifications.rb:164:in `instrument'
  actionpack (4.2.6) lib/action_controller/metal/instrumentation.rb:30:in `process_action'
  actionpack (4.2.6) lib/action_controller/metal/params_wrapper.rb:250:in `process_action'
  activerecord (4.2.6) lib/active_record/railties/controller_runtime.rb:18:in `process_action'
  actionpack (4.2.6) lib/abstract_controller/base.rb:137:in `process'
  actionview (4.2.6) lib/action_view/rendering.rb:30:in `process'
  actionpack (4.2.6) lib/action_controller/metal.rb:196:in `dispatch'
  actionpack (4.2.6) lib/action_controller/metal/rack_delegation.rb:13:in `dispatch'
  actionpack (4.2.6) lib/action_controller/metal.rb:237:in `block in action'
  actionpack (4.2.6) lib/action_dispatch/routing/route_set.rb:74:in `dispatch'
  actionpack (4.2.6) lib/action_dispatch/routing/route_set.rb:43:in `serve'
  actionpack (4.2.6) lib/action_dispatch/journey/router.rb:43:in `block in serve'
  actionpack (4.2.6) lib/action_dispatch/journey/router.rb:30:in `each'
  actionpack (4.2.6) lib/action_dispatch/journey/router.rb:30:in `serve'
  actionpack (4.2.6) lib/action_dispatch/routing/route_set.rb:817:in `call'
  rack (1.6.5) lib/rack/etag.rb:24:in `call'
  rack (1.6.5) lib/rack/conditionalget.rb:38:in `call'
  rack (1.6.5) lib/rack/head.rb:13:in `call'
  actionpack (4.2.6) lib/action_dispatch/middleware/params_parser.rb:27:in `call'
  actionpack (4.2.6) lib/action_dispatch/middleware/flash.rb:260:in `call'
  rack (1.6.5) lib/rack/session/abstract/id.rb:225:in `context'
  rack (1.6.5) lib/rack/session/abstract/id.rb:220:in `call'
  actionpack (4.2.6) lib/action_dispatch/middleware/cookies.rb:560:in `call'
  activerecord (4.2.6) lib/active_record/query_cache.rb:36:in `call'
  activerecord (4.2.6) lib/active_record/connection_adapters/abstract/connection_pool.rb:653:in `call'
  activerecord (4.2.6) lib/active_record/migration.rb:377:in `call'
  actionpack (4.2.6) lib/action_dispatch/middleware/callbacks.rb:29:in `block in call'
  activesupport (4.2.6) lib/active_support/callbacks.rb:88:in `__run_callbacks__'
  activesupport (4.2.6) lib/active_support/callbacks.rb:778:in `_run_call_callbacks'
  activesupport (4.2.6) lib/active_support/callbacks.rb:81:in `run_callbacks'
  actionpack (4.2.6) lib/action_dispatch/middleware/callbacks.rb:27:in `call'
  actionpack (4.2.6) lib/action_dispatch/middleware/reloader.rb:73:in `call'
  actionpack (4.2.6) lib/action_dispatch/middleware/remote_ip.rb:78:in `call'
  actionpack (4.2.6) lib/action_dispatch/middleware/debug_exceptions.rb:17:in `call'
  web-console (2.3.0) lib/web_console/middleware.rb:28:in `block in call'
  web-console (2.3.0) lib/web_console/middleware.rb:18:in `catch'
  web-console (2.3.0) lib/web_console/middleware.rb:18:in `call'
  actionpack (4.2.6) lib/action_dispatch/middleware/show_exceptions.rb:30:in `call'
  railties (4.2.6) lib/rails/rack/logger.rb:38:in `call_app'
  railties (4.2.6) lib/rails/rack/logger.rb:20:in `block in call'
  activesupport (4.2.6) lib/active_support/tagged_logging.rb:68:in `block in tagged'
  activesupport (4.2.6) lib/active_support/tagged_logging.rb:26:in `tagged'
  activesupport (4.2.6) lib/active_support/tagged_logging.rb:68:in `tagged'
  railties (4.2.6) lib/rails/rack/logger.rb:20:in `call'
  actionpack (4.2.6) lib/action_dispatch/middleware/request_id.rb:21:in `call'
  rack (1.6.5) lib/rack/methodoverride.rb:22:in `call'
  rack (1.6.5) lib/rack/runtime.rb:18:in `call'
  activesupport (4.2.6) lib/active_support/cache/strategy/local_cache_middleware.rb:28:in `call'
  rack (1.6.5) lib/rack/lock.rb:17:in `call'
  actionpack (4.2.6) lib/action_dispatch/middleware/static.rb:120:in `call'
  rack (1.6.5) lib/rack/sendfile.rb:113:in `call'
  railties (4.2.6) lib/rails/engine.rb:518:in `call'
  railties (4.2.6) lib/rails/application.rb:165:in `call'
  rack (1.6.5) lib/rack/lock.rb:17:in `call'
  rack (1.6.5) lib/rack/content_length.rb:15:in `call'
  rack (1.6.5) lib/rack/handler/webrick.rb:88:in `service'
  /home/kovo/.rbenv/versions/2.3.1/lib/ruby/2.3.0/webrick/httpserver.rb:140:in `service'
  /home/kovo/.rbenv/versions/2.3.1/lib/ruby/2.3.0/webrick/httpserver.rb:96:in `run'
  /home/kovo/.rbenv/versions/2.3.1/lib/ruby/2.3.0/webrick/server.rb:296:in `block in start_thread'


  Rendered /home/kovo/.rbenv/versions/2.3.1/lib/ruby/gems/2.3.0/gems/actionpack-4.2.6/lib/action_dispatch/middleware/templates/rescues/_source.erb (49.3ms)
  Rendered /home/kovo/.rbenv/versions/2.3.1/lib/ruby/gems/2.3.0/gems/actionpack-4.2.6/lib/action_dispatch/middleware/templates/rescues/_trace.html.erb (15.7ms)
  Rendered /home/kovo/.rbenv/versions/2.3.1/lib/ruby/gems/2.3.0/gems/actionpack-4.2.6/lib/action_dispatch/middleware/templates/rescues/_request_and_response.html.erb (3.0ms)
  Rendered /home/kovo/.rbenv/versions/2.3.1/lib/ruby/gems/2.3.0/gems/actionpack-4.2.6/lib/action_dispatch/middleware/templates/rescues/missing_template.html.erb within rescues/layout (171.6ms)
  Rendered /home/kovo/.rbenv/versions/2.3.1/lib/ruby/gems/2.3.0/gems/web-console-2.3.0/lib/web_console/templates/_markup.html.erb (1.3ms)
  Rendered /home/kovo/.rbenv/versions/2.3.1/lib/ruby/gems/2.3.0/gems/web-console-2.3.0/lib/web_console/templates/_inner_console_markup.html.erb within layouts/inlined_string (9.2ms)
  Rendered /home/kovo/.rbenv/versions/2.3.1/lib/ruby/gems/2.3.0/gems/web-console-2.3.0/lib/web_console/templates/_prompt_box_markup.html.erb within layouts/inlined_string (1.0ms)
  Rendered /home/kovo/.rbenv/versions/2.3.1/lib/ruby/gems/2.3.0/gems/web-console-2.3.0/lib/web_console/templates/style.css.erb within layouts/inlined_string (1.2ms)
  Rendered /home/kovo/.rbenv/versions/2.3.1/lib/ruby/gems/2.3.0/gems/web-console-2.3.0/lib/web_console/templates/console.js.erb within layouts/javascript (106.4ms)
  Rendered /home/kovo/.rbenv/versions/2.3.1/lib/ruby/gems/2.3.0/gems/web-console-2.3.0/lib/web_console/templates/main.js.erb within layouts/javascript (5.4ms)
  Rendered /home/kovo/.rbenv/versions/2.3.1/lib/ruby/gems/2.3.0/gems/web-console-2.3.0/lib/web_console/templates/error_page.js.erb within layouts/javascript (1.5ms)
  Rendered /home/kovo/.rbenv/versions/2.3.1/lib/ruby/gems/2.3.0/gems/web-console-2.3.0/lib/web_console/templates/index.html.erb (259.2ms)


Started GET "/post" for 127.0.0.1 at 2017-03-21 00:08:01 +0100
Processing by PostsController#index as HTML
  [1m[35mPost Load (17.0ms)[0m  SELECT "posts".* FROM "posts"
  Rendered posts/index.html.erb within layouts/application (128.1ms)
  Rendered layouts/_main_menu.html.erb (1.4ms)
Completed 200 OK in 301ms (Views: 279.7ms | ActiveRecord: 17.0ms)


Started GET "/assets/blogs.self-e3b0c44298fc1c149afbf4c8996fb92427ae41e4649b934ca495991b7852b855.css?body=1" for 127.0.0.1 at 2017-03-21 00:08:01 +0100


Started GET "/assets/homepage.self-e3b0c44298fc1c149afbf4c8996fb92427ae41e4649b934ca495991b7852b855.css?body=1" for 127.0.0.1 at 2017-03-21 00:08:01 +0100


Started GET "/assets/posts.self-e3b0c44298fc1c149afbf4c8996fb92427ae41e4649b934ca495991b7852b855.css?body=1" for 127.0.0.1 at 2017-03-21 00:08:01 +0100


Started GET "/assets/users.self-e3b0c44298fc1c149afbf4c8996fb92427ae41e4649b934ca495991b7852b855.css?body=1" for 127.0.0.1 at 2017-03-21 00:08:01 +0100


Started GET "/assets/application.self-e80e8f2318043e8af94dddc2adad5a4f09739a8ebb323b3ab31cd71d45fd9113.css?body=1" for 127.0.0.1 at 2017-03-21 00:08:01 +0100


Started GET "/assets/jquery_ujs.self-784a997f6726036b1993eb2217c9cb558e1cbb801c6da88105588c56f13b466a.js?body=1" for 127.0.0.1 at 2017-03-21 00:08:01 +0100


Started GET "/assets/jquery.self-bd7ddd393353a8d2480a622e80342adf488fb6006d667e8b42e4c0073393abee.js?body=1" for 127.0.0.1 at 2017-03-21 00:08:01 +0100


Started GET "/assets/blogs.self-877aef30ae1b040ab8a3aba4e3e309a11d7f2612f44dde450b5c157aa5f95c05.js?body=1" for 127.0.0.1 at 2017-03-21 00:08:01 +0100


Started GET "/assets/turbolinks.self-c5acd7a204f5f25ce7a1d8a0e4d92e28d34c9e2df2c7371cd7af88e147e4ad82.js?body=1" for 127.0.0.1 at 2017-03-21 00:08:01 +0100


Started GET "/assets/homepage.self-877aef30ae1b040ab8a3aba4e3e309a11d7f2612f44dde450b5c157aa5f95c05.js?body=1" for 127.0.0.1 at 2017-03-21 00:08:01 +0100


Started GET "/assets/posts.self-877aef30ae1b040ab8a3aba4e3e309a11d7f2612f44dde450b5c157aa5f95c05.js?body=1" for 127.0.0.1 at 2017-03-21 00:08:01 +0100


Started GET "/assets/application.self-3b8dabdc891efe46b9a144b400ad69e37d7e5876bdc39dee783419a69d7ca819.js?body=1" for 127.0.0.1 at 2017-03-21 00:08:01 +0100


Started GET "/assets/users.self-877aef30ae1b040ab8a3aba4e3e309a11d7f2612f44dde450b5c157aa5f95c05.js?body=1" for 127.0.0.1 at 2017-03-21 00:08:01 +0100


Started DELETE "/post/2" for 127.0.0.1 at 2017-03-21 00:08:07 +0100
Processing by PostsController#delete as HTML
  Parameters: {"authenticity_token"=>"DNfj83hS1rpDIe0m0pZiYkFcP1nCxAtzAp7EhxLB4Au8d3S4hFrfNi6oGg6QsdfSJqNzzKKkOZ0ixzH8fySqZw==", "id"=>"2"}
Completed 500 Internal Server Error in 13ms (ActiveRecord: 0.0ms)

ActionView::MissingTemplate (Missing template posts/delete, application/delete with {:locale=>[:en], :formats=>[:html], :variants=>[], :handlers=>[:erb, :builder, :raw, :ruby, :coffee, :jbuilder]}. Searched in:
  * "/home/kovo/:. WWW/kovoweb-3.0/mojWeb/app/views"
):
  actionview (4.2.6) lib/action_view/path_set.rb:46:in `find'
  actionview (4.2.6) lib/action_view/lookup_context.rb:121:in `find'
  actionview (4.2.6) lib/action_view/renderer/abstract_renderer.rb:18:in `find_template'
  actionview (4.2.6) lib/action_view/renderer/template_renderer.rb:40:in `determine_template'
  actionview (4.2.6) lib/action_view/renderer/template_renderer.rb:8:in `render'
  actionview (4.2.6) lib/action_view/renderer/renderer.rb:46:in `render_template'
  actionview (4.2.6) lib/action_view/renderer/renderer.rb:27:in `render'
  actionview (4.2.6) lib/action_view/rendering.rb:100:in `_render_template'
  actionpack (4.2.6) lib/action_controller/metal/streaming.rb:217:in `_render_template'
  actionview (4.2.6) lib/action_view/rendering.rb:83:in `render_to_body'
  actionpack (4.2.6) lib/action_controller/metal/rendering.rb:32:in `render_to_body'
  actionpack (4.2.6) lib/action_controller/metal/renderers.rb:37:in `render_to_body'
  actionpack (4.2.6) lib/abstract_controller/rendering.rb:25:in `render'
  actionpack (4.2.6) lib/action_controller/metal/rendering.rb:16:in `render'
  actionpack (4.2.6) lib/action_controller/metal/instrumentation.rb:44:in `block (2 levels) in render'
  activesupport (4.2.6) lib/active_support/core_ext/benchmark.rb:12:in `block in ms'
  /home/kovo/.rbenv/versions/2.3.1/lib/ruby/2.3.0/benchmark.rb:308:in `realtime'
  activesupport (4.2.6) lib/active_support/core_ext/benchmark.rb:12:in `ms'
  actionpack (4.2.6) lib/action_controller/metal/instrumentation.rb:44:in `block in render'
  actionpack (4.2.6) lib/action_controller/metal/instrumentation.rb:87:in `cleanup_view_runtime'
  activerecord (4.2.6) lib/active_record/railties/controller_runtime.rb:25:in `cleanup_view_runtime'
  actionpack (4.2.6) lib/action_controller/metal/instrumentation.rb:43:in `render'
  actionpack (4.2.6) lib/action_controller/metal/implicit_render.rb:10:in `default_render'
  actionpack (4.2.6) lib/action_controller/metal/implicit_render.rb:5:in `send_action'
  actionpack (4.2.6) lib/abstract_controller/base.rb:198:in `process_action'
  actionpack (4.2.6) lib/action_controller/metal/rendering.rb:10:in `process_action'
  actionpack (4.2.6) lib/abstract_controller/callbacks.rb:20:in `block in process_action'
  activesupport (4.2.6) lib/active_support/callbacks.rb:117:in `call'
  activesupport (4.2.6) lib/active_support/callbacks.rb:555:in `block (2 levels) in compile'
  activesupport (4.2.6) lib/active_support/callbacks.rb:505:in `call'
  activesupport (4.2.6) lib/active_support/callbacks.rb:92:in `__run_callbacks__'
  activesupport (4.2.6) lib/active_support/callbacks.rb:778:in `_run_process_action_callbacks'
  activesupport (4.2.6) lib/active_support/callbacks.rb:81:in `run_callbacks'
  actionpack (4.2.6) lib/abstract_controller/callbacks.rb:19:in `process_action'
  actionpack (4.2.6) lib/action_controller/metal/rescue.rb:29:in `process_action'
  actionpack (4.2.6) lib/action_controller/metal/instrumentation.rb:32:in `block in process_action'
  activesupport (4.2.6) lib/active_support/notifications.rb:164:in `block in instrument'
  activesupport (4.2.6) lib/active_support/notifications/instrumenter.rb:20:in `instrument'
  activesupport (4.2.6) lib/active_support/notifications.rb:164:in `instrument'
  actionpack (4.2.6) lib/action_controller/metal/instrumentation.rb:30:in `process_action'
  actionpack (4.2.6) lib/action_controller/metal/params_wrapper.rb:250:in `process_action'
  activerecord (4.2.6) lib/active_record/railties/controller_runtime.rb:18:in `process_action'
  actionpack (4.2.6) lib/abstract_controller/base.rb:137:in `process'
  actionview (4.2.6) lib/action_view/rendering.rb:30:in `process'
  actionpack (4.2.6) lib/action_controller/metal.rb:196:in `dispatch'
  actionpack (4.2.6) lib/action_controller/metal/rack_delegation.rb:13:in `dispatch'
  actionpack (4.2.6) lib/action_controller/metal.rb:237:in `block in action'
  actionpack (4.2.6) lib/action_dispatch/routing/route_set.rb:74:in `dispatch'
  actionpack (4.2.6) lib/action_dispatch/routing/route_set.rb:43:in `serve'
  actionpack (4.2.6) lib/action_dispatch/journey/router.rb:43:in `block in serve'
  actionpack (4.2.6) lib/action_dispatch/journey/router.rb:30:in `each'
  actionpack (4.2.6) lib/action_dispatch/journey/router.rb:30:in `serve'
  actionpack (4.2.6) lib/action_dispatch/routing/route_set.rb:817:in `call'
  rack (1.6.5) lib/rack/etag.rb:24:in `call'
  rack (1.6.5) lib/rack/conditionalget.rb:38:in `call'
  rack (1.6.5) lib/rack/head.rb:13:in `call'
  actionpack (4.2.6) lib/action_dispatch/middleware/params_parser.rb:27:in `call'
  actionpack (4.2.6) lib/action_dispatch/middleware/flash.rb:260:in `call'
  rack (1.6.5) lib/rack/session/abstract/id.rb:225:in `context'
  rack (1.6.5) lib/rack/session/abstract/id.rb:220:in `call'
  actionpack (4.2.6) lib/action_dispatch/middleware/cookies.rb:560:in `call'
  activerecord (4.2.6) lib/active_record/query_cache.rb:36:in `call'
  activerecord (4.2.6) lib/active_record/connection_adapters/abstract/connection_pool.rb:653:in `call'
  activerecord (4.2.6) lib/active_record/migration.rb:377:in `call'
  actionpack (4.2.6) lib/action_dispatch/middleware/callbacks.rb:29:in `block in call'
  activesupport (4.2.6) lib/active_support/callbacks.rb:88:in `__run_callbacks__'
  activesupport (4.2.6) lib/active_support/callbacks.rb:778:in `_run_call_callbacks'
  activesupport (4.2.6) lib/active_support/callbacks.rb:81:in `run_callbacks'
  actionpack (4.2.6) lib/action_dispatch/middleware/callbacks.rb:27:in `call'
  actionpack (4.2.6) lib/action_dispatch/middleware/reloader.rb:73:in `call'
  actionpack (4.2.6) lib/action_dispatch/middleware/remote_ip.rb:78:in `call'
  actionpack (4.2.6) lib/action_dispatch/middleware/debug_exceptions.rb:17:in `call'
  web-console (2.3.0) lib/web_console/middleware.rb:28:in `block in call'
  web-console (2.3.0) lib/web_console/middleware.rb:18:in `catch'
  web-console (2.3.0) lib/web_console/middleware.rb:18:in `call'
  actionpack (4.2.6) lib/action_dispatch/middleware/show_exceptions.rb:30:in `call'
  railties (4.2.6) lib/rails/rack/logger.rb:38:in `call_app'
  railties (4.2.6) lib/rails/rack/logger.rb:20:in `block in call'
  activesupport (4.2.6) lib/active_support/tagged_logging.rb:68:in `block in tagged'
  activesupport (4.2.6) lib/active_support/tagged_logging.rb:26:in `tagged'
  activesupport (4.2.6) lib/active_support/tagged_logging.rb:68:in `tagged'
  railties (4.2.6) lib/rails/rack/logger.rb:20:in `call'
  actionpack (4.2.6) lib/action_dispatch/middleware/request_id.rb:21:in `call'
  rack (1.6.5) lib/rack/methodoverride.rb:22:in `call'
  rack (1.6.5) lib/rack/runtime.rb:18:in `call'
  activesupport (4.2.6) lib/active_support/cache/strategy/local_cache_middleware.rb:28:in `call'
  rack (1.6.5) lib/rack/lock.rb:17:in `call'
  actionpack (4.2.6) lib/action_dispatch/middleware/static.rb:120:in `call'
  rack (1.6.5) lib/rack/sendfile.rb:113:in `call'
  railties (4.2.6) lib/rails/engine.rb:518:in `call'
  railties (4.2.6) lib/rails/application.rb:165:in `call'
  rack (1.6.5) lib/rack/lock.rb:17:in `call'
  rack (1.6.5) lib/rack/content_length.rb:15:in `call'
  rack (1.6.5) lib/rack/handler/webrick.rb:88:in `service'
  /home/kovo/.rbenv/versions/2.3.1/lib/ruby/2.3.0/webrick/httpserver.rb:140:in `service'
  /home/kovo/.rbenv/versions/2.3.1/lib/ruby/2.3.0/webrick/httpserver.rb:96:in `run'
  /home/kovo/.rbenv/versions/2.3.1/lib/ruby/2.3.0/webrick/server.rb:296:in `block in start_thread'


  Rendered /home/kovo/.rbenv/versions/2.3.1/lib/ruby/gems/2.3.0/gems/actionpack-4.2.6/lib/action_dispatch/middleware/templates/rescues/_source.erb (31.2ms)
  Rendered /home/kovo/.rbenv/versions/2.3.1/lib/ruby/gems/2.3.0/gems/actionpack-4.2.6/lib/action_dispatch/middleware/templates/rescues/_trace.html.erb (14.1ms)
  Rendered /home/kovo/.rbenv/versions/2.3.1/lib/ruby/gems/2.3.0/gems/actionpack-4.2.6/lib/action_dispatch/middleware/templates/rescues/_request_and_response.html.erb (3.1ms)
  Rendered /home/kovo/.rbenv/versions/2.3.1/lib/ruby/gems/2.3.0/gems/actionpack-4.2.6/lib/action_dispatch/middleware/templates/rescues/missing_template.html.erb within rescues/layout (108.4ms)
  Rendered /home/kovo/.rbenv/versions/2.3.1/lib/ruby/gems/2.3.0/gems/web-console-2.3.0/lib/web_console/templates/_markup.html.erb (6.2ms)
  Rendered /home/kovo/.rbenv/versions/2.3.1/lib/ruby/gems/2.3.0/gems/web-console-2.3.0/lib/web_console/templates/_inner_console_markup.html.erb within layouts/inlined_string (1.3ms)
  Rendered /home/kovo/.rbenv/versions/2.3.1/lib/ruby/gems/2.3.0/gems/web-console-2.3.0/lib/web_console/templates/_prompt_box_markup.html.erb within layouts/inlined_string (7.0ms)
  Rendered /home/kovo/.rbenv/versions/2.3.1/lib/ruby/gems/2.3.0/gems/web-console-2.3.0/lib/web_console/templates/style.css.erb within layouts/inlined_string (9.2ms)
  Rendered /home/kovo/.rbenv/versions/2.3.1/lib/ruby/gems/2.3.0/gems/web-console-2.3.0/lib/web_console/templates/console.js.erb within layouts/javascript (86.6ms)
  Rendered /home/kovo/.rbenv/versions/2.3.1/lib/ruby/gems/2.3.0/gems/web-console-2.3.0/lib/web_console/templates/main.js.erb within layouts/javascript (1.3ms)
  Rendered /home/kovo/.rbenv/versions/2.3.1/lib/ruby/gems/2.3.0/gems/web-console-2.3.0/lib/web_console/templates/error_page.js.erb within layouts/javascript (2.1ms)
  Rendered /home/kovo/.rbenv/versions/2.3.1/lib/ruby/gems/2.3.0/gems/web-console-2.3.0/lib/web_console/templates/index.html.erb (202.0ms)


Started DELETE "/post/2" for 127.0.0.1 at 2017-03-21 00:08:27 +0100
Processing by PostsController#delete as HTML
  Parameters: {"authenticity_token"=>"DNfj83hS1rpDIe0m0pZiYkFcP1nCxAtzAp7EhxLB4Au8d3S4hFrfNi6oGg6QsdfSJqNzzKKkOZ0ixzH8fySqZw==", "id"=>"2"}
Completed 500 Internal Server Error in 36ms (ActiveRecord: 0.0ms)

ActionView::MissingTemplate (Missing template posts/delete, application/delete with {:locale=>[:en], :formats=>[:html], :variants=>[], :handlers=>[:erb, :builder, :raw, :ruby, :coffee, :jbuilder]}. Searched in:
  * "/home/kovo/:. WWW/kovoweb-3.0/mojWeb/app/views"
):
  actionview (4.2.6) lib/action_view/path_set.rb:46:in `find'
  actionview (4.2.6) lib/action_view/lookup_context.rb:121:in `find'
  actionview (4.2.6) lib/action_view/renderer/abstract_renderer.rb:18:in `find_template'
  actionview (4.2.6) lib/action_view/renderer/template_renderer.rb:40:in `determine_template'
  actionview (4.2.6) lib/action_view/renderer/template_renderer.rb:8:in `render'
  actionview (4.2.6) lib/action_view/renderer/renderer.rb:46:in `render_template'
  actionview (4.2.6) lib/action_view/renderer/renderer.rb:27:in `render'
  actionview (4.2.6) lib/action_view/rendering.rb:100:in `_render_template'
  actionpack (4.2.6) lib/action_controller/metal/streaming.rb:217:in `_render_template'
  actionview (4.2.6) lib/action_view/rendering.rb:83:in `render_to_body'
  actionpack (4.2.6) lib/action_controller/metal/rendering.rb:32:in `render_to_body'
  actionpack (4.2.6) lib/action_controller/metal/renderers.rb:37:in `render_to_body'
  actionpack (4.2.6) lib/abstract_controller/rendering.rb:25:in `render'
  actionpack (4.2.6) lib/action_controller/metal/rendering.rb:16:in `render'
  actionpack (4.2.6) lib/action_controller/metal/instrumentation.rb:44:in `block (2 levels) in render'
  activesupport (4.2.6) lib/active_support/core_ext/benchmark.rb:12:in `block in ms'
  /home/kovo/.rbenv/versions/2.3.1/lib/ruby/2.3.0/benchmark.rb:308:in `realtime'
  activesupport (4.2.6) lib/active_support/core_ext/benchmark.rb:12:in `ms'
  actionpack (4.2.6) lib/action_controller/metal/instrumentation.rb:44:in `block in render'
  actionpack (4.2.6) lib/action_controller/metal/instrumentation.rb:87:in `cleanup_view_runtime'
  activerecord (4.2.6) lib/active_record/railties/controller_runtime.rb:25:in `cleanup_view_runtime'
  actionpack (4.2.6) lib/action_controller/metal/instrumentation.rb:43:in `render'
  actionpack (4.2.6) lib/action_controller/metal/implicit_render.rb:10:in `default_render'
  actionpack (4.2.6) lib/action_controller/metal/implicit_render.rb:5:in `send_action'
  actionpack (4.2.6) lib/abstract_controller/base.rb:198:in `process_action'
  actionpack (4.2.6) lib/action_controller/metal/rendering.rb:10:in `process_action'
  actionpack (4.2.6) lib/abstract_controller/callbacks.rb:20:in `block in process_action'
  activesupport (4.2.6) lib/active_support/callbacks.rb:117:in `call'
  activesupport (4.2.6) lib/active_support/callbacks.rb:555:in `block (2 levels) in compile'
  activesupport (4.2.6) lib/active_support/callbacks.rb:505:in `call'
  activesupport (4.2.6) lib/active_support/callbacks.rb:92:in `__run_callbacks__'
  activesupport (4.2.6) lib/active_support/callbacks.rb:778:in `_run_process_action_callbacks'
  activesupport (4.2.6) lib/active_support/callbacks.rb:81:in `run_callbacks'
  actionpack (4.2.6) lib/abstract_controller/callbacks.rb:19:in `process_action'
  actionpack (4.2.6) lib/action_controller/metal/rescue.rb:29:in `process_action'
  actionpack (4.2.6) lib/action_controller/metal/instrumentation.rb:32:in `block in process_action'
  activesupport (4.2.6) lib/active_support/notifications.rb:164:in `block in instrument'
  activesupport (4.2.6) lib/active_support/notifications/instrumenter.rb:20:in `instrument'
  activesupport (4.2.6) lib/active_support/notifications.rb:164:in `instrument'
  actionpack (4.2.6) lib/action_controller/metal/instrumentation.rb:30:in `process_action'
  actionpack (4.2.6) lib/action_controller/metal/params_wrapper.rb:250:in `process_action'
  activerecord (4.2.6) lib/active_record/railties/controller_runtime.rb:18:in `process_action'
  actionpack (4.2.6) lib/abstract_controller/base.rb:137:in `process'
  actionview (4.2.6) lib/action_view/rendering.rb:30:in `process'
  actionpack (4.2.6) lib/action_controller/metal.rb:196:in `dispatch'
  actionpack (4.2.6) lib/action_controller/metal/rack_delegation.rb:13:in `dispatch'
  actionpack (4.2.6) lib/action_controller/metal.rb:237:in `block in action'
  actionpack (4.2.6) lib/action_dispatch/routing/route_set.rb:74:in `dispatch'
  actionpack (4.2.6) lib/action_dispatch/routing/route_set.rb:43:in `serve'
  actionpack (4.2.6) lib/action_dispatch/journey/router.rb:43:in `block in serve'
  actionpack (4.2.6) lib/action_dispatch/journey/router.rb:30:in `each'
  actionpack (4.2.6) lib/action_dispatch/journey/router.rb:30:in `serve'
  actionpack (4.2.6) lib/action_dispatch/routing/route_set.rb:817:in `call'
  rack (1.6.5) lib/rack/etag.rb:24:in `call'
  rack (1.6.5) lib/rack/conditionalget.rb:38:in `call'
  rack (1.6.5) lib/rack/head.rb:13:in `call'
  actionpack (4.2.6) lib/action_dispatch/middleware/params_parser.rb:27:in `call'
  actionpack (4.2.6) lib/action_dispatch/middleware/flash.rb:260:in `call'
  rack (1.6.5) lib/rack/session/abstract/id.rb:225:in `context'
  rack (1.6.5) lib/rack/session/abstract/id.rb:220:in `call'
  actionpack (4.2.6) lib/action_dispatch/middleware/cookies.rb:560:in `call'
  activerecord (4.2.6) lib/active_record/query_cache.rb:36:in `call'
  activerecord (4.2.6) lib/active_record/connection_adapters/abstract/connection_pool.rb:653:in `call'
  activerecord (4.2.6) lib/active_record/migration.rb:377:in `call'
  actionpack (4.2.6) lib/action_dispatch/middleware/callbacks.rb:29:in `block in call'
  activesupport (4.2.6) lib/active_support/callbacks.rb:88:in `__run_callbacks__'
  activesupport (4.2.6) lib/active_support/callbacks.rb:778:in `_run_call_callbacks'
  activesupport (4.2.6) lib/active_support/callbacks.rb:81:in `run_callbacks'
  actionpack (4.2.6) lib/action_dispatch/middleware/callbacks.rb:27:in `call'
  actionpack (4.2.6) lib/action_dispatch/middleware/reloader.rb:73:in `call'
  actionpack (4.2.6) lib/action_dispatch/middleware/remote_ip.rb:78:in `call'
  actionpack (4.2.6) lib/action_dispatch/middleware/debug_exceptions.rb:17:in `call'
  web-console (2.3.0) lib/web_console/middleware.rb:28:in `block in call'
  web-console (2.3.0) lib/web_console/middleware.rb:18:in `catch'
  web-console (2.3.0) lib/web_console/middleware.rb:18:in `call'
  actionpack (4.2.6) lib/action_dispatch/middleware/show_exceptions.rb:30:in `call'
  railties (4.2.6) lib/rails/rack/logger.rb:38:in `call_app'
  railties (4.2.6) lib/rails/rack/logger.rb:20:in `block in call'
  activesupport (4.2.6) lib/active_support/tagged_logging.rb:68:in `block in tagged'
  activesupport (4.2.6) lib/active_support/tagged_logging.rb:26:in `tagged'
  activesupport (4.2.6) lib/active_support/tagged_logging.rb:68:in `tagged'
  railties (4.2.6) lib/rails/rack/logger.rb:20:in `call'
  actionpack (4.2.6) lib/action_dispatch/middleware/request_id.rb:21:in `call'
  rack (1.6.5) lib/rack/methodoverride.rb:22:in `call'
  rack (1.6.5) lib/rack/runtime.rb:18:in `call'
  activesupport (4.2.6) lib/active_support/cache/strategy/local_cache_middleware.rb:28:in `call'
  rack (1.6.5) lib/rack/lock.rb:17:in `call'
  actionpack (4.2.6) lib/action_dispatch/middleware/static.rb:120:in `call'
  rack (1.6.5) lib/rack/sendfile.rb:113:in `call'
  railties (4.2.6) lib/rails/engine.rb:518:in `call'
  railties (4.2.6) lib/rails/application.rb:165:in `call'
  rack (1.6.5) lib/rack/lock.rb:17:in `call'
  rack (1.6.5) lib/rack/content_length.rb:15:in `call'
  rack (1.6.5) lib/rack/handler/webrick.rb:88:in `service'
  /home/kovo/.rbenv/versions/2.3.1/lib/ruby/2.3.0/webrick/httpserver.rb:140:in `service'
  /home/kovo/.rbenv/versions/2.3.1/lib/ruby/2.3.0/webrick/httpserver.rb:96:in `run'
  /home/kovo/.rbenv/versions/2.3.1/lib/ruby/2.3.0/webrick/server.rb:296:in `block in start_thread'


  Rendered /home/kovo/.rbenv/versions/2.3.1/lib/ruby/gems/2.3.0/gems/actionpack-4.2.6/lib/action_dispatch/middleware/templates/rescues/_source.erb (89.3ms)
  Rendered /home/kovo/.rbenv/versions/2.3.1/lib/ruby/gems/2.3.0/gems/actionpack-4.2.6/lib/action_dispatch/middleware/templates/rescues/_trace.html.erb (24.9ms)
  Rendered /home/kovo/.rbenv/versions/2.3.1/lib/ruby/gems/2.3.0/gems/actionpack-4.2.6/lib/action_dispatch/middleware/templates/rescues/_request_and_response.html.erb (3.1ms)
  Rendered /home/kovo/.rbenv/versions/2.3.1/lib/ruby/gems/2.3.0/gems/actionpack-4.2.6/lib/action_dispatch/middleware/templates/rescues/missing_template.html.erb within rescues/layout (200.1ms)
  Rendered /home/kovo/.rbenv/versions/2.3.1/lib/ruby/gems/2.3.0/gems/web-console-2.3.0/lib/web_console/templates/_markup.html.erb (1.3ms)
  Rendered /home/kovo/.rbenv/versions/2.3.1/lib/ruby/gems/2.3.0/gems/web-console-2.3.0/lib/web_console/templates/_inner_console_markup.html.erb within layouts/inlined_string (1.2ms)
  Rendered /home/kovo/.rbenv/versions/2.3.1/lib/ruby/gems/2.3.0/gems/web-console-2.3.0/lib/web_console/templates/_prompt_box_markup.html.erb within layouts/inlined_string (1.1ms)
  Rendered /home/kovo/.rbenv/versions/2.3.1/lib/ruby/gems/2.3.0/gems/web-console-2.3.0/lib/web_console/templates/style.css.erb within layouts/inlined_string (1.2ms)
  Rendered /home/kovo/.rbenv/versions/2.3.1/lib/ruby/gems/2.3.0/gems/web-console-2.3.0/lib/web_console/templates/console.js.erb within layouts/javascript (108.0ms)
  Rendered /home/kovo/.rbenv/versions/2.3.1/lib/ruby/gems/2.3.0/gems/web-console-2.3.0/lib/web_console/templates/main.js.erb within layouts/javascript (1.0ms)
  Rendered /home/kovo/.rbenv/versions/2.3.1/lib/ruby/gems/2.3.0/gems/web-console-2.3.0/lib/web_console/templates/error_page.js.erb within layouts/javascript (1.3ms)
  Rendered /home/kovo/.rbenv/versions/2.3.1/lib/ruby/gems/2.3.0/gems/web-console-2.3.0/lib/web_console/templates/index.html.erb (219.8ms)


Started DELETE "/post/14" for 127.0.0.1 at 2017-03-21 00:08:45 +0100
Processing by PostsController#delete as HTML
  Parameters: {"authenticity_token"=>"DNfj83hS1rpDIe0m0pZiYkFcP1nCxAtzAp7EhxLB4Au8d3S4hFrfNi6oGg6QsdfSJqNzzKKkOZ0ixzH8fySqZw==", "id"=>"14"}
Completed 500 Internal Server Error in 13ms (ActiveRecord: 0.0ms)

ActionView::MissingTemplate (Missing template posts/delete, application/delete with {:locale=>[:en], :formats=>[:html], :variants=>[], :handlers=>[:erb, :builder, :raw, :ruby, :coffee, :jbuilder]}. Searched in:
  * "/home/kovo/:. WWW/kovoweb-3.0/mojWeb/app/views"
):
  actionview (4.2.6) lib/action_view/path_set.rb:46:in `find'
  actionview (4.2.6) lib/action_view/lookup_context.rb:121:in `find'
  actionview (4.2.6) lib/action_view/renderer/abstract_renderer.rb:18:in `find_template'
  actionview (4.2.6) lib/action_view/renderer/template_renderer.rb:40:in `determine_template'
  actionview (4.2.6) lib/action_view/renderer/template_renderer.rb:8:in `render'
  actionview (4.2.6) lib/action_view/renderer/renderer.rb:46:in `render_template'
  actionview (4.2.6) lib/action_view/renderer/renderer.rb:27:in `render'
  actionview (4.2.6) lib/action_view/rendering.rb:100:in `_render_template'
  actionpack (4.2.6) lib/action_controller/metal/streaming.rb:217:in `_render_template'
  actionview (4.2.6) lib/action_view/rendering.rb:83:in `render_to_body'
  actionpack (4.2.6) lib/action_controller/metal/rendering.rb:32:in `render_to_body'
  actionpack (4.2.6) lib/action_controller/metal/renderers.rb:37:in `render_to_body'
  actionpack (4.2.6) lib/abstract_controller/rendering.rb:25:in `render'
  actionpack (4.2.6) lib/action_controller/metal/rendering.rb:16:in `render'
  actionpack (4.2.6) lib/action_controller/metal/instrumentation.rb:44:in `block (2 levels) in render'
  activesupport (4.2.6) lib/active_support/core_ext/benchmark.rb:12:in `block in ms'
  /home/kovo/.rbenv/versions/2.3.1/lib/ruby/2.3.0/benchmark.rb:308:in `realtime'
  activesupport (4.2.6) lib/active_support/core_ext/benchmark.rb:12:in `ms'
  actionpack (4.2.6) lib/action_controller/metal/instrumentation.rb:44:in `block in render'
  actionpack (4.2.6) lib/action_controller/metal/instrumentation.rb:87:in `cleanup_view_runtime'
  activerecord (4.2.6) lib/active_record/railties/controller_runtime.rb:25:in `cleanup_view_runtime'
  actionpack (4.2.6) lib/action_controller/metal/instrumentation.rb:43:in `render'
  actionpack (4.2.6) lib/action_controller/metal/implicit_render.rb:10:in `default_render'
  actionpack (4.2.6) lib/action_controller/metal/implicit_render.rb:5:in `send_action'
  actionpack (4.2.6) lib/abstract_controller/base.rb:198:in `process_action'
  actionpack (4.2.6) lib/action_controller/metal/rendering.rb:10:in `process_action'
  actionpack (4.2.6) lib/abstract_controller/callbacks.rb:20:in `block in process_action'
  activesupport (4.2.6) lib/active_support/callbacks.rb:117:in `call'
  activesupport (4.2.6) lib/active_support/callbacks.rb:555:in `block (2 levels) in compile'
  activesupport (4.2.6) lib/active_support/callbacks.rb:505:in `call'
  activesupport (4.2.6) lib/active_support/callbacks.rb:92:in `__run_callbacks__'
  activesupport (4.2.6) lib/active_support/callbacks.rb:778:in `_run_process_action_callbacks'
  activesupport (4.2.6) lib/active_support/callbacks.rb:81:in `run_callbacks'
  actionpack (4.2.6) lib/abstract_controller/callbacks.rb:19:in `process_action'
  actionpack (4.2.6) lib/action_controller/metal/rescue.rb:29:in `process_action'
  actionpack (4.2.6) lib/action_controller/metal/instrumentation.rb:32:in `block in process_action'
  activesupport (4.2.6) lib/active_support/notifications.rb:164:in `block in instrument'
  activesupport (4.2.6) lib/active_support/notifications/instrumenter.rb:20:in `instrument'
  activesupport (4.2.6) lib/active_support/notifications.rb:164:in `instrument'
  actionpack (4.2.6) lib/action_controller/metal/instrumentation.rb:30:in `process_action'
  actionpack (4.2.6) lib/action_controller/metal/params_wrapper.rb:250:in `process_action'
  activerecord (4.2.6) lib/active_record/railties/controller_runtime.rb:18:in `process_action'
  actionpack (4.2.6) lib/abstract_controller/base.rb:137:in `process'
  actionview (4.2.6) lib/action_view/rendering.rb:30:in `process'
  actionpack (4.2.6) lib/action_controller/metal.rb:196:in `dispatch'
  actionpack (4.2.6) lib/action_controller/metal/rack_delegation.rb:13:in `dispatch'
  actionpack (4.2.6) lib/action_controller/metal.rb:237:in `block in action'
  actionpack (4.2.6) lib/action_dispatch/routing/route_set.rb:74:in `dispatch'
  actionpack (4.2.6) lib/action_dispatch/routing/route_set.rb:43:in `serve'
  actionpack (4.2.6) lib/action_dispatch/journey/router.rb:43:in `block in serve'
  actionpack (4.2.6) lib/action_dispatch/journey/router.rb:30:in `each'
  actionpack (4.2.6) lib/action_dispatch/journey/router.rb:30:in `serve'
  actionpack (4.2.6) lib/action_dispatch/routing/route_set.rb:817:in `call'
  rack (1.6.5) lib/rack/etag.rb:24:in `call'
  rack (1.6.5) lib/rack/conditionalget.rb:38:in `call'
  rack (1.6.5) lib/rack/head.rb:13:in `call'
  actionpack (4.2.6) lib/action_dispatch/middleware/params_parser.rb:27:in `call'
  actionpack (4.2.6) lib/action_dispatch/middleware/flash.rb:260:in `call'
  rack (1.6.5) lib/rack/session/abstract/id.rb:225:in `context'
  rack (1.6.5) lib/rack/session/abstract/id.rb:220:in `call'
  actionpack (4.2.6) lib/action_dispatch/middleware/cookies.rb:560:in `call'
  activerecord (4.2.6) lib/active_record/query_cache.rb:36:in `call'
  activerecord (4.2.6) lib/active_record/connection_adapters/abstract/connection_pool.rb:653:in `call'
  activerecord (4.2.6) lib/active_record/migration.rb:377:in `call'
  actionpack (4.2.6) lib/action_dispatch/middleware/callbacks.rb:29:in `block in call'
  activesupport (4.2.6) lib/active_support/callbacks.rb:88:in `__run_callbacks__'
  activesupport (4.2.6) lib/active_support/callbacks.rb:778:in `_run_call_callbacks'
  activesupport (4.2.6) lib/active_support/callbacks.rb:81:in `run_callbacks'
  actionpack (4.2.6) lib/action_dispatch/middleware/callbacks.rb:27:in `call'
  actionpack (4.2.6) lib/action_dispatch/middleware/reloader.rb:73:in `call'
  actionpack (4.2.6) lib/action_dispatch/middleware/remote_ip.rb:78:in `call'
  actionpack (4.2.6) lib/action_dispatch/middleware/debug_exceptions.rb:17:in `call'
  web-console (2.3.0) lib/web_console/middleware.rb:28:in `block in call'
  web-console (2.3.0) lib/web_console/middleware.rb:18:in `catch'
  web-console (2.3.0) lib/web_console/middleware.rb:18:in `call'
  actionpack (4.2.6) lib/action_dispatch/middleware/show_exceptions.rb:30:in `call'
  railties (4.2.6) lib/rails/rack/logger.rb:38:in `call_app'
  railties (4.2.6) lib/rails/rack/logger.rb:20:in `block in call'
  activesupport (4.2.6) lib/active_support/tagged_logging.rb:68:in `block in tagged'
  activesupport (4.2.6) lib/active_support/tagged_logging.rb:26:in `tagged'
  activesupport (4.2.6) lib/active_support/tagged_logging.rb:68:in `tagged'
  railties (4.2.6) lib/rails/rack/logger.rb:20:in `call'
  actionpack (4.2.6) lib/action_dispatch/middleware/request_id.rb:21:in `call'
  rack (1.6.5) lib/rack/methodoverride.rb:22:in `call'
  rack (1.6.5) lib/rack/runtime.rb:18:in `call'
  activesupport (4.2.6) lib/active_support/cache/strategy/local_cache_middleware.rb:28:in `call'
  rack (1.6.5) lib/rack/lock.rb:17:in `call'
  actionpack (4.2.6) lib/action_dispatch/middleware/static.rb:120:in `call'
  rack (1.6.5) lib/rack/sendfile.rb:113:in `call'
  railties (4.2.6) lib/rails/engine.rb:518:in `call'
  railties (4.2.6) lib/rails/application.rb:165:in `call'
  rack (1.6.5) lib/rack/lock.rb:17:in `call'
  rack (1.6.5) lib/rack/content_length.rb:15:in `call'
  rack (1.6.5) lib/rack/handler/webrick.rb:88:in `service'
  /home/kovo/.rbenv/versions/2.3.1/lib/ruby/2.3.0/webrick/httpserver.rb:140:in `service'
  /home/kovo/.rbenv/versions/2.3.1/lib/ruby/2.3.0/webrick/httpserver.rb:96:in `run'
  /home/kovo/.rbenv/versions/2.3.1/lib/ruby/2.3.0/webrick/server.rb:296:in `block in start_thread'


  Rendered /home/kovo/.rbenv/versions/2.3.1/lib/ruby/gems/2.3.0/gems/actionpack-4.2.6/lib/action_dispatch/middleware/templates/rescues/_source.erb (62.1ms)
  Rendered /home/kovo/.rbenv/versions/2.3.1/lib/ruby/gems/2.3.0/gems/actionpack-4.2.6/lib/action_dispatch/middleware/templates/rescues/_trace.html.erb (25.3ms)
  Rendered /home/kovo/.rbenv/versions/2.3.1/lib/ruby/gems/2.3.0/gems/actionpack-4.2.6/lib/action_dispatch/middleware/templates/rescues/_request_and_response.html.erb (3.8ms)
  Rendered /home/kovo/.rbenv/versions/2.3.1/lib/ruby/gems/2.3.0/gems/actionpack-4.2.6/lib/action_dispatch/middleware/templates/rescues/missing_template.html.erb within rescues/layout (193.4ms)
  Rendered /home/kovo/.rbenv/versions/2.3.1/lib/ruby/gems/2.3.0/gems/web-console-2.3.0/lib/web_console/templates/_markup.html.erb (8.4ms)
  Rendered /home/kovo/.rbenv/versions/2.3.1/lib/ruby/gems/2.3.0/gems/web-console-2.3.0/lib/web_console/templates/_inner_console_markup.html.erb within layouts/inlined_string (3.0ms)
  Rendered /home/kovo/.rbenv/versions/2.3.1/lib/ruby/gems/2.3.0/gems/web-console-2.3.0/lib/web_console/templates/_prompt_box_markup.html.erb within layouts/inlined_string (1.0ms)
  Rendered /home/kovo/.rbenv/versions/2.3.1/lib/ruby/gems/2.3.0/gems/web-console-2.3.0/lib/web_console/templates/style.css.erb within layouts/inlined_string (2.1ms)
  Rendered /home/kovo/.rbenv/versions/2.3.1/lib/ruby/gems/2.3.0/gems/web-console-2.3.0/lib/web_console/templates/console.js.erb within layouts/javascript (117.6ms)
  Rendered /home/kovo/.rbenv/versions/2.3.1/lib/ruby/gems/2.3.0/gems/web-console-2.3.0/lib/web_console/templates/main.js.erb within layouts/javascript (6.1ms)
  Rendered /home/kovo/.rbenv/versions/2.3.1/lib/ruby/gems/2.3.0/gems/web-console-2.3.0/lib/web_console/templates/error_page.js.erb within layouts/javascript (15.7ms)
  Rendered /home/kovo/.rbenv/versions/2.3.1/lib/ruby/gems/2.3.0/gems/web-console-2.3.0/lib/web_console/templates/index.html.erb (239.8ms)


Started GET "/post" for 127.0.0.1 at 2017-03-21 00:08:56 +0100
Processing by PostsController#index as HTML
  [1m[36mPost Load (1.2ms)[0m  [1mSELECT "posts".* FROM "posts"[0m
  Rendered posts/index.html.erb within layouts/application (179.0ms)
  Rendered layouts/_main_menu.html.erb (1.2ms)
Completed 200 OK in 409ms (Views: 403.3ms | ActiveRecord: 2.5ms)


Started GET "/assets/blogs.self-e3b0c44298fc1c149afbf4c8996fb92427ae41e4649b934ca495991b7852b855.css?body=1" for 127.0.0.1 at 2017-03-21 00:08:57 +0100


Started GET "/assets/homepage.self-e3b0c44298fc1c149afbf4c8996fb92427ae41e4649b934ca495991b7852b855.css?body=1" for 127.0.0.1 at 2017-03-21 00:08:57 +0100


Started GET "/assets/posts.self-e3b0c44298fc1c149afbf4c8996fb92427ae41e4649b934ca495991b7852b855.css?body=1" for 127.0.0.1 at 2017-03-21 00:08:57 +0100


Started GET "/assets/application.self-e80e8f2318043e8af94dddc2adad5a4f09739a8ebb323b3ab31cd71d45fd9113.css?body=1" for 127.0.0.1 at 2017-03-21 00:08:57 +0100


Started GET "/assets/users.self-e3b0c44298fc1c149afbf4c8996fb92427ae41e4649b934ca495991b7852b855.css?body=1" for 127.0.0.1 at 2017-03-21 00:08:57 +0100


Started GET "/assets/jquery_ujs.self-784a997f6726036b1993eb2217c9cb558e1cbb801c6da88105588c56f13b466a.js?body=1" for 127.0.0.1 at 2017-03-21 00:08:57 +0100


Started GET "/assets/turbolinks.self-c5acd7a204f5f25ce7a1d8a0e4d92e28d34c9e2df2c7371cd7af88e147e4ad82.js?body=1" for 127.0.0.1 at 2017-03-21 00:08:57 +0100


Started GET "/assets/jquery.self-bd7ddd393353a8d2480a622e80342adf488fb6006d667e8b42e4c0073393abee.js?body=1" for 127.0.0.1 at 2017-03-21 00:08:57 +0100


Started GET "/assets/blogs.self-877aef30ae1b040ab8a3aba4e3e309a11d7f2612f44dde450b5c157aa5f95c05.js?body=1" for 127.0.0.1 at 2017-03-21 00:08:57 +0100


Started GET "/assets/homepage.self-877aef30ae1b040ab8a3aba4e3e309a11d7f2612f44dde450b5c157aa5f95c05.js?body=1" for 127.0.0.1 at 2017-03-21 00:08:57 +0100


Started GET "/assets/posts.self-877aef30ae1b040ab8a3aba4e3e309a11d7f2612f44dde450b5c157aa5f95c05.js?body=1" for 127.0.0.1 at 2017-03-21 00:08:57 +0100


Started GET "/assets/application.self-3b8dabdc891efe46b9a144b400ad69e37d7e5876bdc39dee783419a69d7ca819.js?body=1" for 127.0.0.1 at 2017-03-21 00:08:57 +0100


Started GET "/assets/users.self-877aef30ae1b040ab8a3aba4e3e309a11d7f2612f44dde450b5c157aa5f95c05.js?body=1" for 127.0.0.1 at 2017-03-21 00:08:57 +0100


Started DELETE "/post/13" for 127.0.0.1 at 2017-03-21 00:09:11 +0100
Processing by PostsController#delete as HTML
  Parameters: {"authenticity_token"=>"m8h+uXqyevB7odX5aK2103mzIK1vKQLwvcjjEnTkQX8raOnyhrpzfBYoItEqigBjHkxsOA9JMB6dkRZpGQELEw==", "id"=>"13"}
Completed 500 Internal Server Error in 32ms (ActiveRecord: 0.0ms)

ActionView::MissingTemplate (Missing template posts/delete, application/delete with {:locale=>[:en], :formats=>[:html], :variants=>[], :handlers=>[:erb, :builder, :raw, :ruby, :coffee, :jbuilder]}. Searched in:
  * "/home/kovo/:. WWW/kovoweb-3.0/mojWeb/app/views"
):
  actionview (4.2.6) lib/action_view/path_set.rb:46:in `find'
  actionview (4.2.6) lib/action_view/lookup_context.rb:121:in `find'
  actionview (4.2.6) lib/action_view/renderer/abstract_renderer.rb:18:in `find_template'
  actionview (4.2.6) lib/action_view/renderer/template_renderer.rb:40:in `determine_template'
  actionview (4.2.6) lib/action_view/renderer/template_renderer.rb:8:in `render'
  actionview (4.2.6) lib/action_view/renderer/renderer.rb:46:in `render_template'
  actionview (4.2.6) lib/action_view/renderer/renderer.rb:27:in `render'
  actionview (4.2.6) lib/action_view/rendering.rb:100:in `_render_template'
  actionpack (4.2.6) lib/action_controller/metal/streaming.rb:217:in `_render_template'
  actionview (4.2.6) lib/action_view/rendering.rb:83:in `render_to_body'
  actionpack (4.2.6) lib/action_controller/metal/rendering.rb:32:in `render_to_body'
  actionpack (4.2.6) lib/action_controller/metal/renderers.rb:37:in `render_to_body'
  actionpack (4.2.6) lib/abstract_controller/rendering.rb:25:in `render'
  actionpack (4.2.6) lib/action_controller/metal/rendering.rb:16:in `render'
  actionpack (4.2.6) lib/action_controller/metal/instrumentation.rb:44:in `block (2 levels) in render'
  activesupport (4.2.6) lib/active_support/core_ext/benchmark.rb:12:in `block in ms'
  /home/kovo/.rbenv/versions/2.3.1/lib/ruby/2.3.0/benchmark.rb:308:in `realtime'
  activesupport (4.2.6) lib/active_support/core_ext/benchmark.rb:12:in `ms'
  actionpack (4.2.6) lib/action_controller/metal/instrumentation.rb:44:in `block in render'
  actionpack (4.2.6) lib/action_controller/metal/instrumentation.rb:87:in `cleanup_view_runtime'
  activerecord (4.2.6) lib/active_record/railties/controller_runtime.rb:25:in `cleanup_view_runtime'
  actionpack (4.2.6) lib/action_controller/metal/instrumentation.rb:43:in `render'
  actionpack (4.2.6) lib/action_controller/metal/implicit_render.rb:10:in `default_render'
  actionpack (4.2.6) lib/action_controller/metal/implicit_render.rb:5:in `send_action'
  actionpack (4.2.6) lib/abstract_controller/base.rb:198:in `process_action'
  actionpack (4.2.6) lib/action_controller/metal/rendering.rb:10:in `process_action'
  actionpack (4.2.6) lib/abstract_controller/callbacks.rb:20:in `block in process_action'
  activesupport (4.2.6) lib/active_support/callbacks.rb:117:in `call'
  activesupport (4.2.6) lib/active_support/callbacks.rb:555:in `block (2 levels) in compile'
  activesupport (4.2.6) lib/active_support/callbacks.rb:505:in `call'
  activesupport (4.2.6) lib/active_support/callbacks.rb:92:in `__run_callbacks__'
  activesupport (4.2.6) lib/active_support/callbacks.rb:778:in `_run_process_action_callbacks'
  activesupport (4.2.6) lib/active_support/callbacks.rb:81:in `run_callbacks'
  actionpack (4.2.6) lib/abstract_controller/callbacks.rb:19:in `process_action'
  actionpack (4.2.6) lib/action_controller/metal/rescue.rb:29:in `process_action'
  actionpack (4.2.6) lib/action_controller/metal/instrumentation.rb:32:in `block in process_action'
  activesupport (4.2.6) lib/active_support/notifications.rb:164:in `block in instrument'
  activesupport (4.2.6) lib/active_support/notifications/instrumenter.rb:20:in `instrument'
  activesupport (4.2.6) lib/active_support/notifications.rb:164:in `instrument'
  actionpack (4.2.6) lib/action_controller/metal/instrumentation.rb:30:in `process_action'
  actionpack (4.2.6) lib/action_controller/metal/params_wrapper.rb:250:in `process_action'
  activerecord (4.2.6) lib/active_record/railties/controller_runtime.rb:18:in `process_action'
  actionpack (4.2.6) lib/abstract_controller/base.rb:137:in `process'
  actionview (4.2.6) lib/action_view/rendering.rb:30:in `process'
  actionpack (4.2.6) lib/action_controller/metal.rb:196:in `dispatch'
  actionpack (4.2.6) lib/action_controller/metal/rack_delegation.rb:13:in `dispatch'
  actionpack (4.2.6) lib/action_controller/metal.rb:237:in `block in action'
  actionpack (4.2.6) lib/action_dispatch/routing/route_set.rb:74:in `dispatch'
  actionpack (4.2.6) lib/action_dispatch/routing/route_set.rb:43:in `serve'
  actionpack (4.2.6) lib/action_dispatch/journey/router.rb:43:in `block in serve'
  actionpack (4.2.6) lib/action_dispatch/journey/router.rb:30:in `each'
  actionpack (4.2.6) lib/action_dispatch/journey/router.rb:30:in `serve'
  actionpack (4.2.6) lib/action_dispatch/routing/route_set.rb:817:in `call'
  rack (1.6.5) lib/rack/etag.rb:24:in `call'
  rack (1.6.5) lib/rack/conditionalget.rb:38:in `call'
  rack (1.6.5) lib/rack/head.rb:13:in `call'
  actionpack (4.2.6) lib/action_dispatch/middleware/params_parser.rb:27:in `call'
  actionpack (4.2.6) lib/action_dispatch/middleware/flash.rb:260:in `call'
  rack (1.6.5) lib/rack/session/abstract/id.rb:225:in `context'
  rack (1.6.5) lib/rack/session/abstract/id.rb:220:in `call'
  actionpack (4.2.6) lib/action_dispatch/middleware/cookies.rb:560:in `call'
  activerecord (4.2.6) lib/active_record/query_cache.rb:36:in `call'
  activerecord (4.2.6) lib/active_record/connection_adapters/abstract/connection_pool.rb:653:in `call'
  activerecord (4.2.6) lib/active_record/migration.rb:377:in `call'
  actionpack (4.2.6) lib/action_dispatch/middleware/callbacks.rb:29:in `block in call'
  activesupport (4.2.6) lib/active_support/callbacks.rb:88:in `__run_callbacks__'
  activesupport (4.2.6) lib/active_support/callbacks.rb:778:in `_run_call_callbacks'
  activesupport (4.2.6) lib/active_support/callbacks.rb:81:in `run_callbacks'
  actionpack (4.2.6) lib/action_dispatch/middleware/callbacks.rb:27:in `call'
  actionpack (4.2.6) lib/action_dispatch/middleware/reloader.rb:73:in `call'
  actionpack (4.2.6) lib/action_dispatch/middleware/remote_ip.rb:78:in `call'
  actionpack (4.2.6) lib/action_dispatch/middleware/debug_exceptions.rb:17:in `call'
  web-console (2.3.0) lib/web_console/middleware.rb:28:in `block in call'
  web-console (2.3.0) lib/web_console/middleware.rb:18:in `catch'
  web-console (2.3.0) lib/web_console/middleware.rb:18:in `call'
  actionpack (4.2.6) lib/action_dispatch/middleware/show_exceptions.rb:30:in `call'
  railties (4.2.6) lib/rails/rack/logger.rb:38:in `call_app'
  railties (4.2.6) lib/rails/rack/logger.rb:20:in `block in call'
  activesupport (4.2.6) lib/active_support/tagged_logging.rb:68:in `block in tagged'
  activesupport (4.2.6) lib/active_support/tagged_logging.rb:26:in `tagged'
  activesupport (4.2.6) lib/active_support/tagged_logging.rb:68:in `tagged'
  railties (4.2.6) lib/rails/rack/logger.rb:20:in `call'
  actionpack (4.2.6) lib/action_dispatch/middleware/request_id.rb:21:in `call'
  rack (1.6.5) lib/rack/methodoverride.rb:22:in `call'
  rack (1.6.5) lib/rack/runtime.rb:18:in `call'
  activesupport (4.2.6) lib/active_support/cache/strategy/local_cache_middleware.rb:28:in `call'
  rack (1.6.5) lib/rack/lock.rb:17:in `call'
  actionpack (4.2.6) lib/action_dispatch/middleware/static.rb:120:in `call'
  rack (1.6.5) lib/rack/sendfile.rb:113:in `call'
  railties (4.2.6) lib/rails/engine.rb:518:in `call'
  railties (4.2.6) lib/rails/application.rb:165:in `call'
  rack (1.6.5) lib/rack/lock.rb:17:in `call'
  rack (1.6.5) lib/rack/content_length.rb:15:in `call'
  rack (1.6.5) lib/rack/handler/webrick.rb:88:in `service'
  /home/kovo/.rbenv/versions/2.3.1/lib/ruby/2.3.0/webrick/httpserver.rb:140:in `service'
  /home/kovo/.rbenv/versions/2.3.1/lib/ruby/2.3.0/webrick/httpserver.rb:96:in `run'
  /home/kovo/.rbenv/versions/2.3.1/lib/ruby/2.3.0/webrick/server.rb:296:in `block in start_thread'


  Rendered /home/kovo/.rbenv/versions/2.3.1/lib/ruby/gems/2.3.0/gems/actionpack-4.2.6/lib/action_dispatch/middleware/templates/rescues/_source.erb (61.4ms)
  Rendered /home/kovo/.rbenv/versions/2.3.1/lib/ruby/gems/2.3.0/gems/actionpack-4.2.6/lib/action_dispatch/middleware/templates/rescues/_trace.html.erb (28.9ms)
  Rendered /home/kovo/.rbenv/versions/2.3.1/lib/ruby/gems/2.3.0/gems/actionpack-4.2.6/lib/action_dispatch/middleware/templates/rescues/_request_and_response.html.erb (8.3ms)
  Rendered /home/kovo/.rbenv/versions/2.3.1/lib/ruby/gems/2.3.0/gems/actionpack-4.2.6/lib/action_dispatch/middleware/templates/rescues/missing_template.html.erb within rescues/layout (206.5ms)
  Rendered /home/kovo/.rbenv/versions/2.3.1/lib/ruby/gems/2.3.0/gems/web-console-2.3.0/lib/web_console/templates/_markup.html.erb (1.5ms)
  Rendered /home/kovo/.rbenv/versions/2.3.1/lib/ruby/gems/2.3.0/gems/web-console-2.3.0/lib/web_console/templates/_inner_console_markup.html.erb within layouts/inlined_string (4.0ms)
  Rendered /home/kovo/.rbenv/versions/2.3.1/lib/ruby/gems/2.3.0/gems/web-console-2.3.0/lib/web_console/templates/_prompt_box_markup.html.erb within layouts/inlined_string (1.1ms)
  Rendered /home/kovo/.rbenv/versions/2.3.1/lib/ruby/gems/2.3.0/gems/web-console-2.3.0/lib/web_console/templates/style.css.erb within layouts/inlined_string (7.0ms)
  Rendered /home/kovo/.rbenv/versions/2.3.1/lib/ruby/gems/2.3.0/gems/web-console-2.3.0/lib/web_console/templates/console.js.erb within layouts/javascript (111.1ms)
  Rendered /home/kovo/.rbenv/versions/2.3.1/lib/ruby/gems/2.3.0/gems/web-console-2.3.0/lib/web_console/templates/main.js.erb within layouts/javascript (4.6ms)
  Rendered /home/kovo/.rbenv/versions/2.3.1/lib/ruby/gems/2.3.0/gems/web-console-2.3.0/lib/web_console/templates/error_page.js.erb within layouts/javascript (2.9ms)
  Rendered /home/kovo/.rbenv/versions/2.3.1/lib/ruby/gems/2.3.0/gems/web-console-2.3.0/lib/web_console/templates/index.html.erb (232.1ms)


Started GET "/post" for 127.0.0.1 at 2017-03-21 00:12:10 +0100
Processing by PostsController#index as HTML
  [1m[35mPost Load (1.3ms)[0m  SELECT "posts".* FROM "posts"
  Rendered posts/index.html.erb within layouts/application (144.6ms)
  Rendered layouts/_main_menu.html.erb (1.5ms)
Completed 200 OK in 333ms (Views: 326.9ms | ActiveRecord: 2.6ms)


Started GET "/assets/blogs.self-e3b0c44298fc1c149afbf4c8996fb92427ae41e4649b934ca495991b7852b855.css?body=1" for 127.0.0.1 at 2017-03-21 00:12:11 +0100


Started GET "/assets/homepage.self-e3b0c44298fc1c149afbf4c8996fb92427ae41e4649b934ca495991b7852b855.css?body=1" for 127.0.0.1 at 2017-03-21 00:12:11 +0100


Started GET "/assets/posts.self-e3b0c44298fc1c149afbf4c8996fb92427ae41e4649b934ca495991b7852b855.css?body=1" for 127.0.0.1 at 2017-03-21 00:12:11 +0100


Started GET "/assets/users.self-e3b0c44298fc1c149afbf4c8996fb92427ae41e4649b934ca495991b7852b855.css?body=1" for 127.0.0.1 at 2017-03-21 00:12:11 +0100


Started GET "/assets/jquery_ujs.self-784a997f6726036b1993eb2217c9cb558e1cbb801c6da88105588c56f13b466a.js?body=1" for 127.0.0.1 at 2017-03-21 00:12:11 +0100


Started GET "/assets/application.self-e80e8f2318043e8af94dddc2adad5a4f09739a8ebb323b3ab31cd71d45fd9113.css?body=1" for 127.0.0.1 at 2017-03-21 00:12:11 +0100


Started GET "/assets/turbolinks.self-c5acd7a204f5f25ce7a1d8a0e4d92e28d34c9e2df2c7371cd7af88e147e4ad82.js?body=1" for 127.0.0.1 at 2017-03-21 00:12:11 +0100


Started GET "/assets/jquery.self-bd7ddd393353a8d2480a622e80342adf488fb6006d667e8b42e4c0073393abee.js?body=1" for 127.0.0.1 at 2017-03-21 00:12:11 +0100


Started GET "/assets/blogs.self-877aef30ae1b040ab8a3aba4e3e309a11d7f2612f44dde450b5c157aa5f95c05.js?body=1" for 127.0.0.1 at 2017-03-21 00:12:11 +0100


Started GET "/assets/homepage.self-877aef30ae1b040ab8a3aba4e3e309a11d7f2612f44dde450b5c157aa5f95c05.js?body=1" for 127.0.0.1 at 2017-03-21 00:12:11 +0100


Started GET "/assets/posts.self-877aef30ae1b040ab8a3aba4e3e309a11d7f2612f44dde450b5c157aa5f95c05.js?body=1" for 127.0.0.1 at 2017-03-21 00:12:11 +0100


Started GET "/assets/users.self-877aef30ae1b040ab8a3aba4e3e309a11d7f2612f44dde450b5c157aa5f95c05.js?body=1" for 127.0.0.1 at 2017-03-21 00:12:11 +0100


Started GET "/assets/application.self-3b8dabdc891efe46b9a144b400ad69e37d7e5876bdc39dee783419a69d7ca819.js?body=1" for 127.0.0.1 at 2017-03-21 00:12:11 +0100


Started DELETE "/post/14/delete" for 127.0.0.1 at 2017-03-21 00:12:22 +0100
Processing by PostsController#delete as HTML
  Parameters: {"authenticity_token"=>"+CFvjAtsh/dhkvuZfBl8cMr3aN8txhwL+gZ7UOIjFXBIgfjH92SOewwbDLE+PsnArQgkSk2mLuXaX44rj8ZfHA==", "id"=>"14"}
Completed 500 Internal Server Error in 6ms (ActiveRecord: 0.0ms)

ActionView::MissingTemplate (Missing template posts/delete, application/delete with {:locale=>[:en], :formats=>[:html], :variants=>[], :handlers=>[:erb, :builder, :raw, :ruby, :coffee, :jbuilder]}. Searched in:
  * "/home/kovo/:. WWW/kovoweb-3.0/mojWeb/app/views"
):
  actionview (4.2.6) lib/action_view/path_set.rb:46:in `find'
  actionview (4.2.6) lib/action_view/lookup_context.rb:121:in `find'
  actionview (4.2.6) lib/action_view/renderer/abstract_renderer.rb:18:in `find_template'
  actionview (4.2.6) lib/action_view/renderer/template_renderer.rb:40:in `determine_template'
  actionview (4.2.6) lib/action_view/renderer/template_renderer.rb:8:in `render'
  actionview (4.2.6) lib/action_view/renderer/renderer.rb:46:in `render_template'
  actionview (4.2.6) lib/action_view/renderer/renderer.rb:27:in `render'
  actionview (4.2.6) lib/action_view/rendering.rb:100:in `_render_template'
  actionpack (4.2.6) lib/action_controller/metal/streaming.rb:217:in `_render_template'
  actionview (4.2.6) lib/action_view/rendering.rb:83:in `render_to_body'
  actionpack (4.2.6) lib/action_controller/metal/rendering.rb:32:in `render_to_body'
  actionpack (4.2.6) lib/action_controller/metal/renderers.rb:37:in `render_to_body'
  actionpack (4.2.6) lib/abstract_controller/rendering.rb:25:in `render'
  actionpack (4.2.6) lib/action_controller/metal/rendering.rb:16:in `render'
  actionpack (4.2.6) lib/action_controller/metal/instrumentation.rb:44:in `block (2 levels) in render'
  activesupport (4.2.6) lib/active_support/core_ext/benchmark.rb:12:in `block in ms'
  /home/kovo/.rbenv/versions/2.3.1/lib/ruby/2.3.0/benchmark.rb:308:in `realtime'
  activesupport (4.2.6) lib/active_support/core_ext/benchmark.rb:12:in `ms'
  actionpack (4.2.6) lib/action_controller/metal/instrumentation.rb:44:in `block in render'
  actionpack (4.2.6) lib/action_controller/metal/instrumentation.rb:87:in `cleanup_view_runtime'
  activerecord (4.2.6) lib/active_record/railties/controller_runtime.rb:25:in `cleanup_view_runtime'
  actionpack (4.2.6) lib/action_controller/metal/instrumentation.rb:43:in `render'
  actionpack (4.2.6) lib/action_controller/metal/implicit_render.rb:10:in `default_render'
  actionpack (4.2.6) lib/action_controller/metal/implicit_render.rb:5:in `send_action'
  actionpack (4.2.6) lib/abstract_controller/base.rb:198:in `process_action'
  actionpack (4.2.6) lib/action_controller/metal/rendering.rb:10:in `process_action'
  actionpack (4.2.6) lib/abstract_controller/callbacks.rb:20:in `block in process_action'
  activesupport (4.2.6) lib/active_support/callbacks.rb:117:in `call'
  activesupport (4.2.6) lib/active_support/callbacks.rb:555:in `block (2 levels) in compile'
  activesupport (4.2.6) lib/active_support/callbacks.rb:505:in `call'
  activesupport (4.2.6) lib/active_support/callbacks.rb:92:in `__run_callbacks__'
  activesupport (4.2.6) lib/active_support/callbacks.rb:778:in `_run_process_action_callbacks'
  activesupport (4.2.6) lib/active_support/callbacks.rb:81:in `run_callbacks'
  actionpack (4.2.6) lib/abstract_controller/callbacks.rb:19:in `process_action'
  actionpack (4.2.6) lib/action_controller/metal/rescue.rb:29:in `process_action'
  actionpack (4.2.6) lib/action_controller/metal/instrumentation.rb:32:in `block in process_action'
  activesupport (4.2.6) lib/active_support/notifications.rb:164:in `block in instrument'
  activesupport (4.2.6) lib/active_support/notifications/instrumenter.rb:20:in `instrument'
  activesupport (4.2.6) lib/active_support/notifications.rb:164:in `instrument'
  actionpack (4.2.6) lib/action_controller/metal/instrumentation.rb:30:in `process_action'
  actionpack (4.2.6) lib/action_controller/metal/params_wrapper.rb:250:in `process_action'
  activerecord (4.2.6) lib/active_record/railties/controller_runtime.rb:18:in `process_action'
  actionpack (4.2.6) lib/abstract_controller/base.rb:137:in `process'
  actionview (4.2.6) lib/action_view/rendering.rb:30:in `process'
  actionpack (4.2.6) lib/action_controller/metal.rb:196:in `dispatch'
  actionpack (4.2.6) lib/action_controller/metal/rack_delegation.rb:13:in `dispatch'
  actionpack (4.2.6) lib/action_controller/metal.rb:237:in `block in action'
  actionpack (4.2.6) lib/action_dispatch/routing/route_set.rb:74:in `dispatch'
  actionpack (4.2.6) lib/action_dispatch/routing/route_set.rb:43:in `serve'
  actionpack (4.2.6) lib/action_dispatch/journey/router.rb:43:in `block in serve'
  actionpack (4.2.6) lib/action_dispatch/journey/router.rb:30:in `each'
  actionpack (4.2.6) lib/action_dispatch/journey/router.rb:30:in `serve'
  actionpack (4.2.6) lib/action_dispatch/routing/route_set.rb:817:in `call'
  rack (1.6.5) lib/rack/etag.rb:24:in `call'
  rack (1.6.5) lib/rack/conditionalget.rb:38:in `call'
  rack (1.6.5) lib/rack/head.rb:13:in `call'
  actionpack (4.2.6) lib/action_dispatch/middleware/params_parser.rb:27:in `call'
  actionpack (4.2.6) lib/action_dispatch/middleware/flash.rb:260:in `call'
  rack (1.6.5) lib/rack/session/abstract/id.rb:225:in `context'
  rack (1.6.5) lib/rack/session/abstract/id.rb:220:in `call'
  actionpack (4.2.6) lib/action_dispatch/middleware/cookies.rb:560:in `call'
  activerecord (4.2.6) lib/active_record/query_cache.rb:36:in `call'
  activerecord (4.2.6) lib/active_record/connection_adapters/abstract/connection_pool.rb:653:in `call'
  activerecord (4.2.6) lib/active_record/migration.rb:377:in `call'
  actionpack (4.2.6) lib/action_dispatch/middleware/callbacks.rb:29:in `block in call'
  activesupport (4.2.6) lib/active_support/callbacks.rb:88:in `__run_callbacks__'
  activesupport (4.2.6) lib/active_support/callbacks.rb:778:in `_run_call_callbacks'
  activesupport (4.2.6) lib/active_support/callbacks.rb:81:in `run_callbacks'
  actionpack (4.2.6) lib/action_dispatch/middleware/callbacks.rb:27:in `call'
  actionpack (4.2.6) lib/action_dispatch/middleware/reloader.rb:73:in `call'
  actionpack (4.2.6) lib/action_dispatch/middleware/remote_ip.rb:78:in `call'
  actionpack (4.2.6) lib/action_dispatch/middleware/debug_exceptions.rb:17:in `call'
  web-console (2.3.0) lib/web_console/middleware.rb:28:in `block in call'
  web-console (2.3.0) lib/web_console/middleware.rb:18:in `catch'
  web-console (2.3.0) lib/web_console/middleware.rb:18:in `call'
  actionpack (4.2.6) lib/action_dispatch/middleware/show_exceptions.rb:30:in `call'
  railties (4.2.6) lib/rails/rack/logger.rb:38:in `call_app'
  railties (4.2.6) lib/rails/rack/logger.rb:20:in `block in call'
  activesupport (4.2.6) lib/active_support/tagged_logging.rb:68:in `block in tagged'
  activesupport (4.2.6) lib/active_support/tagged_logging.rb:26:in `tagged'
  activesupport (4.2.6) lib/active_support/tagged_logging.rb:68:in `tagged'
  railties (4.2.6) lib/rails/rack/logger.rb:20:in `call'
  actionpack (4.2.6) lib/action_dispatch/middleware/request_id.rb:21:in `call'
  rack (1.6.5) lib/rack/methodoverride.rb:22:in `call'
  rack (1.6.5) lib/rack/runtime.rb:18:in `call'
  activesupport (4.2.6) lib/active_support/cache/strategy/local_cache_middleware.rb:28:in `call'
  rack (1.6.5) lib/rack/lock.rb:17:in `call'
  actionpack (4.2.6) lib/action_dispatch/middleware/static.rb:120:in `call'
  rack (1.6.5) lib/rack/sendfile.rb:113:in `call'
  railties (4.2.6) lib/rails/engine.rb:518:in `call'
  railties (4.2.6) lib/rails/application.rb:165:in `call'
  rack (1.6.5) lib/rack/lock.rb:17:in `call'
  rack (1.6.5) lib/rack/content_length.rb:15:in `call'
  rack (1.6.5) lib/rack/handler/webrick.rb:88:in `service'
  /home/kovo/.rbenv/versions/2.3.1/lib/ruby/2.3.0/webrick/httpserver.rb:140:in `service'
  /home/kovo/.rbenv/versions/2.3.1/lib/ruby/2.3.0/webrick/httpserver.rb:96:in `run'
  /home/kovo/.rbenv/versions/2.3.1/lib/ruby/2.3.0/webrick/server.rb:296:in `block in start_thread'


  Rendered /home/kovo/.rbenv/versions/2.3.1/lib/ruby/gems/2.3.0/gems/actionpack-4.2.6/lib/action_dispatch/middleware/templates/rescues/_source.erb (47.4ms)
  Rendered /home/kovo/.rbenv/versions/2.3.1/lib/ruby/gems/2.3.0/gems/actionpack-4.2.6/lib/action_dispatch/middleware/templates/rescues/_trace.html.erb (24.1ms)
  Rendered /home/kovo/.rbenv/versions/2.3.1/lib/ruby/gems/2.3.0/gems/actionpack-4.2.6/lib/action_dispatch/middleware/templates/rescues/_request_and_response.html.erb (3.1ms)
  Rendered /home/kovo/.rbenv/versions/2.3.1/lib/ruby/gems/2.3.0/gems/actionpack-4.2.6/lib/action_dispatch/middleware/templates/rescues/missing_template.html.erb within rescues/layout (199.4ms)
  Rendered /home/kovo/.rbenv/versions/2.3.1/lib/ruby/gems/2.3.0/gems/web-console-2.3.0/lib/web_console/templates/_markup.html.erb (1.5ms)
  Rendered /home/kovo/.rbenv/versions/2.3.1/lib/ruby/gems/2.3.0/gems/web-console-2.3.0/lib/web_console/templates/_inner_console_markup.html.erb within layouts/inlined_string (1.2ms)
  Rendered /home/kovo/.rbenv/versions/2.3.1/lib/ruby/gems/2.3.0/gems/web-console-2.3.0/lib/web_console/templates/_prompt_box_markup.html.erb within layouts/inlined_string (1.1ms)
  Rendered /home/kovo/.rbenv/versions/2.3.1/lib/ruby/gems/2.3.0/gems/web-console-2.3.0/lib/web_console/templates/style.css.erb within layouts/inlined_string (1.1ms)
  Rendered /home/kovo/.rbenv/versions/2.3.1/lib/ruby/gems/2.3.0/gems/web-console-2.3.0/lib/web_console/templates/console.js.erb within layouts/javascript (109.8ms)
  Rendered /home/kovo/.rbenv/versions/2.3.1/lib/ruby/gems/2.3.0/gems/web-console-2.3.0/lib/web_console/templates/main.js.erb within layouts/javascript (1.1ms)
  Rendered /home/kovo/.rbenv/versions/2.3.1/lib/ruby/gems/2.3.0/gems/web-console-2.3.0/lib/web_console/templates/error_page.js.erb within layouts/javascript (1.3ms)
  Rendered /home/kovo/.rbenv/versions/2.3.1/lib/ruby/gems/2.3.0/gems/web-console-2.3.0/lib/web_console/templates/index.html.erb (229.7ms)


Started GET "/post" for 127.0.0.1 at 2017-03-21 00:12:44 +0100
Processing by PostsController#index as HTML
  [1m[36mPost Load (0.6ms)[0m  [1mSELECT "posts".* FROM "posts"[0m
  Rendered posts/index.html.erb within layouts/application (197.8ms)
  Rendered layouts/_main_menu.html.erb (1.3ms)
Completed 200 OK in 430ms (Views: 422.7ms | ActiveRecord: 0.6ms)


Started GET "/post" for 127.0.0.1 at 2017-03-21 00:12:53 +0100
Processing by PostsController#index as HTML
  [1m[35mPost Load (4.9ms)[0m  SELECT "posts".* FROM "posts"
  Rendered posts/index.html.erb within layouts/application (126.2ms)
  Rendered layouts/_main_menu.html.erb (1.2ms)
Completed 200 OK in 394ms (Views: 388.0ms | ActiveRecord: 4.9ms)


Started GET "/assets/blogs.self-e3b0c44298fc1c149afbf4c8996fb92427ae41e4649b934ca495991b7852b855.css?body=1" for 127.0.0.1 at 2017-03-21 00:12:54 +0100


Started GET "/assets/homepage.self-e3b0c44298fc1c149afbf4c8996fb92427ae41e4649b934ca495991b7852b855.css?body=1" for 127.0.0.1 at 2017-03-21 00:12:54 +0100


Started GET "/assets/posts.self-e3b0c44298fc1c149afbf4c8996fb92427ae41e4649b934ca495991b7852b855.css?body=1" for 127.0.0.1 at 2017-03-21 00:12:54 +0100


Started GET "/assets/users.self-e3b0c44298fc1c149afbf4c8996fb92427ae41e4649b934ca495991b7852b855.css?body=1" for 127.0.0.1 at 2017-03-21 00:12:54 +0100


Started GET "/assets/application.self-e80e8f2318043e8af94dddc2adad5a4f09739a8ebb323b3ab31cd71d45fd9113.css?body=1" for 127.0.0.1 at 2017-03-21 00:12:54 +0100


Started GET "/assets/jquery_ujs.self-784a997f6726036b1993eb2217c9cb558e1cbb801c6da88105588c56f13b466a.js?body=1" for 127.0.0.1 at 2017-03-21 00:12:54 +0100


Started GET "/assets/turbolinks.self-c5acd7a204f5f25ce7a1d8a0e4d92e28d34c9e2df2c7371cd7af88e147e4ad82.js?body=1" for 127.0.0.1 at 2017-03-21 00:12:54 +0100


Started GET "/assets/jquery.self-bd7ddd393353a8d2480a622e80342adf488fb6006d667e8b42e4c0073393abee.js?body=1" for 127.0.0.1 at 2017-03-21 00:12:54 +0100


Started GET "/assets/blogs.self-877aef30ae1b040ab8a3aba4e3e309a11d7f2612f44dde450b5c157aa5f95c05.js?body=1" for 127.0.0.1 at 2017-03-21 00:12:54 +0100


Started GET "/assets/homepage.self-877aef30ae1b040ab8a3aba4e3e309a11d7f2612f44dde450b5c157aa5f95c05.js?body=1" for 127.0.0.1 at 2017-03-21 00:12:54 +0100


Started GET "/assets/posts.self-877aef30ae1b040ab8a3aba4e3e309a11d7f2612f44dde450b5c157aa5f95c05.js?body=1" for 127.0.0.1 at 2017-03-21 00:12:54 +0100


Started GET "/assets/users.self-877aef30ae1b040ab8a3aba4e3e309a11d7f2612f44dde450b5c157aa5f95c05.js?body=1" for 127.0.0.1 at 2017-03-21 00:12:54 +0100


Started GET "/assets/application.self-3b8dabdc891efe46b9a144b400ad69e37d7e5876bdc39dee783419a69d7ca819.js?body=1" for 127.0.0.1 at 2017-03-21 00:12:54 +0100


Started DELETE "/post/14/delete" for 127.0.0.1 at 2017-03-21 00:13:02 +0100
Processing by PostsController#delete as HTML
  Parameters: {"authenticity_token"=>"CVJmXOm7n8jF2DSzlm2e3lyHIo42UjdtoadT10MMXP+58vEXFbOWRKhRw5vUSituO3huG1YyBYOB/qasLukWkw==", "id"=>"14"}
Completed 500 Internal Server Error in 20ms (ActiveRecord: 0.0ms)

ActionView::MissingTemplate (Missing template posts/delete, application/delete with {:locale=>[:en], :formats=>[:html], :variants=>[], :handlers=>[:erb, :builder, :raw, :ruby, :coffee, :jbuilder]}. Searched in:
  * "/home/kovo/:. WWW/kovoweb-3.0/mojWeb/app/views"
):
  actionview (4.2.6) lib/action_view/path_set.rb:46:in `find'
  actionview (4.2.6) lib/action_view/lookup_context.rb:121:in `find'
  actionview (4.2.6) lib/action_view/renderer/abstract_renderer.rb:18:in `find_template'
  actionview (4.2.6) lib/action_view/renderer/template_renderer.rb:40:in `determine_template'
  actionview (4.2.6) lib/action_view/renderer/template_renderer.rb:8:in `render'
  actionview (4.2.6) lib/action_view/renderer/renderer.rb:46:in `render_template'
  actionview (4.2.6) lib/action_view/renderer/renderer.rb:27:in `render'
  actionview (4.2.6) lib/action_view/rendering.rb:100:in `_render_template'
  actionpack (4.2.6) lib/action_controller/metal/streaming.rb:217:in `_render_template'
  actionview (4.2.6) lib/action_view/rendering.rb:83:in `render_to_body'
  actionpack (4.2.6) lib/action_controller/metal/rendering.rb:32:in `render_to_body'
  actionpack (4.2.6) lib/action_controller/metal/renderers.rb:37:in `render_to_body'
  actionpack (4.2.6) lib/abstract_controller/rendering.rb:25:in `render'
  actionpack (4.2.6) lib/action_controller/metal/rendering.rb:16:in `render'
  actionpack (4.2.6) lib/action_controller/metal/instrumentation.rb:44:in `block (2 levels) in render'
  activesupport (4.2.6) lib/active_support/core_ext/benchmark.rb:12:in `block in ms'
  /home/kovo/.rbenv/versions/2.3.1/lib/ruby/2.3.0/benchmark.rb:308:in `realtime'
  activesupport (4.2.6) lib/active_support/core_ext/benchmark.rb:12:in `ms'
  actionpack (4.2.6) lib/action_controller/metal/instrumentation.rb:44:in `block in render'
  actionpack (4.2.6) lib/action_controller/metal/instrumentation.rb:87:in `cleanup_view_runtime'
  activerecord (4.2.6) lib/active_record/railties/controller_runtime.rb:25:in `cleanup_view_runtime'
  actionpack (4.2.6) lib/action_controller/metal/instrumentation.rb:43:in `render'
  actionpack (4.2.6) lib/action_controller/metal/implicit_render.rb:10:in `default_render'
  actionpack (4.2.6) lib/action_controller/metal/implicit_render.rb:5:in `send_action'
  actionpack (4.2.6) lib/abstract_controller/base.rb:198:in `process_action'
  actionpack (4.2.6) lib/action_controller/metal/rendering.rb:10:in `process_action'
  actionpack (4.2.6) lib/abstract_controller/callbacks.rb:20:in `block in process_action'
  activesupport (4.2.6) lib/active_support/callbacks.rb:117:in `call'
  activesupport (4.2.6) lib/active_support/callbacks.rb:555:in `block (2 levels) in compile'
  activesupport (4.2.6) lib/active_support/callbacks.rb:505:in `call'
  activesupport (4.2.6) lib/active_support/callbacks.rb:92:in `__run_callbacks__'
  activesupport (4.2.6) lib/active_support/callbacks.rb:778:in `_run_process_action_callbacks'
  activesupport (4.2.6) lib/active_support/callbacks.rb:81:in `run_callbacks'
  actionpack (4.2.6) lib/abstract_controller/callbacks.rb:19:in `process_action'
  actionpack (4.2.6) lib/action_controller/metal/rescue.rb:29:in `process_action'
  actionpack (4.2.6) lib/action_controller/metal/instrumentation.rb:32:in `block in process_action'
  activesupport (4.2.6) lib/active_support/notifications.rb:164:in `block in instrument'
  activesupport (4.2.6) lib/active_support/notifications/instrumenter.rb:20:in `instrument'
  activesupport (4.2.6) lib/active_support/notifications.rb:164:in `instrument'
  actionpack (4.2.6) lib/action_controller/metal/instrumentation.rb:30:in `process_action'
  actionpack (4.2.6) lib/action_controller/metal/params_wrapper.rb:250:in `process_action'
  activerecord (4.2.6) lib/active_record/railties/controller_runtime.rb:18:in `process_action'
  actionpack (4.2.6) lib/abstract_controller/base.rb:137:in `process'
  actionview (4.2.6) lib/action_view/rendering.rb:30:in `process'
  actionpack (4.2.6) lib/action_controller/metal.rb:196:in `dispatch'
  actionpack (4.2.6) lib/action_controller/metal/rack_delegation.rb:13:in `dispatch'
  actionpack (4.2.6) lib/action_controller/metal.rb:237:in `block in action'
  actionpack (4.2.6) lib/action_dispatch/routing/route_set.rb:74:in `dispatch'
  actionpack (4.2.6) lib/action_dispatch/routing/route_set.rb:43:in `serve'
  actionpack (4.2.6) lib/action_dispatch/journey/router.rb:43:in `block in serve'
  actionpack (4.2.6) lib/action_dispatch/journey/router.rb:30:in `each'
  actionpack (4.2.6) lib/action_dispatch/journey/router.rb:30:in `serve'
  actionpack (4.2.6) lib/action_dispatch/routing/route_set.rb:817:in `call'
  rack (1.6.5) lib/rack/etag.rb:24:in `call'
  rack (1.6.5) lib/rack/conditionalget.rb:38:in `call'
  rack (1.6.5) lib/rack/head.rb:13:in `call'
  actionpack (4.2.6) lib/action_dispatch/middleware/params_parser.rb:27:in `call'
  actionpack (4.2.6) lib/action_dispatch/middleware/flash.rb:260:in `call'
  rack (1.6.5) lib/rack/session/abstract/id.rb:225:in `context'
  rack (1.6.5) lib/rack/session/abstract/id.rb:220:in `call'
  actionpack (4.2.6) lib/action_dispatch/middleware/cookies.rb:560:in `call'
  activerecord (4.2.6) lib/active_record/query_cache.rb:36:in `call'
  activerecord (4.2.6) lib/active_record/connection_adapters/abstract/connection_pool.rb:653:in `call'
  activerecord (4.2.6) lib/active_record/migration.rb:377:in `call'
  actionpack (4.2.6) lib/action_dispatch/middleware/callbacks.rb:29:in `block in call'
  activesupport (4.2.6) lib/active_support/callbacks.rb:88:in `__run_callbacks__'
  activesupport (4.2.6) lib/active_support/callbacks.rb:778:in `_run_call_callbacks'
  activesupport (4.2.6) lib/active_support/callbacks.rb:81:in `run_callbacks'
  actionpack (4.2.6) lib/action_dispatch/middleware/callbacks.rb:27:in `call'
  actionpack (4.2.6) lib/action_dispatch/middleware/reloader.rb:73:in `call'
  actionpack (4.2.6) lib/action_dispatch/middleware/remote_ip.rb:78:in `call'
  actionpack (4.2.6) lib/action_dispatch/middleware/debug_exceptions.rb:17:in `call'
  web-console (2.3.0) lib/web_console/middleware.rb:28:in `block in call'
  web-console (2.3.0) lib/web_console/middleware.rb:18:in `catch'
  web-console (2.3.0) lib/web_console/middleware.rb:18:in `call'
  actionpack (4.2.6) lib/action_dispatch/middleware/show_exceptions.rb:30:in `call'
  railties (4.2.6) lib/rails/rack/logger.rb:38:in `call_app'
  railties (4.2.6) lib/rails/rack/logger.rb:20:in `block in call'
  activesupport (4.2.6) lib/active_support/tagged_logging.rb:68:in `block in tagged'
  activesupport (4.2.6) lib/active_support/tagged_logging.rb:26:in `tagged'
  activesupport (4.2.6) lib/active_support/tagged_logging.rb:68:in `tagged'
  railties (4.2.6) lib/rails/rack/logger.rb:20:in `call'
  actionpack (4.2.6) lib/action_dispatch/middleware/request_id.rb:21:in `call'
  rack (1.6.5) lib/rack/methodoverride.rb:22:in `call'
  rack (1.6.5) lib/rack/runtime.rb:18:in `call'
  activesupport (4.2.6) lib/active_support/cache/strategy/local_cache_middleware.rb:28:in `call'
  rack (1.6.5) lib/rack/lock.rb:17:in `call'
  actionpack (4.2.6) lib/action_dispatch/middleware/static.rb:120:in `call'
  rack (1.6.5) lib/rack/sendfile.rb:113:in `call'
  railties (4.2.6) lib/rails/engine.rb:518:in `call'
  railties (4.2.6) lib/rails/application.rb:165:in `call'
  rack (1.6.5) lib/rack/lock.rb:17:in `call'
  rack (1.6.5) lib/rack/content_length.rb:15:in `call'
  rack (1.6.5) lib/rack/handler/webrick.rb:88:in `service'
  /home/kovo/.rbenv/versions/2.3.1/lib/ruby/2.3.0/webrick/httpserver.rb:140:in `service'
  /home/kovo/.rbenv/versions/2.3.1/lib/ruby/2.3.0/webrick/httpserver.rb:96:in `run'
  /home/kovo/.rbenv/versions/2.3.1/lib/ruby/2.3.0/webrick/server.rb:296:in `block in start_thread'


  Rendered /home/kovo/.rbenv/versions/2.3.1/lib/ruby/gems/2.3.0/gems/actionpack-4.2.6/lib/action_dispatch/middleware/templates/rescues/_source.erb (22.4ms)
  Rendered /home/kovo/.rbenv/versions/2.3.1/lib/ruby/gems/2.3.0/gems/actionpack-4.2.6/lib/action_dispatch/middleware/templates/rescues/_trace.html.erb (9.7ms)
  Rendered /home/kovo/.rbenv/versions/2.3.1/lib/ruby/gems/2.3.0/gems/actionpack-4.2.6/lib/action_dispatch/middleware/templates/rescues/_request_and_response.html.erb (3.2ms)
  Rendered /home/kovo/.rbenv/versions/2.3.1/lib/ruby/gems/2.3.0/gems/actionpack-4.2.6/lib/action_dispatch/middleware/templates/rescues/missing_template.html.erb within rescues/layout (73.1ms)
  Rendered /home/kovo/.rbenv/versions/2.3.1/lib/ruby/gems/2.3.0/gems/web-console-2.3.0/lib/web_console/templates/_markup.html.erb (1.3ms)
  Rendered /home/kovo/.rbenv/versions/2.3.1/lib/ruby/gems/2.3.0/gems/web-console-2.3.0/lib/web_console/templates/_inner_console_markup.html.erb within layouts/inlined_string (1.1ms)
  Rendered /home/kovo/.rbenv/versions/2.3.1/lib/ruby/gems/2.3.0/gems/web-console-2.3.0/lib/web_console/templates/_prompt_box_markup.html.erb within layouts/inlined_string (1.0ms)
  Rendered /home/kovo/.rbenv/versions/2.3.1/lib/ruby/gems/2.3.0/gems/web-console-2.3.0/lib/web_console/templates/style.css.erb within layouts/inlined_string (1.2ms)
  Rendered /home/kovo/.rbenv/versions/2.3.1/lib/ruby/gems/2.3.0/gems/web-console-2.3.0/lib/web_console/templates/console.js.erb within layouts/javascript (48.4ms)
  Rendered /home/kovo/.rbenv/versions/2.3.1/lib/ruby/gems/2.3.0/gems/web-console-2.3.0/lib/web_console/templates/main.js.erb within layouts/javascript (1.4ms)
  Rendered /home/kovo/.rbenv/versions/2.3.1/lib/ruby/gems/2.3.0/gems/web-console-2.3.0/lib/web_console/templates/error_page.js.erb within layouts/javascript (1.2ms)
  Rendered /home/kovo/.rbenv/versions/2.3.1/lib/ruby/gems/2.3.0/gems/web-console-2.3.0/lib/web_console/templates/index.html.erb (94.2ms)


Started GET "/post/14/edit" for 127.0.0.1 at 2017-03-21 00:13:15 +0100
Processing by PostsController#edit as HTML
  Parameters: {"id"=>"14"}
  [1m[36mPost Load (0.5ms)[0m  [1mSELECT  "posts".* FROM "posts" WHERE "posts"."id" = ? LIMIT 1[0m  [["id", 14]]
  [1m[35mTag Load (0.7ms)[0m  SELECT "tags".* FROM "tags" INNER JOIN "post_tags" ON "tags"."id" = "post_tags"."tag_id" WHERE "post_tags"."post_id" = ?  [["post_id", 14]]
  Rendered posts/edit.html.erb within layouts/application (132.3ms)
  Rendered layouts/_main_menu.html.erb (1.7ms)
Completed 200 OK in 217ms (Views: 209.8ms | ActiveRecord: 2.4ms)


Started PATCH "/post/14/update" for 127.0.0.1 at 2017-03-21 00:14:04 +0100
Processing by PostsController#update as HTML
  Parameters: {"utf8"=>"✓", "authenticity_token"=>"vU6tULsnXyulVRhsieQaGQwNBR/1dhauvAhYt8+FPgYN7jobRy9Wp8jc70TLw6+pa/JJipUWJECcUa3MomB0ag==", "post"=>{"title"=>"kôklô", "tags_attributes"=>{"0"=>{"title"=>"fgfgfg222", "id"=>"1"}}}, "commit"=>"Update Post", "id"=>"14"}
  [1m[36mPost Load (0.3ms)[0m  [1mSELECT  "posts".* FROM "posts" WHERE "posts"."id" = ? LIMIT 1[0m  [["id", 14]]
  [1m[35m (0.3ms)[0m  begin transaction
  [1m[36mTag Load (0.6ms)[0m  [1mSELECT "tags".* FROM "tags" INNER JOIN "post_tags" ON "tags"."id" = "post_tags"."tag_id" WHERE "post_tags"."post_id" = ? AND "tags"."id" = 1[0m  [["post_id", 14]]
  [1m[35mSQL (1.1ms)[0m  UPDATE "tags" SET "title" = ?, "updated_at" = ? WHERE "tags"."id" = ?  [["title", "fgfgfg222"], ["updated_at", "2017-03-20 23:14:04.415125"], ["id", 1]]
  [1m[36m (5.9ms)[0m  [1mcommit transaction[0m
Redirected to http://0.0.0.0:3000/post
Filter chain halted as :update_action rendered or redirected
Completed 302 Found in 42ms (ActiveRecord: 8.2ms)


Started GET "/post" for 127.0.0.1 at 2017-03-21 00:14:04 +0100
Processing by PostsController#index as HTML
  [1m[35mPost Load (0.7ms)[0m  SELECT "posts".* FROM "posts"
  Rendered posts/index.html.erb within layouts/application (126.5ms)
  Rendered layouts/_main_menu.html.erb (1.1ms)
Completed 200 OK in 310ms (Views: 307.2ms | ActiveRecord: 0.7ms)


Started GET "/post/14/edit" for 127.0.0.1 at 2017-03-21 00:14:11 +0100
Processing by PostsController#edit as HTML
  Parameters: {"id"=>"14"}
  [1m[36mPost Load (0.3ms)[0m  [1mSELECT  "posts".* FROM "posts" WHERE "posts"."id" = ? LIMIT 1[0m  [["id", 14]]
  [1m[35mTag Load (0.4ms)[0m  SELECT "tags".* FROM "tags" INNER JOIN "post_tags" ON "tags"."id" = "post_tags"."tag_id" WHERE "post_tags"."post_id" = ?  [["post_id", 14]]
  Rendered posts/edit.html.erb within layouts/application (11.4ms)
  Rendered layouts/_main_menu.html.erb (1.1ms)
Completed 200 OK in 260ms (Views: 244.8ms | ActiveRecord: 0.7ms)


Started GET "/post" for 127.0.0.1 at 2017-03-21 00:14:13 +0100
Processing by PostsController#index as HTML
  [1m[36mPost Load (0.6ms)[0m  [1mSELECT "posts".* FROM "posts"[0m
  Rendered posts/index.html.erb within layouts/application (150.4ms)
  Rendered layouts/_main_menu.html.erb (1.1ms)
Completed 200 OK in 369ms (Views: 365.5ms | ActiveRecord: 0.6ms)


Started DELETE "/post/14/delete" for 127.0.0.1 at 2017-03-21 00:15:14 +0100
Processing by PostsController#delete as HTML
  Parameters: {"authenticity_token"=>"pbXyZEdKdZHjBAZtwUF8j5ossyijeS2rJqhiC5X+F4wVFWUvu0J8HY6N8UWDZsk//dP/vcMZH0UG8Zdw+Btd4A==", "id"=>"14"}
Completed 500 Internal Server Error in 6ms (ActiveRecord: 0.0ms)

ActionView::MissingTemplate (Missing template posts/delete, application/delete with {:locale=>[:en], :formats=>[:html], :variants=>[], :handlers=>[:erb, :builder, :raw, :ruby, :coffee, :jbuilder]}. Searched in:
  * "/home/kovo/:. WWW/kovoweb-3.0/mojWeb/app/views"
):
  actionview (4.2.6) lib/action_view/path_set.rb:46:in `find'
  actionview (4.2.6) lib/action_view/lookup_context.rb:121:in `find'
  actionview (4.2.6) lib/action_view/renderer/abstract_renderer.rb:18:in `find_template'
  actionview (4.2.6) lib/action_view/renderer/template_renderer.rb:40:in `determine_template'
  actionview (4.2.6) lib/action_view/renderer/template_renderer.rb:8:in `render'
  actionview (4.2.6) lib/action_view/renderer/renderer.rb:46:in `render_template'
  actionview (4.2.6) lib/action_view/renderer/renderer.rb:27:in `render'
  actionview (4.2.6) lib/action_view/rendering.rb:100:in `_render_template'
  actionpack (4.2.6) lib/action_controller/metal/streaming.rb:217:in `_render_template'
  actionview (4.2.6) lib/action_view/rendering.rb:83:in `render_to_body'
  actionpack (4.2.6) lib/action_controller/metal/rendering.rb:32:in `render_to_body'
  actionpack (4.2.6) lib/action_controller/metal/renderers.rb:37:in `render_to_body'
  actionpack (4.2.6) lib/abstract_controller/rendering.rb:25:in `render'
  actionpack (4.2.6) lib/action_controller/metal/rendering.rb:16:in `render'
  actionpack (4.2.6) lib/action_controller/metal/instrumentation.rb:44:in `block (2 levels) in render'
  activesupport (4.2.6) lib/active_support/core_ext/benchmark.rb:12:in `block in ms'
  /home/kovo/.rbenv/versions/2.3.1/lib/ruby/2.3.0/benchmark.rb:308:in `realtime'
  activesupport (4.2.6) lib/active_support/core_ext/benchmark.rb:12:in `ms'
  actionpack (4.2.6) lib/action_controller/metal/instrumentation.rb:44:in `block in render'
  actionpack (4.2.6) lib/action_controller/metal/instrumentation.rb:87:in `cleanup_view_runtime'
  activerecord (4.2.6) lib/active_record/railties/controller_runtime.rb:25:in `cleanup_view_runtime'
  actionpack (4.2.6) lib/action_controller/metal/instrumentation.rb:43:in `render'
  actionpack (4.2.6) lib/action_controller/metal/implicit_render.rb:10:in `default_render'
  actionpack (4.2.6) lib/action_controller/metal/implicit_render.rb:5:in `send_action'
  actionpack (4.2.6) lib/abstract_controller/base.rb:198:in `process_action'
  actionpack (4.2.6) lib/action_controller/metal/rendering.rb:10:in `process_action'
  actionpack (4.2.6) lib/abstract_controller/callbacks.rb:20:in `block in process_action'
  activesupport (4.2.6) lib/active_support/callbacks.rb:117:in `call'
  activesupport (4.2.6) lib/active_support/callbacks.rb:555:in `block (2 levels) in compile'
  activesupport (4.2.6) lib/active_support/callbacks.rb:505:in `call'
  activesupport (4.2.6) lib/active_support/callbacks.rb:92:in `__run_callbacks__'
  activesupport (4.2.6) lib/active_support/callbacks.rb:778:in `_run_process_action_callbacks'
  activesupport (4.2.6) lib/active_support/callbacks.rb:81:in `run_callbacks'
  actionpack (4.2.6) lib/abstract_controller/callbacks.rb:19:in `process_action'
  actionpack (4.2.6) lib/action_controller/metal/rescue.rb:29:in `process_action'
  actionpack (4.2.6) lib/action_controller/metal/instrumentation.rb:32:in `block in process_action'
  activesupport (4.2.6) lib/active_support/notifications.rb:164:in `block in instrument'
  activesupport (4.2.6) lib/active_support/notifications/instrumenter.rb:20:in `instrument'
  activesupport (4.2.6) lib/active_support/notifications.rb:164:in `instrument'
  actionpack (4.2.6) lib/action_controller/metal/instrumentation.rb:30:in `process_action'
  actionpack (4.2.6) lib/action_controller/metal/params_wrapper.rb:250:in `process_action'
  activerecord (4.2.6) lib/active_record/railties/controller_runtime.rb:18:in `process_action'
  actionpack (4.2.6) lib/abstract_controller/base.rb:137:in `process'
  actionview (4.2.6) lib/action_view/rendering.rb:30:in `process'
  actionpack (4.2.6) lib/action_controller/metal.rb:196:in `dispatch'
  actionpack (4.2.6) lib/action_controller/metal/rack_delegation.rb:13:in `dispatch'
  actionpack (4.2.6) lib/action_controller/metal.rb:237:in `block in action'
  actionpack (4.2.6) lib/action_dispatch/routing/route_set.rb:74:in `dispatch'
  actionpack (4.2.6) lib/action_dispatch/routing/route_set.rb:43:in `serve'
  actionpack (4.2.6) lib/action_dispatch/journey/router.rb:43:in `block in serve'
  actionpack (4.2.6) lib/action_dispatch/journey/router.rb:30:in `each'
  actionpack (4.2.6) lib/action_dispatch/journey/router.rb:30:in `serve'
  actionpack (4.2.6) lib/action_dispatch/routing/route_set.rb:817:in `call'
  rack (1.6.5) lib/rack/etag.rb:24:in `call'
  rack (1.6.5) lib/rack/conditionalget.rb:38:in `call'
  rack (1.6.5) lib/rack/head.rb:13:in `call'
  actionpack (4.2.6) lib/action_dispatch/middleware/params_parser.rb:27:in `call'
  actionpack (4.2.6) lib/action_dispatch/middleware/flash.rb:260:in `call'
  rack (1.6.5) lib/rack/session/abstract/id.rb:225:in `context'
  rack (1.6.5) lib/rack/session/abstract/id.rb:220:in `call'
  actionpack (4.2.6) lib/action_dispatch/middleware/cookies.rb:560:in `call'
  activerecord (4.2.6) lib/active_record/query_cache.rb:36:in `call'
  activerecord (4.2.6) lib/active_record/connection_adapters/abstract/connection_pool.rb:653:in `call'
  activerecord (4.2.6) lib/active_record/migration.rb:377:in `call'
  actionpack (4.2.6) lib/action_dispatch/middleware/callbacks.rb:29:in `block in call'
  activesupport (4.2.6) lib/active_support/callbacks.rb:88:in `__run_callbacks__'
  activesupport (4.2.6) lib/active_support/callbacks.rb:778:in `_run_call_callbacks'
  activesupport (4.2.6) lib/active_support/callbacks.rb:81:in `run_callbacks'
  actionpack (4.2.6) lib/action_dispatch/middleware/callbacks.rb:27:in `call'
  actionpack (4.2.6) lib/action_dispatch/middleware/reloader.rb:73:in `call'
  actionpack (4.2.6) lib/action_dispatch/middleware/remote_ip.rb:78:in `call'
  actionpack (4.2.6) lib/action_dispatch/middleware/debug_exceptions.rb:17:in `call'
  web-console (2.3.0) lib/web_console/middleware.rb:28:in `block in call'
  web-console (2.3.0) lib/web_console/middleware.rb:18:in `catch'
  web-console (2.3.0) lib/web_console/middleware.rb:18:in `call'
  actionpack (4.2.6) lib/action_dispatch/middleware/show_exceptions.rb:30:in `call'
  railties (4.2.6) lib/rails/rack/logger.rb:38:in `call_app'
  railties (4.2.6) lib/rails/rack/logger.rb:20:in `block in call'
  activesupport (4.2.6) lib/active_support/tagged_logging.rb:68:in `block in tagged'
  activesupport (4.2.6) lib/active_support/tagged_logging.rb:26:in `tagged'
  activesupport (4.2.6) lib/active_support/tagged_logging.rb:68:in `tagged'
  railties (4.2.6) lib/rails/rack/logger.rb:20:in `call'
  actionpack (4.2.6) lib/action_dispatch/middleware/request_id.rb:21:in `call'
  rack (1.6.5) lib/rack/methodoverride.rb:22:in `call'
  rack (1.6.5) lib/rack/runtime.rb:18:in `call'
  activesupport (4.2.6) lib/active_support/cache/strategy/local_cache_middleware.rb:28:in `call'
  rack (1.6.5) lib/rack/lock.rb:17:in `call'
  actionpack (4.2.6) lib/action_dispatch/middleware/static.rb:120:in `call'
  rack (1.6.5) lib/rack/sendfile.rb:113:in `call'
  railties (4.2.6) lib/rails/engine.rb:518:in `call'
  railties (4.2.6) lib/rails/application.rb:165:in `call'
  rack (1.6.5) lib/rack/lock.rb:17:in `call'
  rack (1.6.5) lib/rack/content_length.rb:15:in `call'
  rack (1.6.5) lib/rack/handler/webrick.rb:88:in `service'
  /home/kovo/.rbenv/versions/2.3.1/lib/ruby/2.3.0/webrick/httpserver.rb:140:in `service'
  /home/kovo/.rbenv/versions/2.3.1/lib/ruby/2.3.0/webrick/httpserver.rb:96:in `run'
  /home/kovo/.rbenv/versions/2.3.1/lib/ruby/2.3.0/webrick/server.rb:296:in `block in start_thread'


  Rendered /home/kovo/.rbenv/versions/2.3.1/lib/ruby/gems/2.3.0/gems/actionpack-4.2.6/lib/action_dispatch/middleware/templates/rescues/_source.erb (22.6ms)
  Rendered /home/kovo/.rbenv/versions/2.3.1/lib/ruby/gems/2.3.0/gems/actionpack-4.2.6/lib/action_dispatch/middleware/templates/rescues/_trace.html.erb (9.5ms)
  Rendered /home/kovo/.rbenv/versions/2.3.1/lib/ruby/gems/2.3.0/gems/actionpack-4.2.6/lib/action_dispatch/middleware/templates/rescues/_request_and_response.html.erb (3.0ms)
  Rendered /home/kovo/.rbenv/versions/2.3.1/lib/ruby/gems/2.3.0/gems/actionpack-4.2.6/lib/action_dispatch/middleware/templates/rescues/missing_template.html.erb within rescues/layout (70.4ms)
  Rendered /home/kovo/.rbenv/versions/2.3.1/lib/ruby/gems/2.3.0/gems/web-console-2.3.0/lib/web_console/templates/_markup.html.erb (1.4ms)
  Rendered /home/kovo/.rbenv/versions/2.3.1/lib/ruby/gems/2.3.0/gems/web-console-2.3.0/lib/web_console/templates/_inner_console_markup.html.erb within layouts/inlined_string (1.2ms)
  Rendered /home/kovo/.rbenv/versions/2.3.1/lib/ruby/gems/2.3.0/gems/web-console-2.3.0/lib/web_console/templates/_prompt_box_markup.html.erb within layouts/inlined_string (1.0ms)
  Rendered /home/kovo/.rbenv/versions/2.3.1/lib/ruby/gems/2.3.0/gems/web-console-2.3.0/lib/web_console/templates/style.css.erb within layouts/inlined_string (1.1ms)
  Rendered /home/kovo/.rbenv/versions/2.3.1/lib/ruby/gems/2.3.0/gems/web-console-2.3.0/lib/web_console/templates/console.js.erb within layouts/javascript (45.3ms)
  Rendered /home/kovo/.rbenv/versions/2.3.1/lib/ruby/gems/2.3.0/gems/web-console-2.3.0/lib/web_console/templates/main.js.erb within layouts/javascript (1.0ms)
  Rendered /home/kovo/.rbenv/versions/2.3.1/lib/ruby/gems/2.3.0/gems/web-console-2.3.0/lib/web_console/templates/error_page.js.erb within layouts/javascript (1.5ms)
  Rendered /home/kovo/.rbenv/versions/2.3.1/lib/ruby/gems/2.3.0/gems/web-console-2.3.0/lib/web_console/templates/index.html.erb (90.3ms)


Started DELETE "/post/14/delete" for 127.0.0.1 at 2017-03-21 00:17:14 +0100
Processing by PostsController#delete as HTML
  Parameters: {"authenticity_token"=>"pbXyZEdKdZHjBAZtwUF8j5ossyijeS2rJqhiC5X+F4wVFWUvu0J8HY6N8UWDZsk//dP/vcMZH0UG8Zdw+Btd4A==", "id"=>"14"}
Completed 500 Internal Server Error in 8ms (ActiveRecord: 0.0ms)

ActionView::MissingTemplate (Missing template posts/delete, application/delete with {:locale=>[:en], :formats=>[:html], :variants=>[], :handlers=>[:erb, :builder, :raw, :ruby, :coffee, :jbuilder]}. Searched in:
  * "/home/kovo/:. WWW/kovoweb-3.0/mojWeb/app/views"
):
  actionview (4.2.6) lib/action_view/path_set.rb:46:in `find'
  actionview (4.2.6) lib/action_view/lookup_context.rb:121:in `find'
  actionview (4.2.6) lib/action_view/renderer/abstract_renderer.rb:18:in `find_template'
  actionview (4.2.6) lib/action_view/renderer/template_renderer.rb:40:in `determine_template'
  actionview (4.2.6) lib/action_view/renderer/template_renderer.rb:8:in `render'
  actionview (4.2.6) lib/action_view/renderer/renderer.rb:46:in `render_template'
  actionview (4.2.6) lib/action_view/renderer/renderer.rb:27:in `render'
  actionview (4.2.6) lib/action_view/rendering.rb:100:in `_render_template'
  actionpack (4.2.6) lib/action_controller/metal/streaming.rb:217:in `_render_template'
  actionview (4.2.6) lib/action_view/rendering.rb:83:in `render_to_body'
  actionpack (4.2.6) lib/action_controller/metal/rendering.rb:32:in `render_to_body'
  actionpack (4.2.6) lib/action_controller/metal/renderers.rb:37:in `render_to_body'
  actionpack (4.2.6) lib/abstract_controller/rendering.rb:25:in `render'
  actionpack (4.2.6) lib/action_controller/metal/rendering.rb:16:in `render'
  actionpack (4.2.6) lib/action_controller/metal/instrumentation.rb:44:in `block (2 levels) in render'
  activesupport (4.2.6) lib/active_support/core_ext/benchmark.rb:12:in `block in ms'
  /home/kovo/.rbenv/versions/2.3.1/lib/ruby/2.3.0/benchmark.rb:308:in `realtime'
  activesupport (4.2.6) lib/active_support/core_ext/benchmark.rb:12:in `ms'
  actionpack (4.2.6) lib/action_controller/metal/instrumentation.rb:44:in `block in render'
  actionpack (4.2.6) lib/action_controller/metal/instrumentation.rb:87:in `cleanup_view_runtime'
  activerecord (4.2.6) lib/active_record/railties/controller_runtime.rb:25:in `cleanup_view_runtime'
  actionpack (4.2.6) lib/action_controller/metal/instrumentation.rb:43:in `render'
  actionpack (4.2.6) lib/action_controller/metal/implicit_render.rb:10:in `default_render'
  actionpack (4.2.6) lib/action_controller/metal/implicit_render.rb:5:in `send_action'
  actionpack (4.2.6) lib/abstract_controller/base.rb:198:in `process_action'
  actionpack (4.2.6) lib/action_controller/metal/rendering.rb:10:in `process_action'
  actionpack (4.2.6) lib/abstract_controller/callbacks.rb:20:in `block in process_action'
  activesupport (4.2.6) lib/active_support/callbacks.rb:117:in `call'
  activesupport (4.2.6) lib/active_support/callbacks.rb:555:in `block (2 levels) in compile'
  activesupport (4.2.6) lib/active_support/callbacks.rb:505:in `call'
  activesupport (4.2.6) lib/active_support/callbacks.rb:92:in `__run_callbacks__'
  activesupport (4.2.6) lib/active_support/callbacks.rb:778:in `_run_process_action_callbacks'
  activesupport (4.2.6) lib/active_support/callbacks.rb:81:in `run_callbacks'
  actionpack (4.2.6) lib/abstract_controller/callbacks.rb:19:in `process_action'
  actionpack (4.2.6) lib/action_controller/metal/rescue.rb:29:in `process_action'
  actionpack (4.2.6) lib/action_controller/metal/instrumentation.rb:32:in `block in process_action'
  activesupport (4.2.6) lib/active_support/notifications.rb:164:in `block in instrument'
  activesupport (4.2.6) lib/active_support/notifications/instrumenter.rb:20:in `instrument'
  activesupport (4.2.6) lib/active_support/notifications.rb:164:in `instrument'
  actionpack (4.2.6) lib/action_controller/metal/instrumentation.rb:30:in `process_action'
  actionpack (4.2.6) lib/action_controller/metal/params_wrapper.rb:250:in `process_action'
  activerecord (4.2.6) lib/active_record/railties/controller_runtime.rb:18:in `process_action'
  actionpack (4.2.6) lib/abstract_controller/base.rb:137:in `process'
  actionview (4.2.6) lib/action_view/rendering.rb:30:in `process'
  actionpack (4.2.6) lib/action_controller/metal.rb:196:in `dispatch'
  actionpack (4.2.6) lib/action_controller/metal/rack_delegation.rb:13:in `dispatch'
  actionpack (4.2.6) lib/action_controller/metal.rb:237:in `block in action'
  actionpack (4.2.6) lib/action_dispatch/routing/route_set.rb:74:in `dispatch'
  actionpack (4.2.6) lib/action_dispatch/routing/route_set.rb:43:in `serve'
  actionpack (4.2.6) lib/action_dispatch/journey/router.rb:43:in `block in serve'
  actionpack (4.2.6) lib/action_dispatch/journey/router.rb:30:in `each'
  actionpack (4.2.6) lib/action_dispatch/journey/router.rb:30:in `serve'
  actionpack (4.2.6) lib/action_dispatch/routing/route_set.rb:817:in `call'
  rack (1.6.5) lib/rack/etag.rb:24:in `call'
  rack (1.6.5) lib/rack/conditionalget.rb:38:in `call'
  rack (1.6.5) lib/rack/head.rb:13:in `call'
  actionpack (4.2.6) lib/action_dispatch/middleware/params_parser.rb:27:in `call'
  actionpack (4.2.6) lib/action_dispatch/middleware/flash.rb:260:in `call'
  rack (1.6.5) lib/rack/session/abstract/id.rb:225:in `context'
  rack (1.6.5) lib/rack/session/abstract/id.rb:220:in `call'
  actionpack (4.2.6) lib/action_dispatch/middleware/cookies.rb:560:in `call'
  activerecord (4.2.6) lib/active_record/query_cache.rb:36:in `call'
  activerecord (4.2.6) lib/active_record/connection_adapters/abstract/connection_pool.rb:653:in `call'
  activerecord (4.2.6) lib/active_record/migration.rb:377:in `call'
  actionpack (4.2.6) lib/action_dispatch/middleware/callbacks.rb:29:in `block in call'
  activesupport (4.2.6) lib/active_support/callbacks.rb:88:in `__run_callbacks__'
  activesupport (4.2.6) lib/active_support/callbacks.rb:778:in `_run_call_callbacks'
  activesupport (4.2.6) lib/active_support/callbacks.rb:81:in `run_callbacks'
  actionpack (4.2.6) lib/action_dispatch/middleware/callbacks.rb:27:in `call'
  actionpack (4.2.6) lib/action_dispatch/middleware/reloader.rb:73:in `call'
  actionpack (4.2.6) lib/action_dispatch/middleware/remote_ip.rb:78:in `call'
  actionpack (4.2.6) lib/action_dispatch/middleware/debug_exceptions.rb:17:in `call'
  web-console (2.3.0) lib/web_console/middleware.rb:28:in `block in call'
  web-console (2.3.0) lib/web_console/middleware.rb:18:in `catch'
  web-console (2.3.0) lib/web_console/middleware.rb:18:in `call'
  actionpack (4.2.6) lib/action_dispatch/middleware/show_exceptions.rb:30:in `call'
  railties (4.2.6) lib/rails/rack/logger.rb:38:in `call_app'
  railties (4.2.6) lib/rails/rack/logger.rb:20:in `block in call'
  activesupport (4.2.6) lib/active_support/tagged_logging.rb:68:in `block in tagged'
  activesupport (4.2.6) lib/active_support/tagged_logging.rb:26:in `tagged'
  activesupport (4.2.6) lib/active_support/tagged_logging.rb:68:in `tagged'
  railties (4.2.6) lib/rails/rack/logger.rb:20:in `call'
  actionpack (4.2.6) lib/action_dispatch/middleware/request_id.rb:21:in `call'
  rack (1.6.5) lib/rack/methodoverride.rb:22:in `call'
  rack (1.6.5) lib/rack/runtime.rb:18:in `call'
  activesupport (4.2.6) lib/active_support/cache/strategy/local_cache_middleware.rb:28:in `call'
  rack (1.6.5) lib/rack/lock.rb:17:in `call'
  actionpack (4.2.6) lib/action_dispatch/middleware/static.rb:120:in `call'
  rack (1.6.5) lib/rack/sendfile.rb:113:in `call'
  railties (4.2.6) lib/rails/engine.rb:518:in `call'
  railties (4.2.6) lib/rails/application.rb:165:in `call'
  rack (1.6.5) lib/rack/lock.rb:17:in `call'
  rack (1.6.5) lib/rack/content_length.rb:15:in `call'
  rack (1.6.5) lib/rack/handler/webrick.rb:88:in `service'
  /home/kovo/.rbenv/versions/2.3.1/lib/ruby/2.3.0/webrick/httpserver.rb:140:in `service'
  /home/kovo/.rbenv/versions/2.3.1/lib/ruby/2.3.0/webrick/httpserver.rb:96:in `run'
  /home/kovo/.rbenv/versions/2.3.1/lib/ruby/2.3.0/webrick/server.rb:296:in `block in start_thread'


  Rendered /home/kovo/.rbenv/versions/2.3.1/lib/ruby/gems/2.3.0/gems/actionpack-4.2.6/lib/action_dispatch/middleware/templates/rescues/_source.erb (41.7ms)
  Rendered /home/kovo/.rbenv/versions/2.3.1/lib/ruby/gems/2.3.0/gems/actionpack-4.2.6/lib/action_dispatch/middleware/templates/rescues/_trace.html.erb (19.3ms)
  Rendered /home/kovo/.rbenv/versions/2.3.1/lib/ruby/gems/2.3.0/gems/actionpack-4.2.6/lib/action_dispatch/middleware/templates/rescues/_request_and_response.html.erb (4.2ms)
  Rendered /home/kovo/.rbenv/versions/2.3.1/lib/ruby/gems/2.3.0/gems/actionpack-4.2.6/lib/action_dispatch/middleware/templates/rescues/missing_template.html.erb within rescues/layout (145.4ms)
  Rendered /home/kovo/.rbenv/versions/2.3.1/lib/ruby/gems/2.3.0/gems/web-console-2.3.0/lib/web_console/templates/_markup.html.erb (1.3ms)
  Rendered /home/kovo/.rbenv/versions/2.3.1/lib/ruby/gems/2.3.0/gems/web-console-2.3.0/lib/web_console/templates/_inner_console_markup.html.erb within layouts/inlined_string (2.3ms)
  Rendered /home/kovo/.rbenv/versions/2.3.1/lib/ruby/gems/2.3.0/gems/web-console-2.3.0/lib/web_console/templates/_prompt_box_markup.html.erb within layouts/inlined_string (1.1ms)
  Rendered /home/kovo/.rbenv/versions/2.3.1/lib/ruby/gems/2.3.0/gems/web-console-2.3.0/lib/web_console/templates/style.css.erb within layouts/inlined_string (1.1ms)
  Rendered /home/kovo/.rbenv/versions/2.3.1/lib/ruby/gems/2.3.0/gems/web-console-2.3.0/lib/web_console/templates/console.js.erb within layouts/javascript (56.7ms)
  Rendered /home/kovo/.rbenv/versions/2.3.1/lib/ruby/gems/2.3.0/gems/web-console-2.3.0/lib/web_console/templates/main.js.erb within layouts/javascript (1.8ms)
  Rendered /home/kovo/.rbenv/versions/2.3.1/lib/ruby/gems/2.3.0/gems/web-console-2.3.0/lib/web_console/templates/error_page.js.erb within layouts/javascript (1.4ms)
  Rendered /home/kovo/.rbenv/versions/2.3.1/lib/ruby/gems/2.3.0/gems/web-console-2.3.0/lib/web_console/templates/index.html.erb (146.7ms)


Started GET "/post" for 127.0.0.1 at 2017-03-21 00:23:07 +0100
Processing by PostsController#index as HTML
  [1m[35mPost Load (0.7ms)[0m  SELECT "posts".* FROM "posts"
  Rendered posts/index.html.erb within layouts/application (154.5ms)
  Rendered layouts/_main_menu.html.erb (5.8ms)
Completed 200 OK in 332ms (Views: 329.4ms | ActiveRecord: 0.7ms)


Started GET "/assets/blogs.self-e3b0c44298fc1c149afbf4c8996fb92427ae41e4649b934ca495991b7852b855.css?body=1" for 127.0.0.1 at 2017-03-21 00:23:08 +0100


Started GET "/assets/homepage.self-e3b0c44298fc1c149afbf4c8996fb92427ae41e4649b934ca495991b7852b855.css?body=1" for 127.0.0.1 at 2017-03-21 00:23:08 +0100


Started GET "/assets/posts.self-e3b0c44298fc1c149afbf4c8996fb92427ae41e4649b934ca495991b7852b855.css?body=1" for 127.0.0.1 at 2017-03-21 00:23:08 +0100


Started GET "/assets/users.self-e3b0c44298fc1c149afbf4c8996fb92427ae41e4649b934ca495991b7852b855.css?body=1" for 127.0.0.1 at 2017-03-21 00:23:08 +0100


Started GET "/assets/application.self-e80e8f2318043e8af94dddc2adad5a4f09739a8ebb323b3ab31cd71d45fd9113.css?body=1" for 127.0.0.1 at 2017-03-21 00:23:08 +0100


Started GET "/assets/jquery.self-bd7ddd393353a8d2480a622e80342adf488fb6006d667e8b42e4c0073393abee.js?body=1" for 127.0.0.1 at 2017-03-21 00:23:08 +0100


Started GET "/assets/turbolinks.self-c5acd7a204f5f25ce7a1d8a0e4d92e28d34c9e2df2c7371cd7af88e147e4ad82.js?body=1" for 127.0.0.1 at 2017-03-21 00:23:08 +0100


Started GET "/assets/jquery_ujs.self-784a997f6726036b1993eb2217c9cb558e1cbb801c6da88105588c56f13b466a.js?body=1" for 127.0.0.1 at 2017-03-21 00:23:08 +0100


Started GET "/assets/blogs.self-877aef30ae1b040ab8a3aba4e3e309a11d7f2612f44dde450b5c157aa5f95c05.js?body=1" for 127.0.0.1 at 2017-03-21 00:23:08 +0100


Started GET "/assets/homepage.self-877aef30ae1b040ab8a3aba4e3e309a11d7f2612f44dde450b5c157aa5f95c05.js?body=1" for 127.0.0.1 at 2017-03-21 00:23:08 +0100


Started GET "/assets/posts.self-877aef30ae1b040ab8a3aba4e3e309a11d7f2612f44dde450b5c157aa5f95c05.js?body=1" for 127.0.0.1 at 2017-03-21 00:23:08 +0100


Started GET "/assets/users.self-877aef30ae1b040ab8a3aba4e3e309a11d7f2612f44dde450b5c157aa5f95c05.js?body=1" for 127.0.0.1 at 2017-03-21 00:23:08 +0100


Started GET "/assets/application.self-3b8dabdc891efe46b9a144b400ad69e37d7e5876bdc39dee783419a69d7ca819.js?body=1" for 127.0.0.1 at 2017-03-21 00:23:08 +0100


Started DELETE "/post.14" for 127.0.0.1 at 2017-03-21 00:23:15 +0100

ActionController::RoutingError (No route matches [DELETE] "/post.14"):
  actionpack (4.2.6) lib/action_dispatch/middleware/debug_exceptions.rb:21:in `call'
  web-console (2.3.0) lib/web_console/middleware.rb:28:in `block in call'
  web-console (2.3.0) lib/web_console/middleware.rb:18:in `catch'
  web-console (2.3.0) lib/web_console/middleware.rb:18:in `call'
  actionpack (4.2.6) lib/action_dispatch/middleware/show_exceptions.rb:30:in `call'
  railties (4.2.6) lib/rails/rack/logger.rb:38:in `call_app'
  railties (4.2.6) lib/rails/rack/logger.rb:20:in `block in call'
  activesupport (4.2.6) lib/active_support/tagged_logging.rb:68:in `block in tagged'
  activesupport (4.2.6) lib/active_support/tagged_logging.rb:26:in `tagged'
  activesupport (4.2.6) lib/active_support/tagged_logging.rb:68:in `tagged'
  railties (4.2.6) lib/rails/rack/logger.rb:20:in `call'
  actionpack (4.2.6) lib/action_dispatch/middleware/request_id.rb:21:in `call'
  rack (1.6.5) lib/rack/methodoverride.rb:22:in `call'
  rack (1.6.5) lib/rack/runtime.rb:18:in `call'
  activesupport (4.2.6) lib/active_support/cache/strategy/local_cache_middleware.rb:28:in `call'
  rack (1.6.5) lib/rack/lock.rb:17:in `call'
  actionpack (4.2.6) lib/action_dispatch/middleware/static.rb:120:in `call'
  rack (1.6.5) lib/rack/sendfile.rb:113:in `call'
  railties (4.2.6) lib/rails/engine.rb:518:in `call'
  railties (4.2.6) lib/rails/application.rb:165:in `call'
  rack (1.6.5) lib/rack/lock.rb:17:in `call'
  rack (1.6.5) lib/rack/content_length.rb:15:in `call'
  rack (1.6.5) lib/rack/handler/webrick.rb:88:in `service'
  /home/kovo/.rbenv/versions/2.3.1/lib/ruby/2.3.0/webrick/httpserver.rb:140:in `service'
  /home/kovo/.rbenv/versions/2.3.1/lib/ruby/2.3.0/webrick/httpserver.rb:96:in `run'
  /home/kovo/.rbenv/versions/2.3.1/lib/ruby/2.3.0/webrick/server.rb:296:in `block in start_thread'


  Rendered /home/kovo/.rbenv/versions/2.3.1/lib/ruby/gems/2.3.0/gems/actionpack-4.2.6/lib/action_dispatch/middleware/templates/rescues/_trace.html.erb (5.1ms)
  Rendered /home/kovo/.rbenv/versions/2.3.1/lib/ruby/gems/2.3.0/gems/actionpack-4.2.6/lib/action_dispatch/middleware/templates/routes/_route.html.erb (13.2ms)
  Rendered /home/kovo/.rbenv/versions/2.3.1/lib/ruby/gems/2.3.0/gems/actionpack-4.2.6/lib/action_dispatch/middleware/templates/routes/_table.html.erb (13.1ms)
  Rendered /home/kovo/.rbenv/versions/2.3.1/lib/ruby/gems/2.3.0/gems/actionpack-4.2.6/lib/action_dispatch/middleware/templates/rescues/_request_and_response.html.erb (14.1ms)
  Rendered /home/kovo/.rbenv/versions/2.3.1/lib/ruby/gems/2.3.0/gems/actionpack-4.2.6/lib/action_dispatch/middleware/templates/rescues/routing_error.html.erb within rescues/layout (251.6ms)
  Rendered /home/kovo/.rbenv/versions/2.3.1/lib/ruby/gems/2.3.0/gems/web-console-2.3.0/lib/web_console/templates/_markup.html.erb (2.2ms)
  Rendered /home/kovo/.rbenv/versions/2.3.1/lib/ruby/gems/2.3.0/gems/web-console-2.3.0/lib/web_console/templates/_inner_console_markup.html.erb within layouts/inlined_string (9.4ms)
  Rendered /home/kovo/.rbenv/versions/2.3.1/lib/ruby/gems/2.3.0/gems/web-console-2.3.0/lib/web_console/templates/_prompt_box_markup.html.erb within layouts/inlined_string (5.4ms)
  Rendered /home/kovo/.rbenv/versions/2.3.1/lib/ruby/gems/2.3.0/gems/web-console-2.3.0/lib/web_console/templates/style.css.erb within layouts/inlined_string (1.3ms)
  Rendered /home/kovo/.rbenv/versions/2.3.1/lib/ruby/gems/2.3.0/gems/web-console-2.3.0/lib/web_console/templates/console.js.erb within layouts/javascript (163.1ms)
  Rendered /home/kovo/.rbenv/versions/2.3.1/lib/ruby/gems/2.3.0/gems/web-console-2.3.0/lib/web_console/templates/main.js.erb within layouts/javascript (1.1ms)
  Rendered /home/kovo/.rbenv/versions/2.3.1/lib/ruby/gems/2.3.0/gems/web-console-2.3.0/lib/web_console/templates/error_page.js.erb within layouts/javascript (5.6ms)
  Rendered /home/kovo/.rbenv/versions/2.3.1/lib/ruby/gems/2.3.0/gems/web-console-2.3.0/lib/web_console/templates/index.html.erb (339.1ms)


Started DELETE "/post.14" for 127.0.0.1 at 2017-03-21 00:23:52 +0100

ActionController::RoutingError (No route matches [DELETE] "/post.14"):
  actionpack (4.2.6) lib/action_dispatch/middleware/debug_exceptions.rb:21:in `call'
  web-console (2.3.0) lib/web_console/middleware.rb:28:in `block in call'
  web-console (2.3.0) lib/web_console/middleware.rb:18:in `catch'
  web-console (2.3.0) lib/web_console/middleware.rb:18:in `call'
  actionpack (4.2.6) lib/action_dispatch/middleware/show_exceptions.rb:30:in `call'
  railties (4.2.6) lib/rails/rack/logger.rb:38:in `call_app'
  railties (4.2.6) lib/rails/rack/logger.rb:20:in `block in call'
  activesupport (4.2.6) lib/active_support/tagged_logging.rb:68:in `block in tagged'
  activesupport (4.2.6) lib/active_support/tagged_logging.rb:26:in `tagged'
  activesupport (4.2.6) lib/active_support/tagged_logging.rb:68:in `tagged'
  railties (4.2.6) lib/rails/rack/logger.rb:20:in `call'
  actionpack (4.2.6) lib/action_dispatch/middleware/request_id.rb:21:in `call'
  rack (1.6.5) lib/rack/methodoverride.rb:22:in `call'
  rack (1.6.5) lib/rack/runtime.rb:18:in `call'
  activesupport (4.2.6) lib/active_support/cache/strategy/local_cache_middleware.rb:28:in `call'
  rack (1.6.5) lib/rack/lock.rb:17:in `call'
  actionpack (4.2.6) lib/action_dispatch/middleware/static.rb:120:in `call'
  rack (1.6.5) lib/rack/sendfile.rb:113:in `call'
  railties (4.2.6) lib/rails/engine.rb:518:in `call'
  railties (4.2.6) lib/rails/application.rb:165:in `call'
  rack (1.6.5) lib/rack/lock.rb:17:in `call'
  rack (1.6.5) lib/rack/content_length.rb:15:in `call'
  rack (1.6.5) lib/rack/handler/webrick.rb:88:in `service'
  /home/kovo/.rbenv/versions/2.3.1/lib/ruby/2.3.0/webrick/httpserver.rb:140:in `service'
  /home/kovo/.rbenv/versions/2.3.1/lib/ruby/2.3.0/webrick/httpserver.rb:96:in `run'
  /home/kovo/.rbenv/versions/2.3.1/lib/ruby/2.3.0/webrick/server.rb:296:in `block in start_thread'


  Rendered /home/kovo/.rbenv/versions/2.3.1/lib/ruby/gems/2.3.0/gems/actionpack-4.2.6/lib/action_dispatch/middleware/templates/rescues/_trace.html.erb (21.5ms)
  Rendered /home/kovo/.rbenv/versions/2.3.1/lib/ruby/gems/2.3.0/gems/actionpack-4.2.6/lib/action_dispatch/middleware/templates/routes/_route.html.erb (10.3ms)
  Rendered /home/kovo/.rbenv/versions/2.3.1/lib/ruby/gems/2.3.0/gems/actionpack-4.2.6/lib/action_dispatch/middleware/templates/routes/_table.html.erb (8.1ms)
  Rendered /home/kovo/.rbenv/versions/2.3.1/lib/ruby/gems/2.3.0/gems/actionpack-4.2.6/lib/action_dispatch/middleware/templates/rescues/_request_and_response.html.erb (4.1ms)
  Rendered /home/kovo/.rbenv/versions/2.3.1/lib/ruby/gems/2.3.0/gems/actionpack-4.2.6/lib/action_dispatch/middleware/templates/rescues/routing_error.html.erb within rescues/layout (163.1ms)
  Rendered /home/kovo/.rbenv/versions/2.3.1/lib/ruby/gems/2.3.0/gems/web-console-2.3.0/lib/web_console/templates/_markup.html.erb (1.3ms)
  Rendered /home/kovo/.rbenv/versions/2.3.1/lib/ruby/gems/2.3.0/gems/web-console-2.3.0/lib/web_console/templates/_inner_console_markup.html.erb within layouts/inlined_string (1.2ms)
  Rendered /home/kovo/.rbenv/versions/2.3.1/lib/ruby/gems/2.3.0/gems/web-console-2.3.0/lib/web_console/templates/_prompt_box_markup.html.erb within layouts/inlined_string (1.1ms)
  Rendered /home/kovo/.rbenv/versions/2.3.1/lib/ruby/gems/2.3.0/gems/web-console-2.3.0/lib/web_console/templates/style.css.erb within layouts/inlined_string (5.2ms)
  Rendered /home/kovo/.rbenv/versions/2.3.1/lib/ruby/gems/2.3.0/gems/web-console-2.3.0/lib/web_console/templates/console.js.erb within layouts/javascript (100.6ms)
  Rendered /home/kovo/.rbenv/versions/2.3.1/lib/ruby/gems/2.3.0/gems/web-console-2.3.0/lib/web_console/templates/main.js.erb within layouts/javascript (1.1ms)
  Rendered /home/kovo/.rbenv/versions/2.3.1/lib/ruby/gems/2.3.0/gems/web-console-2.3.0/lib/web_console/templates/error_page.js.erb within layouts/javascript (5.5ms)
  Rendered /home/kovo/.rbenv/versions/2.3.1/lib/ruby/gems/2.3.0/gems/web-console-2.3.0/lib/web_console/templates/index.html.erb (199.4ms)


Started GET "/post" for 127.0.0.1 at 2017-03-21 00:24:09 +0100
Processing by PostsController#index as HTML
  [1m[36mPost Load (0.6ms)[0m  [1mSELECT "posts".* FROM "posts"[0m
  Rendered posts/index.html.erb within layouts/application (99.7ms)
  Rendered layouts/_main_menu.html.erb (1.2ms)
Completed 200 OK in 266ms (Views: 257.1ms | ActiveRecord: 0.6ms)


Started GET "/assets/blogs.self-e3b0c44298fc1c149afbf4c8996fb92427ae41e4649b934ca495991b7852b855.css?body=1" for 127.0.0.1 at 2017-03-21 00:24:10 +0100


Started GET "/assets/homepage.self-e3b0c44298fc1c149afbf4c8996fb92427ae41e4649b934ca495991b7852b855.css?body=1" for 127.0.0.1 at 2017-03-21 00:24:10 +0100


Started GET "/assets/posts.self-e3b0c44298fc1c149afbf4c8996fb92427ae41e4649b934ca495991b7852b855.css?body=1" for 127.0.0.1 at 2017-03-21 00:24:10 +0100


Started GET "/assets/users.self-e3b0c44298fc1c149afbf4c8996fb92427ae41e4649b934ca495991b7852b855.css?body=1" for 127.0.0.1 at 2017-03-21 00:24:10 +0100


Started GET "/assets/application.self-e80e8f2318043e8af94dddc2adad5a4f09739a8ebb323b3ab31cd71d45fd9113.css?body=1" for 127.0.0.1 at 2017-03-21 00:24:10 +0100


Started GET "/assets/jquery.self-bd7ddd393353a8d2480a622e80342adf488fb6006d667e8b42e4c0073393abee.js?body=1" for 127.0.0.1 at 2017-03-21 00:24:10 +0100


Started GET "/assets/blogs.self-877aef30ae1b040ab8a3aba4e3e309a11d7f2612f44dde450b5c157aa5f95c05.js?body=1" for 127.0.0.1 at 2017-03-21 00:24:10 +0100


Started GET "/assets/jquery_ujs.self-784a997f6726036b1993eb2217c9cb558e1cbb801c6da88105588c56f13b466a.js?body=1" for 127.0.0.1 at 2017-03-21 00:24:10 +0100


Started GET "/assets/turbolinks.self-c5acd7a204f5f25ce7a1d8a0e4d92e28d34c9e2df2c7371cd7af88e147e4ad82.js?body=1" for 127.0.0.1 at 2017-03-21 00:24:10 +0100


Started GET "/assets/homepage.self-877aef30ae1b040ab8a3aba4e3e309a11d7f2612f44dde450b5c157aa5f95c05.js?body=1" for 127.0.0.1 at 2017-03-21 00:24:10 +0100


Started GET "/assets/posts.self-877aef30ae1b040ab8a3aba4e3e309a11d7f2612f44dde450b5c157aa5f95c05.js?body=1" for 127.0.0.1 at 2017-03-21 00:24:10 +0100


Started GET "/assets/users.self-877aef30ae1b040ab8a3aba4e3e309a11d7f2612f44dde450b5c157aa5f95c05.js?body=1" for 127.0.0.1 at 2017-03-21 00:24:10 +0100


Started GET "/assets/application.self-3b8dabdc891efe46b9a144b400ad69e37d7e5876bdc39dee783419a69d7ca819.js?body=1" for 127.0.0.1 at 2017-03-21 00:24:10 +0100


Started DELETE "/post/14/delete" for 127.0.0.1 at 2017-03-21 00:24:21 +0100
Processing by PostsController#delete as HTML
  Parameters: {"authenticity_token"=>"68DKnZ6mmPG81I9xzFRMYq3XHlUqmK51wu8n6Nk9EWtbYF3WYq6RfdFdeFmOc/nSyihSwEr4nJvittKTtNhbBw==", "id"=>"14"}
Completed 500 Internal Server Error in 5ms (ActiveRecord: 0.0ms)

ActionView::MissingTemplate (Missing template posts/delete, application/delete with {:locale=>[:en], :formats=>[:html], :variants=>[], :handlers=>[:erb, :builder, :raw, :ruby, :coffee, :jbuilder]}. Searched in:
  * "/home/kovo/:. WWW/kovoweb-3.0/mojWeb/app/views"
):
  actionview (4.2.6) lib/action_view/path_set.rb:46:in `find'
  actionview (4.2.6) lib/action_view/lookup_context.rb:121:in `find'
  actionview (4.2.6) lib/action_view/renderer/abstract_renderer.rb:18:in `find_template'
  actionview (4.2.6) lib/action_view/renderer/template_renderer.rb:40:in `determine_template'
  actionview (4.2.6) lib/action_view/renderer/template_renderer.rb:8:in `render'
  actionview (4.2.6) lib/action_view/renderer/renderer.rb:46:in `render_template'
  actionview (4.2.6) lib/action_view/renderer/renderer.rb:27:in `render'
  actionview (4.2.6) lib/action_view/rendering.rb:100:in `_render_template'
  actionpack (4.2.6) lib/action_controller/metal/streaming.rb:217:in `_render_template'
  actionview (4.2.6) lib/action_view/rendering.rb:83:in `render_to_body'
  actionpack (4.2.6) lib/action_controller/metal/rendering.rb:32:in `render_to_body'
  actionpack (4.2.6) lib/action_controller/metal/renderers.rb:37:in `render_to_body'
  actionpack (4.2.6) lib/abstract_controller/rendering.rb:25:in `render'
  actionpack (4.2.6) lib/action_controller/metal/rendering.rb:16:in `render'
  actionpack (4.2.6) lib/action_controller/metal/instrumentation.rb:44:in `block (2 levels) in render'
  activesupport (4.2.6) lib/active_support/core_ext/benchmark.rb:12:in `block in ms'
  /home/kovo/.rbenv/versions/2.3.1/lib/ruby/2.3.0/benchmark.rb:308:in `realtime'
  activesupport (4.2.6) lib/active_support/core_ext/benchmark.rb:12:in `ms'
  actionpack (4.2.6) lib/action_controller/metal/instrumentation.rb:44:in `block in render'
  actionpack (4.2.6) lib/action_controller/metal/instrumentation.rb:87:in `cleanup_view_runtime'
  activerecord (4.2.6) lib/active_record/railties/controller_runtime.rb:25:in `cleanup_view_runtime'
  actionpack (4.2.6) lib/action_controller/metal/instrumentation.rb:43:in `render'
  actionpack (4.2.6) lib/action_controller/metal/implicit_render.rb:10:in `default_render'
  actionpack (4.2.6) lib/action_controller/metal/implicit_render.rb:5:in `send_action'
  actionpack (4.2.6) lib/abstract_controller/base.rb:198:in `process_action'
  actionpack (4.2.6) lib/action_controller/metal/rendering.rb:10:in `process_action'
  actionpack (4.2.6) lib/abstract_controller/callbacks.rb:20:in `block in process_action'
  activesupport (4.2.6) lib/active_support/callbacks.rb:117:in `call'
  activesupport (4.2.6) lib/active_support/callbacks.rb:555:in `block (2 levels) in compile'
  activesupport (4.2.6) lib/active_support/callbacks.rb:505:in `call'
  activesupport (4.2.6) lib/active_support/callbacks.rb:92:in `__run_callbacks__'
  activesupport (4.2.6) lib/active_support/callbacks.rb:778:in `_run_process_action_callbacks'
  activesupport (4.2.6) lib/active_support/callbacks.rb:81:in `run_callbacks'
  actionpack (4.2.6) lib/abstract_controller/callbacks.rb:19:in `process_action'
  actionpack (4.2.6) lib/action_controller/metal/rescue.rb:29:in `process_action'
  actionpack (4.2.6) lib/action_controller/metal/instrumentation.rb:32:in `block in process_action'
  activesupport (4.2.6) lib/active_support/notifications.rb:164:in `block in instrument'
  activesupport (4.2.6) lib/active_support/notifications/instrumenter.rb:20:in `instrument'
  activesupport (4.2.6) lib/active_support/notifications.rb:164:in `instrument'
  actionpack (4.2.6) lib/action_controller/metal/instrumentation.rb:30:in `process_action'
  actionpack (4.2.6) lib/action_controller/metal/params_wrapper.rb:250:in `process_action'
  activerecord (4.2.6) lib/active_record/railties/controller_runtime.rb:18:in `process_action'
  actionpack (4.2.6) lib/abstract_controller/base.rb:137:in `process'
  actionview (4.2.6) lib/action_view/rendering.rb:30:in `process'
  actionpack (4.2.6) lib/action_controller/metal.rb:196:in `dispatch'
  actionpack (4.2.6) lib/action_controller/metal/rack_delegation.rb:13:in `dispatch'
  actionpack (4.2.6) lib/action_controller/metal.rb:237:in `block in action'
  actionpack (4.2.6) lib/action_dispatch/routing/route_set.rb:74:in `dispatch'
  actionpack (4.2.6) lib/action_dispatch/routing/route_set.rb:43:in `serve'
  actionpack (4.2.6) lib/action_dispatch/journey/router.rb:43:in `block in serve'
  actionpack (4.2.6) lib/action_dispatch/journey/router.rb:30:in `each'
  actionpack (4.2.6) lib/action_dispatch/journey/router.rb:30:in `serve'
  actionpack (4.2.6) lib/action_dispatch/routing/route_set.rb:817:in `call'
  rack (1.6.5) lib/rack/etag.rb:24:in `call'
  rack (1.6.5) lib/rack/conditionalget.rb:38:in `call'
  rack (1.6.5) lib/rack/head.rb:13:in `call'
  actionpack (4.2.6) lib/action_dispatch/middleware/params_parser.rb:27:in `call'
  actionpack (4.2.6) lib/action_dispatch/middleware/flash.rb:260:in `call'
  rack (1.6.5) lib/rack/session/abstract/id.rb:225:in `context'
  rack (1.6.5) lib/rack/session/abstract/id.rb:220:in `call'
  actionpack (4.2.6) lib/action_dispatch/middleware/cookies.rb:560:in `call'
  activerecord (4.2.6) lib/active_record/query_cache.rb:36:in `call'
  activerecord (4.2.6) lib/active_record/connection_adapters/abstract/connection_pool.rb:653:in `call'
  activerecord (4.2.6) lib/active_record/migration.rb:377:in `call'
  actionpack (4.2.6) lib/action_dispatch/middleware/callbacks.rb:29:in `block in call'
  activesupport (4.2.6) lib/active_support/callbacks.rb:88:in `__run_callbacks__'
  activesupport (4.2.6) lib/active_support/callbacks.rb:778:in `_run_call_callbacks'
  activesupport (4.2.6) lib/active_support/callbacks.rb:81:in `run_callbacks'
  actionpack (4.2.6) lib/action_dispatch/middleware/callbacks.rb:27:in `call'
  actionpack (4.2.6) lib/action_dispatch/middleware/reloader.rb:73:in `call'
  actionpack (4.2.6) lib/action_dispatch/middleware/remote_ip.rb:78:in `call'
  actionpack (4.2.6) lib/action_dispatch/middleware/debug_exceptions.rb:17:in `call'
  web-console (2.3.0) lib/web_console/middleware.rb:28:in `block in call'
  web-console (2.3.0) lib/web_console/middleware.rb:18:in `catch'
  web-console (2.3.0) lib/web_console/middleware.rb:18:in `call'
  actionpack (4.2.6) lib/action_dispatch/middleware/show_exceptions.rb:30:in `call'
  railties (4.2.6) lib/rails/rack/logger.rb:38:in `call_app'
  railties (4.2.6) lib/rails/rack/logger.rb:20:in `block in call'
  activesupport (4.2.6) lib/active_support/tagged_logging.rb:68:in `block in tagged'
  activesupport (4.2.6) lib/active_support/tagged_logging.rb:26:in `tagged'
  activesupport (4.2.6) lib/active_support/tagged_logging.rb:68:in `tagged'
  railties (4.2.6) lib/rails/rack/logger.rb:20:in `call'
  actionpack (4.2.6) lib/action_dispatch/middleware/request_id.rb:21:in `call'
  rack (1.6.5) lib/rack/methodoverride.rb:22:in `call'
  rack (1.6.5) lib/rack/runtime.rb:18:in `call'
  activesupport (4.2.6) lib/active_support/cache/strategy/local_cache_middleware.rb:28:in `call'
  rack (1.6.5) lib/rack/lock.rb:17:in `call'
  actionpack (4.2.6) lib/action_dispatch/middleware/static.rb:120:in `call'
  rack (1.6.5) lib/rack/sendfile.rb:113:in `call'
  railties (4.2.6) lib/rails/engine.rb:518:in `call'
  railties (4.2.6) lib/rails/application.rb:165:in `call'
  rack (1.6.5) lib/rack/lock.rb:17:in `call'
  rack (1.6.5) lib/rack/content_length.rb:15:in `call'
  rack (1.6.5) lib/rack/handler/webrick.rb:88:in `service'
  /home/kovo/.rbenv/versions/2.3.1/lib/ruby/2.3.0/webrick/httpserver.rb:140:in `service'
  /home/kovo/.rbenv/versions/2.3.1/lib/ruby/2.3.0/webrick/httpserver.rb:96:in `run'
  /home/kovo/.rbenv/versions/2.3.1/lib/ruby/2.3.0/webrick/server.rb:296:in `block in start_thread'


  Rendered /home/kovo/.rbenv/versions/2.3.1/lib/ruby/gems/2.3.0/gems/actionpack-4.2.6/lib/action_dispatch/middleware/templates/rescues/_source.erb (54.0ms)
  Rendered /home/kovo/.rbenv/versions/2.3.1/lib/ruby/gems/2.3.0/gems/actionpack-4.2.6/lib/action_dispatch/middleware/templates/rescues/_trace.html.erb (22.9ms)
  Rendered /home/kovo/.rbenv/versions/2.3.1/lib/ruby/gems/2.3.0/gems/actionpack-4.2.6/lib/action_dispatch/middleware/templates/rescues/_request_and_response.html.erb (15.1ms)
  Rendered /home/kovo/.rbenv/versions/2.3.1/lib/ruby/gems/2.3.0/gems/actionpack-4.2.6/lib/action_dispatch/middleware/templates/rescues/missing_template.html.erb within rescues/layout (172.4ms)
  Rendered /home/kovo/.rbenv/versions/2.3.1/lib/ruby/gems/2.3.0/gems/web-console-2.3.0/lib/web_console/templates/_markup.html.erb (27.3ms)
  Rendered /home/kovo/.rbenv/versions/2.3.1/lib/ruby/gems/2.3.0/gems/web-console-2.3.0/lib/web_console/templates/_inner_console_markup.html.erb within layouts/inlined_string (1.1ms)
  Rendered /home/kovo/.rbenv/versions/2.3.1/lib/ruby/gems/2.3.0/gems/web-console-2.3.0/lib/web_console/templates/_prompt_box_markup.html.erb within layouts/inlined_string (1.1ms)
  Rendered /home/kovo/.rbenv/versions/2.3.1/lib/ruby/gems/2.3.0/gems/web-console-2.3.0/lib/web_console/templates/style.css.erb within layouts/inlined_string (1.1ms)
  Rendered /home/kovo/.rbenv/versions/2.3.1/lib/ruby/gems/2.3.0/gems/web-console-2.3.0/lib/web_console/templates/console.js.erb within layouts/javascript (133.3ms)
  Rendered /home/kovo/.rbenv/versions/2.3.1/lib/ruby/gems/2.3.0/gems/web-console-2.3.0/lib/web_console/templates/main.js.erb within layouts/javascript (1.0ms)
  Rendered /home/kovo/.rbenv/versions/2.3.1/lib/ruby/gems/2.3.0/gems/web-console-2.3.0/lib/web_console/templates/error_page.js.erb within layouts/javascript (1.2ms)
  Rendered /home/kovo/.rbenv/versions/2.3.1/lib/ruby/gems/2.3.0/gems/web-console-2.3.0/lib/web_console/templates/index.html.erb (312.5ms)
  [1m[36mPostTag Load (0.5ms)[0m  [1mSELECT "post_tags".* FROM "post_tags"[0m
  [1m[35mPost Load (0.6ms)[0m  SELECT "posts".* FROM "posts"
  [1m[36mPost Load (0.5ms)[0m  [1mSELECT  "posts".* FROM "posts"  ORDER BY "posts"."id" DESC LIMIT 1[0m
  [1m[35m (0.2ms)[0m  begin transaction
  [1m[36mSQL (0.6ms)[0m  [1mDELETE FROM "posts" WHERE "posts"."id" = ?[0m  [["id", 14]]
  [1m[35m (10.2ms)[0m  commit transaction
  [1m[36mPost Load (0.6ms)[0m  [1mSELECT "posts".* FROM "posts"[0m
  [1m[35mPostTag Load (0.5ms)[0m  SELECT "post_tags".* FROM "post_tags"


Started GET "/post" for 127.0.0.1 at 2017-03-21 00:36:35 +0100
Processing by PostsController#index as HTML
  [1m[35mPost Load (14.1ms)[0m  SELECT "posts".* FROM "posts"
  Rendered posts/index.html.erb within layouts/application (153.3ms)
  Rendered layouts/_main_menu.html.erb (1.2ms)
Completed 200 OK in 373ms (Views: 347.5ms | ActiveRecord: 19.6ms)


Started GET "/assets/blogs.self-e3b0c44298fc1c149afbf4c8996fb92427ae41e4649b934ca495991b7852b855.css?body=1" for 127.0.0.1 at 2017-03-21 00:36:36 +0100


Started GET "/assets/homepage.self-e3b0c44298fc1c149afbf4c8996fb92427ae41e4649b934ca495991b7852b855.css?body=1" for 127.0.0.1 at 2017-03-21 00:36:36 +0100


Started GET "/assets/posts.self-e3b0c44298fc1c149afbf4c8996fb92427ae41e4649b934ca495991b7852b855.css?body=1" for 127.0.0.1 at 2017-03-21 00:36:36 +0100


Started GET "/assets/application.self-e80e8f2318043e8af94dddc2adad5a4f09739a8ebb323b3ab31cd71d45fd9113.css?body=1" for 127.0.0.1 at 2017-03-21 00:36:36 +0100


Started GET "/assets/users.self-e3b0c44298fc1c149afbf4c8996fb92427ae41e4649b934ca495991b7852b855.css?body=1" for 127.0.0.1 at 2017-03-21 00:36:36 +0100


Started GET "/assets/jquery.self-bd7ddd393353a8d2480a622e80342adf488fb6006d667e8b42e4c0073393abee.js?body=1" for 127.0.0.1 at 2017-03-21 00:36:36 +0100


Started GET "/assets/jquery_ujs.self-784a997f6726036b1993eb2217c9cb558e1cbb801c6da88105588c56f13b466a.js?body=1" for 127.0.0.1 at 2017-03-21 00:36:36 +0100


Started GET "/assets/turbolinks.self-c5acd7a204f5f25ce7a1d8a0e4d92e28d34c9e2df2c7371cd7af88e147e4ad82.js?body=1" for 127.0.0.1 at 2017-03-21 00:36:36 +0100


Started GET "/assets/blogs.self-877aef30ae1b040ab8a3aba4e3e309a11d7f2612f44dde450b5c157aa5f95c05.js?body=1" for 127.0.0.1 at 2017-03-21 00:36:36 +0100


Started GET "/assets/homepage.self-877aef30ae1b040ab8a3aba4e3e309a11d7f2612f44dde450b5c157aa5f95c05.js?body=1" for 127.0.0.1 at 2017-03-21 00:36:36 +0100


Started GET "/assets/posts.self-877aef30ae1b040ab8a3aba4e3e309a11d7f2612f44dde450b5c157aa5f95c05.js?body=1" for 127.0.0.1 at 2017-03-21 00:36:36 +0100


Started GET "/assets/users.self-877aef30ae1b040ab8a3aba4e3e309a11d7f2612f44dde450b5c157aa5f95c05.js?body=1" for 127.0.0.1 at 2017-03-21 00:36:36 +0100


Started GET "/assets/application.self-3b8dabdc891efe46b9a144b400ad69e37d7e5876bdc39dee783419a69d7ca819.js?body=1" for 127.0.0.1 at 2017-03-21 00:36:36 +0100


Started GET "/post" for 127.0.0.1 at 2017-03-21 00:37:19 +0100
Processing by PostsController#index as HTML
  [1m[36mPost Load (9.9ms)[0m  [1mSELECT "posts".* FROM "posts"[0m
  Rendered posts/index.html.erb within layouts/application (83.5ms)
  Rendered layouts/_main_menu.html.erb (1.1ms)
Completed 200 OK in 519ms (Views: 507.8ms | ActiveRecord: 9.9ms)


Started GET "/assets/blogs.self-e3b0c44298fc1c149afbf4c8996fb92427ae41e4649b934ca495991b7852b855.css?body=1" for 127.0.0.1 at 2017-03-21 00:37:19 +0100


Started GET "/assets/homepage.self-e3b0c44298fc1c149afbf4c8996fb92427ae41e4649b934ca495991b7852b855.css?body=1" for 127.0.0.1 at 2017-03-21 00:37:19 +0100


Started GET "/assets/posts.self-e3b0c44298fc1c149afbf4c8996fb92427ae41e4649b934ca495991b7852b855.css?body=1" for 127.0.0.1 at 2017-03-21 00:37:19 +0100


Started GET "/assets/application.self-e80e8f2318043e8af94dddc2adad5a4f09739a8ebb323b3ab31cd71d45fd9113.css?body=1" for 127.0.0.1 at 2017-03-21 00:37:19 +0100


Started GET "/assets/jquery.self-bd7ddd393353a8d2480a622e80342adf488fb6006d667e8b42e4c0073393abee.js?body=1" for 127.0.0.1 at 2017-03-21 00:37:19 +0100


Started GET "/assets/users.self-e3b0c44298fc1c149afbf4c8996fb92427ae41e4649b934ca495991b7852b855.css?body=1" for 127.0.0.1 at 2017-03-21 00:37:20 +0100


Started GET "/assets/jquery_ujs.self-784a997f6726036b1993eb2217c9cb558e1cbb801c6da88105588c56f13b466a.js?body=1" for 127.0.0.1 at 2017-03-21 00:37:20 +0100


Started GET "/assets/application.self-3b8dabdc891efe46b9a144b400ad69e37d7e5876bdc39dee783419a69d7ca819.js?body=1" for 127.0.0.1 at 2017-03-21 00:37:20 +0100


Started GET "/assets/turbolinks.self-c5acd7a204f5f25ce7a1d8a0e4d92e28d34c9e2df2c7371cd7af88e147e4ad82.js?body=1" for 127.0.0.1 at 2017-03-21 00:37:20 +0100


Started DELETE "/post/2/delete" for 127.0.0.1 at 2017-03-21 00:37:27 +0100
Processing by PostsController#delete as HTML
  Parameters: {"authenticity_token"=>"KBKQkfKCVM34I8Ap/iYPKkDupvOwUtL8RdLzYcnAMKeYsgfaDopdQZWqNwG8AbqaJxHqZtAy4BJliwYapCV6yw==", "id"=>"2"}
Completed 500 Internal Server Error in 26ms (ActiveRecord: 0.0ms)

ActionView::MissingTemplate (Missing template posts/delete, application/delete with {:locale=>[:en], :formats=>[:html], :variants=>[], :handlers=>[:erb, :builder, :raw, :ruby, :coffee, :jbuilder]}. Searched in:
  * "/home/kovo/:. WWW/kovoweb-3.0/mojWeb/app/views"
):
  actionview (4.2.6) lib/action_view/path_set.rb:46:in `find'
  actionview (4.2.6) lib/action_view/lookup_context.rb:121:in `find'
  actionview (4.2.6) lib/action_view/renderer/abstract_renderer.rb:18:in `find_template'
  actionview (4.2.6) lib/action_view/renderer/template_renderer.rb:40:in `determine_template'
  actionview (4.2.6) lib/action_view/renderer/template_renderer.rb:8:in `render'
  actionview (4.2.6) lib/action_view/renderer/renderer.rb:46:in `render_template'
  actionview (4.2.6) lib/action_view/renderer/renderer.rb:27:in `render'
  actionview (4.2.6) lib/action_view/rendering.rb:100:in `_render_template'
  actionpack (4.2.6) lib/action_controller/metal/streaming.rb:217:in `_render_template'
  actionview (4.2.6) lib/action_view/rendering.rb:83:in `render_to_body'
  actionpack (4.2.6) lib/action_controller/metal/rendering.rb:32:in `render_to_body'
  actionpack (4.2.6) lib/action_controller/metal/renderers.rb:37:in `render_to_body'
  actionpack (4.2.6) lib/abstract_controller/rendering.rb:25:in `render'
  actionpack (4.2.6) lib/action_controller/metal/rendering.rb:16:in `render'
  actionpack (4.2.6) lib/action_controller/metal/instrumentation.rb:44:in `block (2 levels) in render'
  activesupport (4.2.6) lib/active_support/core_ext/benchmark.rb:12:in `block in ms'
  /home/kovo/.rbenv/versions/2.3.1/lib/ruby/2.3.0/benchmark.rb:308:in `realtime'
  activesupport (4.2.6) lib/active_support/core_ext/benchmark.rb:12:in `ms'
  actionpack (4.2.6) lib/action_controller/metal/instrumentation.rb:44:in `block in render'
  actionpack (4.2.6) lib/action_controller/metal/instrumentation.rb:87:in `cleanup_view_runtime'
  activerecord (4.2.6) lib/active_record/railties/controller_runtime.rb:25:in `cleanup_view_runtime'
  actionpack (4.2.6) lib/action_controller/metal/instrumentation.rb:43:in `render'
  actionpack (4.2.6) lib/action_controller/metal/implicit_render.rb:10:in `default_render'
  actionpack (4.2.6) lib/action_controller/metal/implicit_render.rb:5:in `send_action'
  actionpack (4.2.6) lib/abstract_controller/base.rb:198:in `process_action'
  actionpack (4.2.6) lib/action_controller/metal/rendering.rb:10:in `process_action'
  actionpack (4.2.6) lib/abstract_controller/callbacks.rb:20:in `block in process_action'
  activesupport (4.2.6) lib/active_support/callbacks.rb:117:in `call'
  activesupport (4.2.6) lib/active_support/callbacks.rb:555:in `block (2 levels) in compile'
  activesupport (4.2.6) lib/active_support/callbacks.rb:505:in `call'
  activesupport (4.2.6) lib/active_support/callbacks.rb:92:in `__run_callbacks__'
  activesupport (4.2.6) lib/active_support/callbacks.rb:778:in `_run_process_action_callbacks'
  activesupport (4.2.6) lib/active_support/callbacks.rb:81:in `run_callbacks'
  actionpack (4.2.6) lib/abstract_controller/callbacks.rb:19:in `process_action'
  actionpack (4.2.6) lib/action_controller/metal/rescue.rb:29:in `process_action'
  actionpack (4.2.6) lib/action_controller/metal/instrumentation.rb:32:in `block in process_action'
  activesupport (4.2.6) lib/active_support/notifications.rb:164:in `block in instrument'
  activesupport (4.2.6) lib/active_support/notifications/instrumenter.rb:20:in `instrument'
  activesupport (4.2.6) lib/active_support/notifications.rb:164:in `instrument'
  actionpack (4.2.6) lib/action_controller/metal/instrumentation.rb:30:in `process_action'
  actionpack (4.2.6) lib/action_controller/metal/params_wrapper.rb:250:in `process_action'
  activerecord (4.2.6) lib/active_record/railties/controller_runtime.rb:18:in `process_action'
  actionpack (4.2.6) lib/abstract_controller/base.rb:137:in `process'
  actionview (4.2.6) lib/action_view/rendering.rb:30:in `process'
  actionpack (4.2.6) lib/action_controller/metal.rb:196:in `dispatch'
  actionpack (4.2.6) lib/action_controller/metal/rack_delegation.rb:13:in `dispatch'
  actionpack (4.2.6) lib/action_controller/metal.rb:237:in `block in action'
  actionpack (4.2.6) lib/action_dispatch/routing/route_set.rb:74:in `dispatch'
  actionpack (4.2.6) lib/action_dispatch/routing/route_set.rb:43:in `serve'
  actionpack (4.2.6) lib/action_dispatch/journey/router.rb:43:in `block in serve'
  actionpack (4.2.6) lib/action_dispatch/journey/router.rb:30:in `each'
  actionpack (4.2.6) lib/action_dispatch/journey/router.rb:30:in `serve'
  actionpack (4.2.6) lib/action_dispatch/routing/route_set.rb:817:in `call'
  rack (1.6.5) lib/rack/etag.rb:24:in `call'
  rack (1.6.5) lib/rack/conditionalget.rb:38:in `call'
  rack (1.6.5) lib/rack/head.rb:13:in `call'
  actionpack (4.2.6) lib/action_dispatch/middleware/params_parser.rb:27:in `call'
  actionpack (4.2.6) lib/action_dispatch/middleware/flash.rb:260:in `call'
  rack (1.6.5) lib/rack/session/abstract/id.rb:225:in `context'
  rack (1.6.5) lib/rack/session/abstract/id.rb:220:in `call'
  actionpack (4.2.6) lib/action_dispatch/middleware/cookies.rb:560:in `call'
  activerecord (4.2.6) lib/active_record/query_cache.rb:36:in `call'
  activerecord (4.2.6) lib/active_record/connection_adapters/abstract/connection_pool.rb:653:in `call'
  activerecord (4.2.6) lib/active_record/migration.rb:377:in `call'
  actionpack (4.2.6) lib/action_dispatch/middleware/callbacks.rb:29:in `block in call'
  activesupport (4.2.6) lib/active_support/callbacks.rb:88:in `__run_callbacks__'
  activesupport (4.2.6) lib/active_support/callbacks.rb:778:in `_run_call_callbacks'
  activesupport (4.2.6) lib/active_support/callbacks.rb:81:in `run_callbacks'
  actionpack (4.2.6) lib/action_dispatch/middleware/callbacks.rb:27:in `call'
  actionpack (4.2.6) lib/action_dispatch/middleware/reloader.rb:73:in `call'
  actionpack (4.2.6) lib/action_dispatch/middleware/remote_ip.rb:78:in `call'
  actionpack (4.2.6) lib/action_dispatch/middleware/debug_exceptions.rb:17:in `call'
  web-console (2.3.0) lib/web_console/middleware.rb:28:in `block in call'
  web-console (2.3.0) lib/web_console/middleware.rb:18:in `catch'
  web-console (2.3.0) lib/web_console/middleware.rb:18:in `call'
  actionpack (4.2.6) lib/action_dispatch/middleware/show_exceptions.rb:30:in `call'
  railties (4.2.6) lib/rails/rack/logger.rb:38:in `call_app'
  railties (4.2.6) lib/rails/rack/logger.rb:20:in `block in call'
  activesupport (4.2.6) lib/active_support/tagged_logging.rb:68:in `block in tagged'
  activesupport (4.2.6) lib/active_support/tagged_logging.rb:26:in `tagged'
  activesupport (4.2.6) lib/active_support/tagged_logging.rb:68:in `tagged'
  railties (4.2.6) lib/rails/rack/logger.rb:20:in `call'
  actionpack (4.2.6) lib/action_dispatch/middleware/request_id.rb:21:in `call'
  rack (1.6.5) lib/rack/methodoverride.rb:22:in `call'
  rack (1.6.5) lib/rack/runtime.rb:18:in `call'
  activesupport (4.2.6) lib/active_support/cache/strategy/local_cache_middleware.rb:28:in `call'
  rack (1.6.5) lib/rack/lock.rb:17:in `call'
  actionpack (4.2.6) lib/action_dispatch/middleware/static.rb:120:in `call'
  rack (1.6.5) lib/rack/sendfile.rb:113:in `call'
  railties (4.2.6) lib/rails/engine.rb:518:in `call'
  railties (4.2.6) lib/rails/application.rb:165:in `call'
  rack (1.6.5) lib/rack/lock.rb:17:in `call'
  rack (1.6.5) lib/rack/content_length.rb:15:in `call'
  rack (1.6.5) lib/rack/handler/webrick.rb:88:in `service'
  /home/kovo/.rbenv/versions/2.3.1/lib/ruby/2.3.0/webrick/httpserver.rb:140:in `service'
  /home/kovo/.rbenv/versions/2.3.1/lib/ruby/2.3.0/webrick/httpserver.rb:96:in `run'
  /home/kovo/.rbenv/versions/2.3.1/lib/ruby/2.3.0/webrick/server.rb:296:in `block in start_thread'


  Rendered /home/kovo/.rbenv/versions/2.3.1/lib/ruby/gems/2.3.0/gems/actionpack-4.2.6/lib/action_dispatch/middleware/templates/rescues/_source.erb (55.8ms)
  Rendered /home/kovo/.rbenv/versions/2.3.1/lib/ruby/gems/2.3.0/gems/actionpack-4.2.6/lib/action_dispatch/middleware/templates/rescues/_trace.html.erb (31.3ms)
  Rendered /home/kovo/.rbenv/versions/2.3.1/lib/ruby/gems/2.3.0/gems/actionpack-4.2.6/lib/action_dispatch/middleware/templates/rescues/_request_and_response.html.erb (5.5ms)
  Rendered /home/kovo/.rbenv/versions/2.3.1/lib/ruby/gems/2.3.0/gems/actionpack-4.2.6/lib/action_dispatch/middleware/templates/rescues/missing_template.html.erb within rescues/layout (202.5ms)
  Rendered /home/kovo/.rbenv/versions/2.3.1/lib/ruby/gems/2.3.0/gems/web-console-2.3.0/lib/web_console/templates/_markup.html.erb (1.4ms)
  Rendered /home/kovo/.rbenv/versions/2.3.1/lib/ruby/gems/2.3.0/gems/web-console-2.3.0/lib/web_console/templates/_inner_console_markup.html.erb within layouts/inlined_string (13.3ms)
  Rendered /home/kovo/.rbenv/versions/2.3.1/lib/ruby/gems/2.3.0/gems/web-console-2.3.0/lib/web_console/templates/_prompt_box_markup.html.erb within layouts/inlined_string (1.2ms)
  Rendered /home/kovo/.rbenv/versions/2.3.1/lib/ruby/gems/2.3.0/gems/web-console-2.3.0/lib/web_console/templates/style.css.erb within layouts/inlined_string (1.2ms)
  Rendered /home/kovo/.rbenv/versions/2.3.1/lib/ruby/gems/2.3.0/gems/web-console-2.3.0/lib/web_console/templates/console.js.erb within layouts/javascript (72.6ms)
  Rendered /home/kovo/.rbenv/versions/2.3.1/lib/ruby/gems/2.3.0/gems/web-console-2.3.0/lib/web_console/templates/main.js.erb within layouts/javascript (4.6ms)
  Rendered /home/kovo/.rbenv/versions/2.3.1/lib/ruby/gems/2.3.0/gems/web-console-2.3.0/lib/web_console/templates/error_page.js.erb within layouts/javascript (1.2ms)
  Rendered /home/kovo/.rbenv/versions/2.3.1/lib/ruby/gems/2.3.0/gems/web-console-2.3.0/lib/web_console/templates/index.html.erb (154.6ms)


Started DELETE "/post/13/delete" for 127.0.0.1 at 2017-03-21 00:38:03 +0100
Processing by PostsController#delete as HTML
  Parameters: {"authenticity_token"=>"KBKQkfKCVM34I8Ap/iYPKkDupvOwUtL8RdLzYcnAMKeYsgfaDopdQZWqNwG8AbqaJxHqZtAy4BJliwYapCV6yw==", "id"=>"13"}
Completed 500 Internal Server Error in 5ms (ActiveRecord: 0.0ms)

ActionView::MissingTemplate (Missing template posts/delete, application/delete with {:locale=>[:en], :formats=>[:html], :variants=>[], :handlers=>[:erb, :builder, :raw, :ruby, :coffee, :jbuilder]}. Searched in:
  * "/home/kovo/:. WWW/kovoweb-3.0/mojWeb/app/views"
):
  actionview (4.2.6) lib/action_view/path_set.rb:46:in `find'
  actionview (4.2.6) lib/action_view/lookup_context.rb:121:in `find'
  actionview (4.2.6) lib/action_view/renderer/abstract_renderer.rb:18:in `find_template'
  actionview (4.2.6) lib/action_view/renderer/template_renderer.rb:40:in `determine_template'
  actionview (4.2.6) lib/action_view/renderer/template_renderer.rb:8:in `render'
  actionview (4.2.6) lib/action_view/renderer/renderer.rb:46:in `render_template'
  actionview (4.2.6) lib/action_view/renderer/renderer.rb:27:in `render'
  actionview (4.2.6) lib/action_view/rendering.rb:100:in `_render_template'
  actionpack (4.2.6) lib/action_controller/metal/streaming.rb:217:in `_render_template'
  actionview (4.2.6) lib/action_view/rendering.rb:83:in `render_to_body'
  actionpack (4.2.6) lib/action_controller/metal/rendering.rb:32:in `render_to_body'
  actionpack (4.2.6) lib/action_controller/metal/renderers.rb:37:in `render_to_body'
  actionpack (4.2.6) lib/abstract_controller/rendering.rb:25:in `render'
  actionpack (4.2.6) lib/action_controller/metal/rendering.rb:16:in `render'
  actionpack (4.2.6) lib/action_controller/metal/instrumentation.rb:44:in `block (2 levels) in render'
  activesupport (4.2.6) lib/active_support/core_ext/benchmark.rb:12:in `block in ms'
  /home/kovo/.rbenv/versions/2.3.1/lib/ruby/2.3.0/benchmark.rb:308:in `realtime'
  activesupport (4.2.6) lib/active_support/core_ext/benchmark.rb:12:in `ms'
  actionpack (4.2.6) lib/action_controller/metal/instrumentation.rb:44:in `block in render'
  actionpack (4.2.6) lib/action_controller/metal/instrumentation.rb:87:in `cleanup_view_runtime'
  activerecord (4.2.6) lib/active_record/railties/controller_runtime.rb:25:in `cleanup_view_runtime'
  actionpack (4.2.6) lib/action_controller/metal/instrumentation.rb:43:in `render'
  actionpack (4.2.6) lib/action_controller/metal/implicit_render.rb:10:in `default_render'
  actionpack (4.2.6) lib/action_controller/metal/implicit_render.rb:5:in `send_action'
  actionpack (4.2.6) lib/abstract_controller/base.rb:198:in `process_action'
  actionpack (4.2.6) lib/action_controller/metal/rendering.rb:10:in `process_action'
  actionpack (4.2.6) lib/abstract_controller/callbacks.rb:20:in `block in process_action'
  activesupport (4.2.6) lib/active_support/callbacks.rb:117:in `call'
  activesupport (4.2.6) lib/active_support/callbacks.rb:555:in `block (2 levels) in compile'
  activesupport (4.2.6) lib/active_support/callbacks.rb:505:in `call'
  activesupport (4.2.6) lib/active_support/callbacks.rb:92:in `__run_callbacks__'
  activesupport (4.2.6) lib/active_support/callbacks.rb:778:in `_run_process_action_callbacks'
  activesupport (4.2.6) lib/active_support/callbacks.rb:81:in `run_callbacks'
  actionpack (4.2.6) lib/abstract_controller/callbacks.rb:19:in `process_action'
  actionpack (4.2.6) lib/action_controller/metal/rescue.rb:29:in `process_action'
  actionpack (4.2.6) lib/action_controller/metal/instrumentation.rb:32:in `block in process_action'
  activesupport (4.2.6) lib/active_support/notifications.rb:164:in `block in instrument'
  activesupport (4.2.6) lib/active_support/notifications/instrumenter.rb:20:in `instrument'
  activesupport (4.2.6) lib/active_support/notifications.rb:164:in `instrument'
  actionpack (4.2.6) lib/action_controller/metal/instrumentation.rb:30:in `process_action'
  actionpack (4.2.6) lib/action_controller/metal/params_wrapper.rb:250:in `process_action'
  activerecord (4.2.6) lib/active_record/railties/controller_runtime.rb:18:in `process_action'
  actionpack (4.2.6) lib/abstract_controller/base.rb:137:in `process'
  actionview (4.2.6) lib/action_view/rendering.rb:30:in `process'
  actionpack (4.2.6) lib/action_controller/metal.rb:196:in `dispatch'
  actionpack (4.2.6) lib/action_controller/metal/rack_delegation.rb:13:in `dispatch'
  actionpack (4.2.6) lib/action_controller/metal.rb:237:in `block in action'
  actionpack (4.2.6) lib/action_dispatch/routing/route_set.rb:74:in `dispatch'
  actionpack (4.2.6) lib/action_dispatch/routing/route_set.rb:43:in `serve'
  actionpack (4.2.6) lib/action_dispatch/journey/router.rb:43:in `block in serve'
  actionpack (4.2.6) lib/action_dispatch/journey/router.rb:30:in `each'
  actionpack (4.2.6) lib/action_dispatch/journey/router.rb:30:in `serve'
  actionpack (4.2.6) lib/action_dispatch/routing/route_set.rb:817:in `call'
  rack (1.6.5) lib/rack/etag.rb:24:in `call'
  rack (1.6.5) lib/rack/conditionalget.rb:38:in `call'
  rack (1.6.5) lib/rack/head.rb:13:in `call'
  actionpack (4.2.6) lib/action_dispatch/middleware/params_parser.rb:27:in `call'
  actionpack (4.2.6) lib/action_dispatch/middleware/flash.rb:260:in `call'
  rack (1.6.5) lib/rack/session/abstract/id.rb:225:in `context'
  rack (1.6.5) lib/rack/session/abstract/id.rb:220:in `call'
  actionpack (4.2.6) lib/action_dispatch/middleware/cookies.rb:560:in `call'
  activerecord (4.2.6) lib/active_record/query_cache.rb:36:in `call'
  activerecord (4.2.6) lib/active_record/connection_adapters/abstract/connection_pool.rb:653:in `call'
  activerecord (4.2.6) lib/active_record/migration.rb:377:in `call'
  actionpack (4.2.6) lib/action_dispatch/middleware/callbacks.rb:29:in `block in call'
  activesupport (4.2.6) lib/active_support/callbacks.rb:88:in `__run_callbacks__'
  activesupport (4.2.6) lib/active_support/callbacks.rb:778:in `_run_call_callbacks'
  activesupport (4.2.6) lib/active_support/callbacks.rb:81:in `run_callbacks'
  actionpack (4.2.6) lib/action_dispatch/middleware/callbacks.rb:27:in `call'
  actionpack (4.2.6) lib/action_dispatch/middleware/reloader.rb:73:in `call'
  actionpack (4.2.6) lib/action_dispatch/middleware/remote_ip.rb:78:in `call'
  actionpack (4.2.6) lib/action_dispatch/middleware/debug_exceptions.rb:17:in `call'
  web-console (2.3.0) lib/web_console/middleware.rb:28:in `block in call'
  web-console (2.3.0) lib/web_console/middleware.rb:18:in `catch'
  web-console (2.3.0) lib/web_console/middleware.rb:18:in `call'
  actionpack (4.2.6) lib/action_dispatch/middleware/show_exceptions.rb:30:in `call'
  railties (4.2.6) lib/rails/rack/logger.rb:38:in `call_app'
  railties (4.2.6) lib/rails/rack/logger.rb:20:in `block in call'
  activesupport (4.2.6) lib/active_support/tagged_logging.rb:68:in `block in tagged'
  activesupport (4.2.6) lib/active_support/tagged_logging.rb:26:in `tagged'
  activesupport (4.2.6) lib/active_support/tagged_logging.rb:68:in `tagged'
  railties (4.2.6) lib/rails/rack/logger.rb:20:in `call'
  actionpack (4.2.6) lib/action_dispatch/middleware/request_id.rb:21:in `call'
  rack (1.6.5) lib/rack/methodoverride.rb:22:in `call'
  rack (1.6.5) lib/rack/runtime.rb:18:in `call'
  activesupport (4.2.6) lib/active_support/cache/strategy/local_cache_middleware.rb:28:in `call'
  rack (1.6.5) lib/rack/lock.rb:17:in `call'
  actionpack (4.2.6) lib/action_dispatch/middleware/static.rb:120:in `call'
  rack (1.6.5) lib/rack/sendfile.rb:113:in `call'
  railties (4.2.6) lib/rails/engine.rb:518:in `call'
  railties (4.2.6) lib/rails/application.rb:165:in `call'
  rack (1.6.5) lib/rack/lock.rb:17:in `call'
  rack (1.6.5) lib/rack/content_length.rb:15:in `call'
  rack (1.6.5) lib/rack/handler/webrick.rb:88:in `service'
  /home/kovo/.rbenv/versions/2.3.1/lib/ruby/2.3.0/webrick/httpserver.rb:140:in `service'
  /home/kovo/.rbenv/versions/2.3.1/lib/ruby/2.3.0/webrick/httpserver.rb:96:in `run'
  /home/kovo/.rbenv/versions/2.3.1/lib/ruby/2.3.0/webrick/server.rb:296:in `block in start_thread'


  Rendered /home/kovo/.rbenv/versions/2.3.1/lib/ruby/gems/2.3.0/gems/actionpack-4.2.6/lib/action_dispatch/middleware/templates/rescues/_source.erb (42.8ms)
  Rendered /home/kovo/.rbenv/versions/2.3.1/lib/ruby/gems/2.3.0/gems/actionpack-4.2.6/lib/action_dispatch/middleware/templates/rescues/_trace.html.erb (26.3ms)
  Rendered /home/kovo/.rbenv/versions/2.3.1/lib/ruby/gems/2.3.0/gems/actionpack-4.2.6/lib/action_dispatch/middleware/templates/rescues/_request_and_response.html.erb (3.0ms)
  Rendered /home/kovo/.rbenv/versions/2.3.1/lib/ruby/gems/2.3.0/gems/actionpack-4.2.6/lib/action_dispatch/middleware/templates/rescues/missing_template.html.erb within rescues/layout (135.0ms)
  Rendered /home/kovo/.rbenv/versions/2.3.1/lib/ruby/gems/2.3.0/gems/web-console-2.3.0/lib/web_console/templates/_markup.html.erb (1.3ms)
  Rendered /home/kovo/.rbenv/versions/2.3.1/lib/ruby/gems/2.3.0/gems/web-console-2.3.0/lib/web_console/templates/_inner_console_markup.html.erb within layouts/inlined_string (1.2ms)
  Rendered /home/kovo/.rbenv/versions/2.3.1/lib/ruby/gems/2.3.0/gems/web-console-2.3.0/lib/web_console/templates/_prompt_box_markup.html.erb within layouts/inlined_string (1.1ms)
  Rendered /home/kovo/.rbenv/versions/2.3.1/lib/ruby/gems/2.3.0/gems/web-console-2.3.0/lib/web_console/templates/style.css.erb within layouts/inlined_string (1.2ms)
  Rendered /home/kovo/.rbenv/versions/2.3.1/lib/ruby/gems/2.3.0/gems/web-console-2.3.0/lib/web_console/templates/console.js.erb within layouts/javascript (74.5ms)
  Rendered /home/kovo/.rbenv/versions/2.3.1/lib/ruby/gems/2.3.0/gems/web-console-2.3.0/lib/web_console/templates/main.js.erb within layouts/javascript (1.1ms)
  Rendered /home/kovo/.rbenv/versions/2.3.1/lib/ruby/gems/2.3.0/gems/web-console-2.3.0/lib/web_console/templates/error_page.js.erb within layouts/javascript (1.4ms)
  Rendered /home/kovo/.rbenv/versions/2.3.1/lib/ruby/gems/2.3.0/gems/web-console-2.3.0/lib/web_console/templates/index.html.erb (146.8ms)


Started DELETE "/post/13/delete" for 127.0.0.1 at 2017-03-21 00:43:05 +0100
  [1m[36mActiveRecord::SchemaMigration Load (0.5ms)[0m  [1mSELECT "schema_migrations".* FROM "schema_migrations"[0m
Processing by PostsController#delete as HTML
  Parameters: {"authenticity_token"=>"KBKQkfKCVM34I8Ap/iYPKkDupvOwUtL8RdLzYcnAMKeYsgfaDopdQZWqNwG8AbqaJxHqZtAy4BJliwYapCV6yw==", "id"=>"13"}
Completed 500 Internal Server Error in 138ms (ActiveRecord: 0.0ms)

ActionView::MissingTemplate (Missing template posts/delete, application/delete with {:locale=>[:en], :formats=>[:html], :variants=>[], :handlers=>[:erb, :builder, :raw, :ruby, :coffee, :jbuilder]}. Searched in:
  * "/home/kovo/:. WWW/kovoweb-3.0/mojWeb/app/views"
):
  actionview (4.2.6) lib/action_view/path_set.rb:46:in `find'
  actionview (4.2.6) lib/action_view/lookup_context.rb:121:in `find'
  actionview (4.2.6) lib/action_view/renderer/abstract_renderer.rb:18:in `find_template'
  actionview (4.2.6) lib/action_view/renderer/template_renderer.rb:40:in `determine_template'
  actionview (4.2.6) lib/action_view/renderer/template_renderer.rb:8:in `render'
  actionview (4.2.6) lib/action_view/renderer/renderer.rb:46:in `render_template'
  actionview (4.2.6) lib/action_view/renderer/renderer.rb:27:in `render'
  actionview (4.2.6) lib/action_view/rendering.rb:100:in `_render_template'
  actionpack (4.2.6) lib/action_controller/metal/streaming.rb:217:in `_render_template'
  actionview (4.2.6) lib/action_view/rendering.rb:83:in `render_to_body'
  actionpack (4.2.6) lib/action_controller/metal/rendering.rb:32:in `render_to_body'
  actionpack (4.2.6) lib/action_controller/metal/renderers.rb:37:in `render_to_body'
  actionpack (4.2.6) lib/abstract_controller/rendering.rb:25:in `render'
  actionpack (4.2.6) lib/action_controller/metal/rendering.rb:16:in `render'
  actionpack (4.2.6) lib/action_controller/metal/instrumentation.rb:44:in `block (2 levels) in render'
  activesupport (4.2.6) lib/active_support/core_ext/benchmark.rb:12:in `block in ms'
  /home/kovo/.rbenv/versions/2.3.1/lib/ruby/2.3.0/benchmark.rb:308:in `realtime'
  activesupport (4.2.6) lib/active_support/core_ext/benchmark.rb:12:in `ms'
  actionpack (4.2.6) lib/action_controller/metal/instrumentation.rb:44:in `block in render'
  actionpack (4.2.6) lib/action_controller/metal/instrumentation.rb:87:in `cleanup_view_runtime'
  activerecord (4.2.6) lib/active_record/railties/controller_runtime.rb:25:in `cleanup_view_runtime'
  actionpack (4.2.6) lib/action_controller/metal/instrumentation.rb:43:in `render'
  actionpack (4.2.6) lib/action_controller/metal/implicit_render.rb:10:in `default_render'
  actionpack (4.2.6) lib/action_controller/metal/implicit_render.rb:5:in `send_action'
  actionpack (4.2.6) lib/abstract_controller/base.rb:198:in `process_action'
  actionpack (4.2.6) lib/action_controller/metal/rendering.rb:10:in `process_action'
  actionpack (4.2.6) lib/abstract_controller/callbacks.rb:20:in `block in process_action'
  activesupport (4.2.6) lib/active_support/callbacks.rb:117:in `call'
  activesupport (4.2.6) lib/active_support/callbacks.rb:555:in `block (2 levels) in compile'
  activesupport (4.2.6) lib/active_support/callbacks.rb:505:in `call'
  activesupport (4.2.6) lib/active_support/callbacks.rb:92:in `__run_callbacks__'
  activesupport (4.2.6) lib/active_support/callbacks.rb:778:in `_run_process_action_callbacks'
  activesupport (4.2.6) lib/active_support/callbacks.rb:81:in `run_callbacks'
  actionpack (4.2.6) lib/abstract_controller/callbacks.rb:19:in `process_action'
  actionpack (4.2.6) lib/action_controller/metal/rescue.rb:29:in `process_action'
  actionpack (4.2.6) lib/action_controller/metal/instrumentation.rb:32:in `block in process_action'
  activesupport (4.2.6) lib/active_support/notifications.rb:164:in `block in instrument'
  activesupport (4.2.6) lib/active_support/notifications/instrumenter.rb:20:in `instrument'
  activesupport (4.2.6) lib/active_support/notifications.rb:164:in `instrument'
  actionpack (4.2.6) lib/action_controller/metal/instrumentation.rb:30:in `process_action'
  actionpack (4.2.6) lib/action_controller/metal/params_wrapper.rb:250:in `process_action'
  activerecord (4.2.6) lib/active_record/railties/controller_runtime.rb:18:in `process_action'
  actionpack (4.2.6) lib/abstract_controller/base.rb:137:in `process'
  actionview (4.2.6) lib/action_view/rendering.rb:30:in `process'
  actionpack (4.2.6) lib/action_controller/metal.rb:196:in `dispatch'
  actionpack (4.2.6) lib/action_controller/metal/rack_delegation.rb:13:in `dispatch'
  actionpack (4.2.6) lib/action_controller/metal.rb:237:in `block in action'
  actionpack (4.2.6) lib/action_dispatch/routing/route_set.rb:74:in `dispatch'
  actionpack (4.2.6) lib/action_dispatch/routing/route_set.rb:43:in `serve'
  actionpack (4.2.6) lib/action_dispatch/journey/router.rb:43:in `block in serve'
  actionpack (4.2.6) lib/action_dispatch/journey/router.rb:30:in `each'
  actionpack (4.2.6) lib/action_dispatch/journey/router.rb:30:in `serve'
  actionpack (4.2.6) lib/action_dispatch/routing/route_set.rb:817:in `call'
  rack (1.6.5) lib/rack/etag.rb:24:in `call'
  rack (1.6.5) lib/rack/conditionalget.rb:38:in `call'
  rack (1.6.5) lib/rack/head.rb:13:in `call'
  actionpack (4.2.6) lib/action_dispatch/middleware/params_parser.rb:27:in `call'
  actionpack (4.2.6) lib/action_dispatch/middleware/flash.rb:260:in `call'
  rack (1.6.5) lib/rack/session/abstract/id.rb:225:in `context'
  rack (1.6.5) lib/rack/session/abstract/id.rb:220:in `call'
  actionpack (4.2.6) lib/action_dispatch/middleware/cookies.rb:560:in `call'
  activerecord (4.2.6) lib/active_record/query_cache.rb:36:in `call'
  activerecord (4.2.6) lib/active_record/connection_adapters/abstract/connection_pool.rb:653:in `call'
  activerecord (4.2.6) lib/active_record/migration.rb:377:in `call'
  actionpack (4.2.6) lib/action_dispatch/middleware/callbacks.rb:29:in `block in call'
  activesupport (4.2.6) lib/active_support/callbacks.rb:88:in `__run_callbacks__'
  activesupport (4.2.6) lib/active_support/callbacks.rb:778:in `_run_call_callbacks'
  activesupport (4.2.6) lib/active_support/callbacks.rb:81:in `run_callbacks'
  actionpack (4.2.6) lib/action_dispatch/middleware/callbacks.rb:27:in `call'
  actionpack (4.2.6) lib/action_dispatch/middleware/reloader.rb:73:in `call'
  actionpack (4.2.6) lib/action_dispatch/middleware/remote_ip.rb:78:in `call'
  actionpack (4.2.6) lib/action_dispatch/middleware/debug_exceptions.rb:17:in `call'
  web-console (2.3.0) lib/web_console/middleware.rb:28:in `block in call'
  web-console (2.3.0) lib/web_console/middleware.rb:18:in `catch'
  web-console (2.3.0) lib/web_console/middleware.rb:18:in `call'
  actionpack (4.2.6) lib/action_dispatch/middleware/show_exceptions.rb:30:in `call'
  railties (4.2.6) lib/rails/rack/logger.rb:38:in `call_app'
  railties (4.2.6) lib/rails/rack/logger.rb:20:in `block in call'
  activesupport (4.2.6) lib/active_support/tagged_logging.rb:68:in `block in tagged'
  activesupport (4.2.6) lib/active_support/tagged_logging.rb:26:in `tagged'
  activesupport (4.2.6) lib/active_support/tagged_logging.rb:68:in `tagged'
  railties (4.2.6) lib/rails/rack/logger.rb:20:in `call'
  actionpack (4.2.6) lib/action_dispatch/middleware/request_id.rb:21:in `call'
  rack (1.6.5) lib/rack/methodoverride.rb:22:in `call'
  rack (1.6.5) lib/rack/runtime.rb:18:in `call'
  activesupport (4.2.6) lib/active_support/cache/strategy/local_cache_middleware.rb:28:in `call'
  rack (1.6.5) lib/rack/lock.rb:17:in `call'
  actionpack (4.2.6) lib/action_dispatch/middleware/static.rb:120:in `call'
  rack (1.6.5) lib/rack/sendfile.rb:113:in `call'
  railties (4.2.6) lib/rails/engine.rb:518:in `call'
  railties (4.2.6) lib/rails/application.rb:165:in `call'
  rack (1.6.5) lib/rack/lock.rb:17:in `call'
  rack (1.6.5) lib/rack/content_length.rb:15:in `call'
  rack (1.6.5) lib/rack/handler/webrick.rb:88:in `service'
  /home/kovo/.rbenv/versions/2.3.1/lib/ruby/2.3.0/webrick/httpserver.rb:140:in `service'
  /home/kovo/.rbenv/versions/2.3.1/lib/ruby/2.3.0/webrick/httpserver.rb:96:in `run'
  /home/kovo/.rbenv/versions/2.3.1/lib/ruby/2.3.0/webrick/server.rb:296:in `block in start_thread'


  Rendered /home/kovo/.rbenv/versions/2.3.1/lib/ruby/gems/2.3.0/gems/actionpack-4.2.6/lib/action_dispatch/middleware/templates/rescues/_source.erb (28.7ms)
  Rendered /home/kovo/.rbenv/versions/2.3.1/lib/ruby/gems/2.3.0/gems/actionpack-4.2.6/lib/action_dispatch/middleware/templates/rescues/_trace.html.erb (22.9ms)
  Rendered /home/kovo/.rbenv/versions/2.3.1/lib/ruby/gems/2.3.0/gems/actionpack-4.2.6/lib/action_dispatch/middleware/templates/rescues/_request_and_response.html.erb (15.9ms)
  Rendered /home/kovo/.rbenv/versions/2.3.1/lib/ruby/gems/2.3.0/gems/actionpack-4.2.6/lib/action_dispatch/middleware/templates/rescues/missing_template.html.erb within rescues/layout (162.6ms)
  Rendered /home/kovo/.rbenv/versions/2.3.1/lib/ruby/gems/2.3.0/gems/web-console-2.3.0/lib/web_console/templates/_markup.html.erb (1.4ms)
  Rendered /home/kovo/.rbenv/versions/2.3.1/lib/ruby/gems/2.3.0/gems/web-console-2.3.0/lib/web_console/templates/_inner_console_markup.html.erb within layouts/inlined_string (1.1ms)
  Rendered /home/kovo/.rbenv/versions/2.3.1/lib/ruby/gems/2.3.0/gems/web-console-2.3.0/lib/web_console/templates/_prompt_box_markup.html.erb within layouts/inlined_string (1.0ms)
  Rendered /home/kovo/.rbenv/versions/2.3.1/lib/ruby/gems/2.3.0/gems/web-console-2.3.0/lib/web_console/templates/style.css.erb within layouts/inlined_string (1.1ms)
  Rendered /home/kovo/.rbenv/versions/2.3.1/lib/ruby/gems/2.3.0/gems/web-console-2.3.0/lib/web_console/templates/console.js.erb within layouts/javascript (159.1ms)
  Rendered /home/kovo/.rbenv/versions/2.3.1/lib/ruby/gems/2.3.0/gems/web-console-2.3.0/lib/web_console/templates/main.js.erb within layouts/javascript (1.0ms)
  Rendered /home/kovo/.rbenv/versions/2.3.1/lib/ruby/gems/2.3.0/gems/web-console-2.3.0/lib/web_console/templates/error_page.js.erb within layouts/javascript (39.5ms)
  Rendered /home/kovo/.rbenv/versions/2.3.1/lib/ruby/gems/2.3.0/gems/web-console-2.3.0/lib/web_console/templates/index.html.erb (337.0ms)


Started GET "/post" for 127.0.0.1 at 2017-03-21 00:43:46 +0100
Processing by PostsController#index as HTML
  [1m[35mPost Load (0.7ms)[0m  SELECT "posts".* FROM "posts"
  Rendered posts/index.html.erb within layouts/application (128.0ms)
  Rendered layouts/_main_menu.html.erb (3.0ms)
Completed 200 OK in 1930ms (Views: 1925.4ms | ActiveRecord: 2.1ms)


Started GET "/assets/blogs.self-e3b0c44298fc1c149afbf4c8996fb92427ae41e4649b934ca495991b7852b855.css?body=1" for 127.0.0.1 at 2017-03-21 00:43:48 +0100


Started GET "/assets/homepage.self-e3b0c44298fc1c149afbf4c8996fb92427ae41e4649b934ca495991b7852b855.css?body=1" for 127.0.0.1 at 2017-03-21 00:43:48 +0100


Started GET "/assets/posts.self-e3b0c44298fc1c149afbf4c8996fb92427ae41e4649b934ca495991b7852b855.css?body=1" for 127.0.0.1 at 2017-03-21 00:43:48 +0100


Started GET "/assets/users.self-e3b0c44298fc1c149afbf4c8996fb92427ae41e4649b934ca495991b7852b855.css?body=1" for 127.0.0.1 at 2017-03-21 00:43:48 +0100


Started GET "/assets/application.self-e80e8f2318043e8af94dddc2adad5a4f09739a8ebb323b3ab31cd71d45fd9113.css?body=1" for 127.0.0.1 at 2017-03-21 00:43:48 +0100


Started GET "/assets/jquery.self-bd7ddd393353a8d2480a622e80342adf488fb6006d667e8b42e4c0073393abee.js?body=1" for 127.0.0.1 at 2017-03-21 00:43:48 +0100


Started GET "/assets/jquery_ujs.self-784a997f6726036b1993eb2217c9cb558e1cbb801c6da88105588c56f13b466a.js?body=1" for 127.0.0.1 at 2017-03-21 00:43:48 +0100


Started GET "/assets/turbolinks.self-c5acd7a204f5f25ce7a1d8a0e4d92e28d34c9e2df2c7371cd7af88e147e4ad82.js?body=1" for 127.0.0.1 at 2017-03-21 00:43:49 +0100


Started GET "/assets/application.self-3b8dabdc891efe46b9a144b400ad69e37d7e5876bdc39dee783419a69d7ca819.js?body=1" for 127.0.0.1 at 2017-03-21 00:43:49 +0100


Started DELETE "/post/13/delete" for 127.0.0.1 at 2017-03-21 00:43:56 +0100
Processing by PostsController#delete as JS
  Parameters: {"id"=>"13"}
Completed 500 Internal Server Error in 55ms (ActiveRecord: 0.0ms)

ActionView::MissingTemplate (Missing template posts/delete, application/delete with {:locale=>[:en], :formats=>[:js, "application/ecmascript", "application/x-ecmascript", :html, :text, :js, :css, :ics, :csv, :vcf, :png, :jpeg, :gif, :bmp, :tiff, :mpeg, :xml, :rss, :atom, :yaml, :multipart_form, :url_encoded_form, :json, :pdf, :zip, :web_console_v2], :variants=>[], :handlers=>[:erb, :builder, :raw, :ruby, :coffee, :jbuilder]}. Searched in:
  * "/home/kovo/:. WWW/kovoweb-3.0/mojWeb/app/views"
):
  actionview (4.2.6) lib/action_view/path_set.rb:46:in `find'
  actionview (4.2.6) lib/action_view/lookup_context.rb:121:in `find'
  actionview (4.2.6) lib/action_view/renderer/abstract_renderer.rb:18:in `find_template'
  actionview (4.2.6) lib/action_view/renderer/template_renderer.rb:40:in `determine_template'
  actionview (4.2.6) lib/action_view/renderer/template_renderer.rb:8:in `render'
  actionview (4.2.6) lib/action_view/renderer/renderer.rb:46:in `render_template'
  actionview (4.2.6) lib/action_view/renderer/renderer.rb:27:in `render'
  actionview (4.2.6) lib/action_view/rendering.rb:100:in `_render_template'
  actionpack (4.2.6) lib/action_controller/metal/streaming.rb:217:in `_render_template'
  actionview (4.2.6) lib/action_view/rendering.rb:83:in `render_to_body'
  actionpack (4.2.6) lib/action_controller/metal/rendering.rb:32:in `render_to_body'
  actionpack (4.2.6) lib/action_controller/metal/renderers.rb:37:in `render_to_body'
  actionpack (4.2.6) lib/abstract_controller/rendering.rb:25:in `render'
  actionpack (4.2.6) lib/action_controller/metal/rendering.rb:16:in `render'
  actionpack (4.2.6) lib/action_controller/metal/instrumentation.rb:44:in `block (2 levels) in render'
  activesupport (4.2.6) lib/active_support/core_ext/benchmark.rb:12:in `block in ms'
  /home/kovo/.rbenv/versions/2.3.1/lib/ruby/2.3.0/benchmark.rb:308:in `realtime'
  activesupport (4.2.6) lib/active_support/core_ext/benchmark.rb:12:in `ms'
  actionpack (4.2.6) lib/action_controller/metal/instrumentation.rb:44:in `block in render'
  actionpack (4.2.6) lib/action_controller/metal/instrumentation.rb:87:in `cleanup_view_runtime'
  activerecord (4.2.6) lib/active_record/railties/controller_runtime.rb:25:in `cleanup_view_runtime'
  actionpack (4.2.6) lib/action_controller/metal/instrumentation.rb:43:in `render'
  actionpack (4.2.6) lib/action_controller/metal/implicit_render.rb:10:in `default_render'
  actionpack (4.2.6) lib/action_controller/metal/implicit_render.rb:5:in `send_action'
  actionpack (4.2.6) lib/abstract_controller/base.rb:198:in `process_action'
  actionpack (4.2.6) lib/action_controller/metal/rendering.rb:10:in `process_action'
  actionpack (4.2.6) lib/abstract_controller/callbacks.rb:20:in `block in process_action'
  activesupport (4.2.6) lib/active_support/callbacks.rb:117:in `call'
  activesupport (4.2.6) lib/active_support/callbacks.rb:555:in `block (2 levels) in compile'
  activesupport (4.2.6) lib/active_support/callbacks.rb:505:in `call'
  activesupport (4.2.6) lib/active_support/callbacks.rb:92:in `__run_callbacks__'
  activesupport (4.2.6) lib/active_support/callbacks.rb:778:in `_run_process_action_callbacks'
  activesupport (4.2.6) lib/active_support/callbacks.rb:81:in `run_callbacks'
  actionpack (4.2.6) lib/abstract_controller/callbacks.rb:19:in `process_action'
  actionpack (4.2.6) lib/action_controller/metal/rescue.rb:29:in `process_action'
  actionpack (4.2.6) lib/action_controller/metal/instrumentation.rb:32:in `block in process_action'
  activesupport (4.2.6) lib/active_support/notifications.rb:164:in `block in instrument'
  activesupport (4.2.6) lib/active_support/notifications/instrumenter.rb:20:in `instrument'
  activesupport (4.2.6) lib/active_support/notifications.rb:164:in `instrument'
  actionpack (4.2.6) lib/action_controller/metal/instrumentation.rb:30:in `process_action'
  actionpack (4.2.6) lib/action_controller/metal/params_wrapper.rb:250:in `process_action'
  activerecord (4.2.6) lib/active_record/railties/controller_runtime.rb:18:in `process_action'
  actionpack (4.2.6) lib/abstract_controller/base.rb:137:in `process'
  actionview (4.2.6) lib/action_view/rendering.rb:30:in `process'
  actionpack (4.2.6) lib/action_controller/metal.rb:196:in `dispatch'
  actionpack (4.2.6) lib/action_controller/metal/rack_delegation.rb:13:in `dispatch'
  actionpack (4.2.6) lib/action_controller/metal.rb:237:in `block in action'
  actionpack (4.2.6) lib/action_dispatch/routing/route_set.rb:74:in `dispatch'
  actionpack (4.2.6) lib/action_dispatch/routing/route_set.rb:43:in `serve'
  actionpack (4.2.6) lib/action_dispatch/journey/router.rb:43:in `block in serve'
  actionpack (4.2.6) lib/action_dispatch/journey/router.rb:30:in `each'
  actionpack (4.2.6) lib/action_dispatch/journey/router.rb:30:in `serve'
  actionpack (4.2.6) lib/action_dispatch/routing/route_set.rb:817:in `call'
  rack (1.6.5) lib/rack/etag.rb:24:in `call'
  rack (1.6.5) lib/rack/conditionalget.rb:38:in `call'
  rack (1.6.5) lib/rack/head.rb:13:in `call'
  actionpack (4.2.6) lib/action_dispatch/middleware/params_parser.rb:27:in `call'
  actionpack (4.2.6) lib/action_dispatch/middleware/flash.rb:260:in `call'
  rack (1.6.5) lib/rack/session/abstract/id.rb:225:in `context'
  rack (1.6.5) lib/rack/session/abstract/id.rb:220:in `call'
  actionpack (4.2.6) lib/action_dispatch/middleware/cookies.rb:560:in `call'
  activerecord (4.2.6) lib/active_record/query_cache.rb:36:in `call'
  activerecord (4.2.6) lib/active_record/connection_adapters/abstract/connection_pool.rb:653:in `call'
  activerecord (4.2.6) lib/active_record/migration.rb:377:in `call'
  actionpack (4.2.6) lib/action_dispatch/middleware/callbacks.rb:29:in `block in call'
  activesupport (4.2.6) lib/active_support/callbacks.rb:88:in `__run_callbacks__'
  activesupport (4.2.6) lib/active_support/callbacks.rb:778:in `_run_call_callbacks'
  activesupport (4.2.6) lib/active_support/callbacks.rb:81:in `run_callbacks'
  actionpack (4.2.6) lib/action_dispatch/middleware/callbacks.rb:27:in `call'
  actionpack (4.2.6) lib/action_dispatch/middleware/reloader.rb:73:in `call'
  actionpack (4.2.6) lib/action_dispatch/middleware/remote_ip.rb:78:in `call'
  actionpack (4.2.6) lib/action_dispatch/middleware/debug_exceptions.rb:17:in `call'
  web-console (2.3.0) lib/web_console/middleware.rb:28:in `block in call'
  web-console (2.3.0) lib/web_console/middleware.rb:18:in `catch'
  web-console (2.3.0) lib/web_console/middleware.rb:18:in `call'
  actionpack (4.2.6) lib/action_dispatch/middleware/show_exceptions.rb:30:in `call'
  railties (4.2.6) lib/rails/rack/logger.rb:38:in `call_app'
  railties (4.2.6) lib/rails/rack/logger.rb:20:in `block in call'
  activesupport (4.2.6) lib/active_support/tagged_logging.rb:68:in `block in tagged'
  activesupport (4.2.6) lib/active_support/tagged_logging.rb:26:in `tagged'
  activesupport (4.2.6) lib/active_support/tagged_logging.rb:68:in `tagged'
  railties (4.2.6) lib/rails/rack/logger.rb:20:in `call'
  actionpack (4.2.6) lib/action_dispatch/middleware/request_id.rb:21:in `call'
  rack (1.6.5) lib/rack/methodoverride.rb:22:in `call'
  rack (1.6.5) lib/rack/runtime.rb:18:in `call'
  activesupport (4.2.6) lib/active_support/cache/strategy/local_cache_middleware.rb:28:in `call'
  rack (1.6.5) lib/rack/lock.rb:17:in `call'
  actionpack (4.2.6) lib/action_dispatch/middleware/static.rb:120:in `call'
  rack (1.6.5) lib/rack/sendfile.rb:113:in `call'
  railties (4.2.6) lib/rails/engine.rb:518:in `call'
  railties (4.2.6) lib/rails/application.rb:165:in `call'
  rack (1.6.5) lib/rack/lock.rb:17:in `call'
  rack (1.6.5) lib/rack/content_length.rb:15:in `call'
  rack (1.6.5) lib/rack/handler/webrick.rb:88:in `service'
  /home/kovo/.rbenv/versions/2.3.1/lib/ruby/2.3.0/webrick/httpserver.rb:140:in `service'
  /home/kovo/.rbenv/versions/2.3.1/lib/ruby/2.3.0/webrick/httpserver.rb:96:in `run'
  /home/kovo/.rbenv/versions/2.3.1/lib/ruby/2.3.0/webrick/server.rb:296:in `block in start_thread'


  Rendered /home/kovo/.rbenv/versions/2.3.1/lib/ruby/gems/2.3.0/gems/actionpack-4.2.6/lib/action_dispatch/middleware/templates/rescues/missing_template.text.erb (1.1ms)


Started DELETE "/post/13/delete" for 127.0.0.1 at 2017-03-21 00:44:00 +0100
Processing by PostsController#delete as JS
  Parameters: {"id"=>"13"}
Completed 500 Internal Server Error in 18ms (ActiveRecord: 0.0ms)

ActionView::MissingTemplate (Missing template posts/delete, application/delete with {:locale=>[:en], :formats=>[:js, "application/ecmascript", "application/x-ecmascript", :html, :text, :js, :css, :ics, :csv, :vcf, :png, :jpeg, :gif, :bmp, :tiff, :mpeg, :xml, :rss, :atom, :yaml, :multipart_form, :url_encoded_form, :json, :pdf, :zip, :web_console_v2], :variants=>[], :handlers=>[:erb, :builder, :raw, :ruby, :coffee, :jbuilder]}. Searched in:
  * "/home/kovo/:. WWW/kovoweb-3.0/mojWeb/app/views"
):
  actionview (4.2.6) lib/action_view/path_set.rb:46:in `find'
  actionview (4.2.6) lib/action_view/lookup_context.rb:121:in `find'
  actionview (4.2.6) lib/action_view/renderer/abstract_renderer.rb:18:in `find_template'
  actionview (4.2.6) lib/action_view/renderer/template_renderer.rb:40:in `determine_template'
  actionview (4.2.6) lib/action_view/renderer/template_renderer.rb:8:in `render'
  actionview (4.2.6) lib/action_view/renderer/renderer.rb:46:in `render_template'
  actionview (4.2.6) lib/action_view/renderer/renderer.rb:27:in `render'
  actionview (4.2.6) lib/action_view/rendering.rb:100:in `_render_template'
  actionpack (4.2.6) lib/action_controller/metal/streaming.rb:217:in `_render_template'
  actionview (4.2.6) lib/action_view/rendering.rb:83:in `render_to_body'
  actionpack (4.2.6) lib/action_controller/metal/rendering.rb:32:in `render_to_body'
  actionpack (4.2.6) lib/action_controller/metal/renderers.rb:37:in `render_to_body'
  actionpack (4.2.6) lib/abstract_controller/rendering.rb:25:in `render'
  actionpack (4.2.6) lib/action_controller/metal/rendering.rb:16:in `render'
  actionpack (4.2.6) lib/action_controller/metal/instrumentation.rb:44:in `block (2 levels) in render'
  activesupport (4.2.6) lib/active_support/core_ext/benchmark.rb:12:in `block in ms'
  /home/kovo/.rbenv/versions/2.3.1/lib/ruby/2.3.0/benchmark.rb:308:in `realtime'
  activesupport (4.2.6) lib/active_support/core_ext/benchmark.rb:12:in `ms'
  actionpack (4.2.6) lib/action_controller/metal/instrumentation.rb:44:in `block in render'
  actionpack (4.2.6) lib/action_controller/metal/instrumentation.rb:87:in `cleanup_view_runtime'
  activerecord (4.2.6) lib/active_record/railties/controller_runtime.rb:25:in `cleanup_view_runtime'
  actionpack (4.2.6) lib/action_controller/metal/instrumentation.rb:43:in `render'
  actionpack (4.2.6) lib/action_controller/metal/implicit_render.rb:10:in `default_render'
  actionpack (4.2.6) lib/action_controller/metal/implicit_render.rb:5:in `send_action'
  actionpack (4.2.6) lib/abstract_controller/base.rb:198:in `process_action'
  actionpack (4.2.6) lib/action_controller/metal/rendering.rb:10:in `process_action'
  actionpack (4.2.6) lib/abstract_controller/callbacks.rb:20:in `block in process_action'
  activesupport (4.2.6) lib/active_support/callbacks.rb:117:in `call'
  activesupport (4.2.6) lib/active_support/callbacks.rb:555:in `block (2 levels) in compile'
  activesupport (4.2.6) lib/active_support/callbacks.rb:505:in `call'
  activesupport (4.2.6) lib/active_support/callbacks.rb:92:in `__run_callbacks__'
  activesupport (4.2.6) lib/active_support/callbacks.rb:778:in `_run_process_action_callbacks'
  activesupport (4.2.6) lib/active_support/callbacks.rb:81:in `run_callbacks'
  actionpack (4.2.6) lib/abstract_controller/callbacks.rb:19:in `process_action'
  actionpack (4.2.6) lib/action_controller/metal/rescue.rb:29:in `process_action'
  actionpack (4.2.6) lib/action_controller/metal/instrumentation.rb:32:in `block in process_action'
  activesupport (4.2.6) lib/active_support/notifications.rb:164:in `block in instrument'
  activesupport (4.2.6) lib/active_support/notifications/instrumenter.rb:20:in `instrument'
  activesupport (4.2.6) lib/active_support/notifications.rb:164:in `instrument'
  actionpack (4.2.6) lib/action_controller/metal/instrumentation.rb:30:in `process_action'
  actionpack (4.2.6) lib/action_controller/metal/params_wrapper.rb:250:in `process_action'
  activerecord (4.2.6) lib/active_record/railties/controller_runtime.rb:18:in `process_action'
  actionpack (4.2.6) lib/abstract_controller/base.rb:137:in `process'
  actionview (4.2.6) lib/action_view/rendering.rb:30:in `process'
  actionpack (4.2.6) lib/action_controller/metal.rb:196:in `dispatch'
  actionpack (4.2.6) lib/action_controller/metal/rack_delegation.rb:13:in `dispatch'
  actionpack (4.2.6) lib/action_controller/metal.rb:237:in `block in action'
  actionpack (4.2.6) lib/action_dispatch/routing/route_set.rb:74:in `dispatch'
  actionpack (4.2.6) lib/action_dispatch/routing/route_set.rb:43:in `serve'
  actionpack (4.2.6) lib/action_dispatch/journey/router.rb:43:in `block in serve'
  actionpack (4.2.6) lib/action_dispatch/journey/router.rb:30:in `each'
  actionpack (4.2.6) lib/action_dispatch/journey/router.rb:30:in `serve'
  actionpack (4.2.6) lib/action_dispatch/routing/route_set.rb:817:in `call'
  rack (1.6.5) lib/rack/etag.rb:24:in `call'
  rack (1.6.5) lib/rack/conditionalget.rb:38:in `call'
  rack (1.6.5) lib/rack/head.rb:13:in `call'
  actionpack (4.2.6) lib/action_dispatch/middleware/params_parser.rb:27:in `call'
  actionpack (4.2.6) lib/action_dispatch/middleware/flash.rb:260:in `call'
  rack (1.6.5) lib/rack/session/abstract/id.rb:225:in `context'
  rack (1.6.5) lib/rack/session/abstract/id.rb:220:in `call'
  actionpack (4.2.6) lib/action_dispatch/middleware/cookies.rb:560:in `call'
  activerecord (4.2.6) lib/active_record/query_cache.rb:36:in `call'
  activerecord (4.2.6) lib/active_record/connection_adapters/abstract/connection_pool.rb:653:in `call'
  activerecord (4.2.6) lib/active_record/migration.rb:377:in `call'
  actionpack (4.2.6) lib/action_dispatch/middleware/callbacks.rb:29:in `block in call'
  activesupport (4.2.6) lib/active_support/callbacks.rb:88:in `__run_callbacks__'
  activesupport (4.2.6) lib/active_support/callbacks.rb:778:in `_run_call_callbacks'
  activesupport (4.2.6) lib/active_support/callbacks.rb:81:in `run_callbacks'
  actionpack (4.2.6) lib/action_dispatch/middleware/callbacks.rb:27:in `call'
  actionpack (4.2.6) lib/action_dispatch/middleware/reloader.rb:73:in `call'
  actionpack (4.2.6) lib/action_dispatch/middleware/remote_ip.rb:78:in `call'
  actionpack (4.2.6) lib/action_dispatch/middleware/debug_exceptions.rb:17:in `call'
  web-console (2.3.0) lib/web_console/middleware.rb:28:in `block in call'
  web-console (2.3.0) lib/web_console/middleware.rb:18:in `catch'
  web-console (2.3.0) lib/web_console/middleware.rb:18:in `call'
  actionpack (4.2.6) lib/action_dispatch/middleware/show_exceptions.rb:30:in `call'
  railties (4.2.6) lib/rails/rack/logger.rb:38:in `call_app'
  railties (4.2.6) lib/rails/rack/logger.rb:20:in `block in call'
  activesupport (4.2.6) lib/active_support/tagged_logging.rb:68:in `block in tagged'
  activesupport (4.2.6) lib/active_support/tagged_logging.rb:26:in `tagged'
  activesupport (4.2.6) lib/active_support/tagged_logging.rb:68:in `tagged'
  railties (4.2.6) lib/rails/rack/logger.rb:20:in `call'
  actionpack (4.2.6) lib/action_dispatch/middleware/request_id.rb:21:in `call'
  rack (1.6.5) lib/rack/methodoverride.rb:22:in `call'
  rack (1.6.5) lib/rack/runtime.rb:18:in `call'
  activesupport (4.2.6) lib/active_support/cache/strategy/local_cache_middleware.rb:28:in `call'
  rack (1.6.5) lib/rack/lock.rb:17:in `call'
  actionpack (4.2.6) lib/action_dispatch/middleware/static.rb:120:in `call'
  rack (1.6.5) lib/rack/sendfile.rb:113:in `call'
  railties (4.2.6) lib/rails/engine.rb:518:in `call'
  railties (4.2.6) lib/rails/application.rb:165:in `call'
  rack (1.6.5) lib/rack/lock.rb:17:in `call'
  rack (1.6.5) lib/rack/content_length.rb:15:in `call'
  rack (1.6.5) lib/rack/handler/webrick.rb:88:in `service'
  /home/kovo/.rbenv/versions/2.3.1/lib/ruby/2.3.0/webrick/httpserver.rb:140:in `service'
  /home/kovo/.rbenv/versions/2.3.1/lib/ruby/2.3.0/webrick/httpserver.rb:96:in `run'
  /home/kovo/.rbenv/versions/2.3.1/lib/ruby/2.3.0/webrick/server.rb:296:in `block in start_thread'


  Rendered /home/kovo/.rbenv/versions/2.3.1/lib/ruby/gems/2.3.0/gems/actionpack-4.2.6/lib/action_dispatch/middleware/templates/rescues/missing_template.text.erb (2.3ms)


Started DELETE "/post/13/delete" for 127.0.0.1 at 2017-03-21 00:46:10 +0100
Processing by PostsController#delete as JS
  Parameters: {"id"=>"13"}
Completed 500 Internal Server Error in 54ms (ActiveRecord: 0.0ms)

ActionView::MissingTemplate (Missing template posts/delete, application/delete with {:locale=>[:en], :formats=>[:js, "application/ecmascript", "application/x-ecmascript", :html, :text, :js, :css, :ics, :csv, :vcf, :png, :jpeg, :gif, :bmp, :tiff, :mpeg, :xml, :rss, :atom, :yaml, :multipart_form, :url_encoded_form, :json, :pdf, :zip, :web_console_v2], :variants=>[], :handlers=>[:erb, :builder, :raw, :ruby, :coffee, :jbuilder]}. Searched in:
  * "/home/kovo/:. WWW/kovoweb-3.0/mojWeb/app/views"
):
  actionview (4.2.6) lib/action_view/path_set.rb:46:in `find'
  actionview (4.2.6) lib/action_view/lookup_context.rb:121:in `find'
  actionview (4.2.6) lib/action_view/renderer/abstract_renderer.rb:18:in `find_template'
  actionview (4.2.6) lib/action_view/renderer/template_renderer.rb:40:in `determine_template'
  actionview (4.2.6) lib/action_view/renderer/template_renderer.rb:8:in `render'
  actionview (4.2.6) lib/action_view/renderer/renderer.rb:46:in `render_template'
  actionview (4.2.6) lib/action_view/renderer/renderer.rb:27:in `render'
  actionview (4.2.6) lib/action_view/rendering.rb:100:in `_render_template'
  actionpack (4.2.6) lib/action_controller/metal/streaming.rb:217:in `_render_template'
  actionview (4.2.6) lib/action_view/rendering.rb:83:in `render_to_body'
  actionpack (4.2.6) lib/action_controller/metal/rendering.rb:32:in `render_to_body'
  actionpack (4.2.6) lib/action_controller/metal/renderers.rb:37:in `render_to_body'
  actionpack (4.2.6) lib/abstract_controller/rendering.rb:25:in `render'
  actionpack (4.2.6) lib/action_controller/metal/rendering.rb:16:in `render'
  actionpack (4.2.6) lib/action_controller/metal/instrumentation.rb:44:in `block (2 levels) in render'
  activesupport (4.2.6) lib/active_support/core_ext/benchmark.rb:12:in `block in ms'
  /home/kovo/.rbenv/versions/2.3.1/lib/ruby/2.3.0/benchmark.rb:308:in `realtime'
  activesupport (4.2.6) lib/active_support/core_ext/benchmark.rb:12:in `ms'
  actionpack (4.2.6) lib/action_controller/metal/instrumentation.rb:44:in `block in render'
  actionpack (4.2.6) lib/action_controller/metal/instrumentation.rb:87:in `cleanup_view_runtime'
  activerecord (4.2.6) lib/active_record/railties/controller_runtime.rb:25:in `cleanup_view_runtime'
  actionpack (4.2.6) lib/action_controller/metal/instrumentation.rb:43:in `render'
  actionpack (4.2.6) lib/action_controller/metal/implicit_render.rb:10:in `default_render'
  actionpack (4.2.6) lib/action_controller/metal/implicit_render.rb:5:in `send_action'
  actionpack (4.2.6) lib/abstract_controller/base.rb:198:in `process_action'
  actionpack (4.2.6) lib/action_controller/metal/rendering.rb:10:in `process_action'
  actionpack (4.2.6) lib/abstract_controller/callbacks.rb:20:in `block in process_action'
  activesupport (4.2.6) lib/active_support/callbacks.rb:117:in `call'
  activesupport (4.2.6) lib/active_support/callbacks.rb:555:in `block (2 levels) in compile'
  activesupport (4.2.6) lib/active_support/callbacks.rb:505:in `call'
  activesupport (4.2.6) lib/active_support/callbacks.rb:92:in `__run_callbacks__'
  activesupport (4.2.6) lib/active_support/callbacks.rb:778:in `_run_process_action_callbacks'
  activesupport (4.2.6) lib/active_support/callbacks.rb:81:in `run_callbacks'
  actionpack (4.2.6) lib/abstract_controller/callbacks.rb:19:in `process_action'
  actionpack (4.2.6) lib/action_controller/metal/rescue.rb:29:in `process_action'
  actionpack (4.2.6) lib/action_controller/metal/instrumentation.rb:32:in `block in process_action'
  activesupport (4.2.6) lib/active_support/notifications.rb:164:in `block in instrument'
  activesupport (4.2.6) lib/active_support/notifications/instrumenter.rb:20:in `instrument'
  activesupport (4.2.6) lib/active_support/notifications.rb:164:in `instrument'
  actionpack (4.2.6) lib/action_controller/metal/instrumentation.rb:30:in `process_action'
  actionpack (4.2.6) lib/action_controller/metal/params_wrapper.rb:250:in `process_action'
  activerecord (4.2.6) lib/active_record/railties/controller_runtime.rb:18:in `process_action'
  actionpack (4.2.6) lib/abstract_controller/base.rb:137:in `process'
  actionview (4.2.6) lib/action_view/rendering.rb:30:in `process'
  actionpack (4.2.6) lib/action_controller/metal.rb:196:in `dispatch'
  actionpack (4.2.6) lib/action_controller/metal/rack_delegation.rb:13:in `dispatch'
  actionpack (4.2.6) lib/action_controller/metal.rb:237:in `block in action'
  actionpack (4.2.6) lib/action_dispatch/routing/route_set.rb:74:in `dispatch'
  actionpack (4.2.6) lib/action_dispatch/routing/route_set.rb:43:in `serve'
  actionpack (4.2.6) lib/action_dispatch/journey/router.rb:43:in `block in serve'
  actionpack (4.2.6) lib/action_dispatch/journey/router.rb:30:in `each'
  actionpack (4.2.6) lib/action_dispatch/journey/router.rb:30:in `serve'
  actionpack (4.2.6) lib/action_dispatch/routing/route_set.rb:817:in `call'
  rack (1.6.5) lib/rack/etag.rb:24:in `call'
  rack (1.6.5) lib/rack/conditionalget.rb:38:in `call'
  rack (1.6.5) lib/rack/head.rb:13:in `call'
  actionpack (4.2.6) lib/action_dispatch/middleware/params_parser.rb:27:in `call'
  actionpack (4.2.6) lib/action_dispatch/middleware/flash.rb:260:in `call'
  rack (1.6.5) lib/rack/session/abstract/id.rb:225:in `context'
  rack (1.6.5) lib/rack/session/abstract/id.rb:220:in `call'
  actionpack (4.2.6) lib/action_dispatch/middleware/cookies.rb:560:in `call'
  activerecord (4.2.6) lib/active_record/query_cache.rb:36:in `call'
  activerecord (4.2.6) lib/active_record/connection_adapters/abstract/connection_pool.rb:653:in `call'
  activerecord (4.2.6) lib/active_record/migration.rb:377:in `call'
  actionpack (4.2.6) lib/action_dispatch/middleware/callbacks.rb:29:in `block in call'
  activesupport (4.2.6) lib/active_support/callbacks.rb:88:in `__run_callbacks__'
  activesupport (4.2.6) lib/active_support/callbacks.rb:778:in `_run_call_callbacks'
  activesupport (4.2.6) lib/active_support/callbacks.rb:81:in `run_callbacks'
  actionpack (4.2.6) lib/action_dispatch/middleware/callbacks.rb:27:in `call'
  actionpack (4.2.6) lib/action_dispatch/middleware/reloader.rb:73:in `call'
  actionpack (4.2.6) lib/action_dispatch/middleware/remote_ip.rb:78:in `call'
  actionpack (4.2.6) lib/action_dispatch/middleware/debug_exceptions.rb:17:in `call'
  web-console (2.3.0) lib/web_console/middleware.rb:28:in `block in call'
  web-console (2.3.0) lib/web_console/middleware.rb:18:in `catch'
  web-console (2.3.0) lib/web_console/middleware.rb:18:in `call'
  actionpack (4.2.6) lib/action_dispatch/middleware/show_exceptions.rb:30:in `call'
  railties (4.2.6) lib/rails/rack/logger.rb:38:in `call_app'
  railties (4.2.6) lib/rails/rack/logger.rb:20:in `block in call'
  activesupport (4.2.6) lib/active_support/tagged_logging.rb:68:in `block in tagged'
  activesupport (4.2.6) lib/active_support/tagged_logging.rb:26:in `tagged'
  activesupport (4.2.6) lib/active_support/tagged_logging.rb:68:in `tagged'
  railties (4.2.6) lib/rails/rack/logger.rb:20:in `call'
  actionpack (4.2.6) lib/action_dispatch/middleware/request_id.rb:21:in `call'
  rack (1.6.5) lib/rack/methodoverride.rb:22:in `call'
  rack (1.6.5) lib/rack/runtime.rb:18:in `call'
  activesupport (4.2.6) lib/active_support/cache/strategy/local_cache_middleware.rb:28:in `call'
  rack (1.6.5) lib/rack/lock.rb:17:in `call'
  actionpack (4.2.6) lib/action_dispatch/middleware/static.rb:120:in `call'
  rack (1.6.5) lib/rack/sendfile.rb:113:in `call'
  railties (4.2.6) lib/rails/engine.rb:518:in `call'
  railties (4.2.6) lib/rails/application.rb:165:in `call'
  rack (1.6.5) lib/rack/lock.rb:17:in `call'
  rack (1.6.5) lib/rack/content_length.rb:15:in `call'
  rack (1.6.5) lib/rack/handler/webrick.rb:88:in `service'
  /home/kovo/.rbenv/versions/2.3.1/lib/ruby/2.3.0/webrick/httpserver.rb:140:in `service'
  /home/kovo/.rbenv/versions/2.3.1/lib/ruby/2.3.0/webrick/httpserver.rb:96:in `run'
  /home/kovo/.rbenv/versions/2.3.1/lib/ruby/2.3.0/webrick/server.rb:296:in `block in start_thread'


  Rendered /home/kovo/.rbenv/versions/2.3.1/lib/ruby/gems/2.3.0/gems/actionpack-4.2.6/lib/action_dispatch/middleware/templates/rescues/missing_template.text.erb (1.1ms)


Started DELETE "/post/12/delete" for 127.0.0.1 at 2017-03-21 00:46:14 +0100
Processing by PostsController#delete as JS
  Parameters: {"id"=>"12"}
Completed 500 Internal Server Error in 37ms (ActiveRecord: 0.0ms)

ActionView::MissingTemplate (Missing template posts/delete, application/delete with {:locale=>[:en], :formats=>[:js, "application/ecmascript", "application/x-ecmascript", :html, :text, :js, :css, :ics, :csv, :vcf, :png, :jpeg, :gif, :bmp, :tiff, :mpeg, :xml, :rss, :atom, :yaml, :multipart_form, :url_encoded_form, :json, :pdf, :zip, :web_console_v2], :variants=>[], :handlers=>[:erb, :builder, :raw, :ruby, :coffee, :jbuilder]}. Searched in:
  * "/home/kovo/:. WWW/kovoweb-3.0/mojWeb/app/views"
):
  actionview (4.2.6) lib/action_view/path_set.rb:46:in `find'
  actionview (4.2.6) lib/action_view/lookup_context.rb:121:in `find'
  actionview (4.2.6) lib/action_view/renderer/abstract_renderer.rb:18:in `find_template'
  actionview (4.2.6) lib/action_view/renderer/template_renderer.rb:40:in `determine_template'
  actionview (4.2.6) lib/action_view/renderer/template_renderer.rb:8:in `render'
  actionview (4.2.6) lib/action_view/renderer/renderer.rb:46:in `render_template'
  actionview (4.2.6) lib/action_view/renderer/renderer.rb:27:in `render'
  actionview (4.2.6) lib/action_view/rendering.rb:100:in `_render_template'
  actionpack (4.2.6) lib/action_controller/metal/streaming.rb:217:in `_render_template'
  actionview (4.2.6) lib/action_view/rendering.rb:83:in `render_to_body'
  actionpack (4.2.6) lib/action_controller/metal/rendering.rb:32:in `render_to_body'
  actionpack (4.2.6) lib/action_controller/metal/renderers.rb:37:in `render_to_body'
  actionpack (4.2.6) lib/abstract_controller/rendering.rb:25:in `render'
  actionpack (4.2.6) lib/action_controller/metal/rendering.rb:16:in `render'
  actionpack (4.2.6) lib/action_controller/metal/instrumentation.rb:44:in `block (2 levels) in render'
  activesupport (4.2.6) lib/active_support/core_ext/benchmark.rb:12:in `block in ms'
  /home/kovo/.rbenv/versions/2.3.1/lib/ruby/2.3.0/benchmark.rb:308:in `realtime'
  activesupport (4.2.6) lib/active_support/core_ext/benchmark.rb:12:in `ms'
  actionpack (4.2.6) lib/action_controller/metal/instrumentation.rb:44:in `block in render'
  actionpack (4.2.6) lib/action_controller/metal/instrumentation.rb:87:in `cleanup_view_runtime'
  activerecord (4.2.6) lib/active_record/railties/controller_runtime.rb:25:in `cleanup_view_runtime'
  actionpack (4.2.6) lib/action_controller/metal/instrumentation.rb:43:in `render'
  actionpack (4.2.6) lib/action_controller/metal/implicit_render.rb:10:in `default_render'
  actionpack (4.2.6) lib/action_controller/metal/implicit_render.rb:5:in `send_action'
  actionpack (4.2.6) lib/abstract_controller/base.rb:198:in `process_action'
  actionpack (4.2.6) lib/action_controller/metal/rendering.rb:10:in `process_action'
  actionpack (4.2.6) lib/abstract_controller/callbacks.rb:20:in `block in process_action'
  activesupport (4.2.6) lib/active_support/callbacks.rb:117:in `call'
  activesupport (4.2.6) lib/active_support/callbacks.rb:555:in `block (2 levels) in compile'
  activesupport (4.2.6) lib/active_support/callbacks.rb:505:in `call'
  activesupport (4.2.6) lib/active_support/callbacks.rb:92:in `__run_callbacks__'
  activesupport (4.2.6) lib/active_support/callbacks.rb:778:in `_run_process_action_callbacks'
  activesupport (4.2.6) lib/active_support/callbacks.rb:81:in `run_callbacks'
  actionpack (4.2.6) lib/abstract_controller/callbacks.rb:19:in `process_action'
  actionpack (4.2.6) lib/action_controller/metal/rescue.rb:29:in `process_action'
  actionpack (4.2.6) lib/action_controller/metal/instrumentation.rb:32:in `block in process_action'
  activesupport (4.2.6) lib/active_support/notifications.rb:164:in `block in instrument'
  activesupport (4.2.6) lib/active_support/notifications/instrumenter.rb:20:in `instrument'
  activesupport (4.2.6) lib/active_support/notifications.rb:164:in `instrument'
  actionpack (4.2.6) lib/action_controller/metal/instrumentation.rb:30:in `process_action'
  actionpack (4.2.6) lib/action_controller/metal/params_wrapper.rb:250:in `process_action'
  activerecord (4.2.6) lib/active_record/railties/controller_runtime.rb:18:in `process_action'
  actionpack (4.2.6) lib/abstract_controller/base.rb:137:in `process'
  actionview (4.2.6) lib/action_view/rendering.rb:30:in `process'
  actionpack (4.2.6) lib/action_controller/metal.rb:196:in `dispatch'
  actionpack (4.2.6) lib/action_controller/metal/rack_delegation.rb:13:in `dispatch'
  actionpack (4.2.6) lib/action_controller/metal.rb:237:in `block in action'
  actionpack (4.2.6) lib/action_dispatch/routing/route_set.rb:74:in `dispatch'
  actionpack (4.2.6) lib/action_dispatch/routing/route_set.rb:43:in `serve'
  actionpack (4.2.6) lib/action_dispatch/journey/router.rb:43:in `block in serve'
  actionpack (4.2.6) lib/action_dispatch/journey/router.rb:30:in `each'
  actionpack (4.2.6) lib/action_dispatch/journey/router.rb:30:in `serve'
  actionpack (4.2.6) lib/action_dispatch/routing/route_set.rb:817:in `call'
  rack (1.6.5) lib/rack/etag.rb:24:in `call'
  rack (1.6.5) lib/rack/conditionalget.rb:38:in `call'
  rack (1.6.5) lib/rack/head.rb:13:in `call'
  actionpack (4.2.6) lib/action_dispatch/middleware/params_parser.rb:27:in `call'
  actionpack (4.2.6) lib/action_dispatch/middleware/flash.rb:260:in `call'
  rack (1.6.5) lib/rack/session/abstract/id.rb:225:in `context'
  rack (1.6.5) lib/rack/session/abstract/id.rb:220:in `call'
  actionpack (4.2.6) lib/action_dispatch/middleware/cookies.rb:560:in `call'
  activerecord (4.2.6) lib/active_record/query_cache.rb:36:in `call'
  activerecord (4.2.6) lib/active_record/connection_adapters/abstract/connection_pool.rb:653:in `call'
  activerecord (4.2.6) lib/active_record/migration.rb:377:in `call'
  actionpack (4.2.6) lib/action_dispatch/middleware/callbacks.rb:29:in `block in call'
  activesupport (4.2.6) lib/active_support/callbacks.rb:88:in `__run_callbacks__'
  activesupport (4.2.6) lib/active_support/callbacks.rb:778:in `_run_call_callbacks'
  activesupport (4.2.6) lib/active_support/callbacks.rb:81:in `run_callbacks'
  actionpack (4.2.6) lib/action_dispatch/middleware/callbacks.rb:27:in `call'
  actionpack (4.2.6) lib/action_dispatch/middleware/reloader.rb:73:in `call'
  actionpack (4.2.6) lib/action_dispatch/middleware/remote_ip.rb:78:in `call'
  actionpack (4.2.6) lib/action_dispatch/middleware/debug_exceptions.rb:17:in `call'
  web-console (2.3.0) lib/web_console/middleware.rb:28:in `block in call'
  web-console (2.3.0) lib/web_console/middleware.rb:18:in `catch'
  web-console (2.3.0) lib/web_console/middleware.rb:18:in `call'
  actionpack (4.2.6) lib/action_dispatch/middleware/show_exceptions.rb:30:in `call'
  railties (4.2.6) lib/rails/rack/logger.rb:38:in `call_app'
  railties (4.2.6) lib/rails/rack/logger.rb:20:in `block in call'
  activesupport (4.2.6) lib/active_support/tagged_logging.rb:68:in `block in tagged'
  activesupport (4.2.6) lib/active_support/tagged_logging.rb:26:in `tagged'
  activesupport (4.2.6) lib/active_support/tagged_logging.rb:68:in `tagged'
  railties (4.2.6) lib/rails/rack/logger.rb:20:in `call'
  actionpack (4.2.6) lib/action_dispatch/middleware/request_id.rb:21:in `call'
  rack (1.6.5) lib/rack/methodoverride.rb:22:in `call'
  rack (1.6.5) lib/rack/runtime.rb:18:in `call'
  activesupport (4.2.6) lib/active_support/cache/strategy/local_cache_middleware.rb:28:in `call'
  rack (1.6.5) lib/rack/lock.rb:17:in `call'
  actionpack (4.2.6) lib/action_dispatch/middleware/static.rb:120:in `call'
  rack (1.6.5) lib/rack/sendfile.rb:113:in `call'
  railties (4.2.6) lib/rails/engine.rb:518:in `call'
  railties (4.2.6) lib/rails/application.rb:165:in `call'
  rack (1.6.5) lib/rack/lock.rb:17:in `call'
  rack (1.6.5) lib/rack/content_length.rb:15:in `call'
  rack (1.6.5) lib/rack/handler/webrick.rb:88:in `service'
  /home/kovo/.rbenv/versions/2.3.1/lib/ruby/2.3.0/webrick/httpserver.rb:140:in `service'
  /home/kovo/.rbenv/versions/2.3.1/lib/ruby/2.3.0/webrick/httpserver.rb:96:in `run'
  /home/kovo/.rbenv/versions/2.3.1/lib/ruby/2.3.0/webrick/server.rb:296:in `block in start_thread'


  Rendered /home/kovo/.rbenv/versions/2.3.1/lib/ruby/gems/2.3.0/gems/actionpack-4.2.6/lib/action_dispatch/middleware/templates/rescues/missing_template.text.erb (1.0ms)


Started DELETE "/post/10/delete" for 127.0.0.1 at 2017-03-21 00:46:17 +0100
Processing by PostsController#delete as JS
  Parameters: {"id"=>"10"}
Completed 500 Internal Server Error in 21ms (ActiveRecord: 0.0ms)

ActionView::MissingTemplate (Missing template posts/delete, application/delete with {:locale=>[:en], :formats=>[:js, "application/ecmascript", "application/x-ecmascript", :html, :text, :js, :css, :ics, :csv, :vcf, :png, :jpeg, :gif, :bmp, :tiff, :mpeg, :xml, :rss, :atom, :yaml, :multipart_form, :url_encoded_form, :json, :pdf, :zip, :web_console_v2], :variants=>[], :handlers=>[:erb, :builder, :raw, :ruby, :coffee, :jbuilder]}. Searched in:
  * "/home/kovo/:. WWW/kovoweb-3.0/mojWeb/app/views"
):
  actionview (4.2.6) lib/action_view/path_set.rb:46:in `find'
  actionview (4.2.6) lib/action_view/lookup_context.rb:121:in `find'
  actionview (4.2.6) lib/action_view/renderer/abstract_renderer.rb:18:in `find_template'
  actionview (4.2.6) lib/action_view/renderer/template_renderer.rb:40:in `determine_template'
  actionview (4.2.6) lib/action_view/renderer/template_renderer.rb:8:in `render'
  actionview (4.2.6) lib/action_view/renderer/renderer.rb:46:in `render_template'
  actionview (4.2.6) lib/action_view/renderer/renderer.rb:27:in `render'
  actionview (4.2.6) lib/action_view/rendering.rb:100:in `_render_template'
  actionpack (4.2.6) lib/action_controller/metal/streaming.rb:217:in `_render_template'
  actionview (4.2.6) lib/action_view/rendering.rb:83:in `render_to_body'
  actionpack (4.2.6) lib/action_controller/metal/rendering.rb:32:in `render_to_body'
  actionpack (4.2.6) lib/action_controller/metal/renderers.rb:37:in `render_to_body'
  actionpack (4.2.6) lib/abstract_controller/rendering.rb:25:in `render'
  actionpack (4.2.6) lib/action_controller/metal/rendering.rb:16:in `render'
  actionpack (4.2.6) lib/action_controller/metal/instrumentation.rb:44:in `block (2 levels) in render'
  activesupport (4.2.6) lib/active_support/core_ext/benchmark.rb:12:in `block in ms'
  /home/kovo/.rbenv/versions/2.3.1/lib/ruby/2.3.0/benchmark.rb:308:in `realtime'
  activesupport (4.2.6) lib/active_support/core_ext/benchmark.rb:12:in `ms'
  actionpack (4.2.6) lib/action_controller/metal/instrumentation.rb:44:in `block in render'
  actionpack (4.2.6) lib/action_controller/metal/instrumentation.rb:87:in `cleanup_view_runtime'
  activerecord (4.2.6) lib/active_record/railties/controller_runtime.rb:25:in `cleanup_view_runtime'
  actionpack (4.2.6) lib/action_controller/metal/instrumentation.rb:43:in `render'
  actionpack (4.2.6) lib/action_controller/metal/implicit_render.rb:10:in `default_render'
  actionpack (4.2.6) lib/action_controller/metal/implicit_render.rb:5:in `send_action'
  actionpack (4.2.6) lib/abstract_controller/base.rb:198:in `process_action'
  actionpack (4.2.6) lib/action_controller/metal/rendering.rb:10:in `process_action'
  actionpack (4.2.6) lib/abstract_controller/callbacks.rb:20:in `block in process_action'
  activesupport (4.2.6) lib/active_support/callbacks.rb:117:in `call'
  activesupport (4.2.6) lib/active_support/callbacks.rb:555:in `block (2 levels) in compile'
  activesupport (4.2.6) lib/active_support/callbacks.rb:505:in `call'
  activesupport (4.2.6) lib/active_support/callbacks.rb:92:in `__run_callbacks__'
  activesupport (4.2.6) lib/active_support/callbacks.rb:778:in `_run_process_action_callbacks'
  activesupport (4.2.6) lib/active_support/callbacks.rb:81:in `run_callbacks'
  actionpack (4.2.6) lib/abstract_controller/callbacks.rb:19:in `process_action'
  actionpack (4.2.6) lib/action_controller/metal/rescue.rb:29:in `process_action'
  actionpack (4.2.6) lib/action_controller/metal/instrumentation.rb:32:in `block in process_action'
  activesupport (4.2.6) lib/active_support/notifications.rb:164:in `block in instrument'
  activesupport (4.2.6) lib/active_support/notifications/instrumenter.rb:20:in `instrument'
  activesupport (4.2.6) lib/active_support/notifications.rb:164:in `instrument'
  actionpack (4.2.6) lib/action_controller/metal/instrumentation.rb:30:in `process_action'
  actionpack (4.2.6) lib/action_controller/metal/params_wrapper.rb:250:in `process_action'
  activerecord (4.2.6) lib/active_record/railties/controller_runtime.rb:18:in `process_action'
  actionpack (4.2.6) lib/abstract_controller/base.rb:137:in `process'
  actionview (4.2.6) lib/action_view/rendering.rb:30:in `process'
  actionpack (4.2.6) lib/action_controller/metal.rb:196:in `dispatch'
  actionpack (4.2.6) lib/action_controller/metal/rack_delegation.rb:13:in `dispatch'
  actionpack (4.2.6) lib/action_controller/metal.rb:237:in `block in action'
  actionpack (4.2.6) lib/action_dispatch/routing/route_set.rb:74:in `dispatch'
  actionpack (4.2.6) lib/action_dispatch/routing/route_set.rb:43:in `serve'
  actionpack (4.2.6) lib/action_dispatch/journey/router.rb:43:in `block in serve'
  actionpack (4.2.6) lib/action_dispatch/journey/router.rb:30:in `each'
  actionpack (4.2.6) lib/action_dispatch/journey/router.rb:30:in `serve'
  actionpack (4.2.6) lib/action_dispatch/routing/route_set.rb:817:in `call'
  rack (1.6.5) lib/rack/etag.rb:24:in `call'
  rack (1.6.5) lib/rack/conditionalget.rb:38:in `call'
  rack (1.6.5) lib/rack/head.rb:13:in `call'
  actionpack (4.2.6) lib/action_dispatch/middleware/params_parser.rb:27:in `call'
  actionpack (4.2.6) lib/action_dispatch/middleware/flash.rb:260:in `call'
  rack (1.6.5) lib/rack/session/abstract/id.rb:225:in `context'
  rack (1.6.5) lib/rack/session/abstract/id.rb:220:in `call'
  actionpack (4.2.6) lib/action_dispatch/middleware/cookies.rb:560:in `call'
  activerecord (4.2.6) lib/active_record/query_cache.rb:36:in `call'
  activerecord (4.2.6) lib/active_record/connection_adapters/abstract/connection_pool.rb:653:in `call'
  activerecord (4.2.6) lib/active_record/migration.rb:377:in `call'
  actionpack (4.2.6) lib/action_dispatch/middleware/callbacks.rb:29:in `block in call'
  activesupport (4.2.6) lib/active_support/callbacks.rb:88:in `__run_callbacks__'
  activesupport (4.2.6) lib/active_support/callbacks.rb:778:in `_run_call_callbacks'
  activesupport (4.2.6) lib/active_support/callbacks.rb:81:in `run_callbacks'
  actionpack (4.2.6) lib/action_dispatch/middleware/callbacks.rb:27:in `call'
  actionpack (4.2.6) lib/action_dispatch/middleware/reloader.rb:73:in `call'
  actionpack (4.2.6) lib/action_dispatch/middleware/remote_ip.rb:78:in `call'
  actionpack (4.2.6) lib/action_dispatch/middleware/debug_exceptions.rb:17:in `call'
  web-console (2.3.0) lib/web_console/middleware.rb:28:in `block in call'
  web-console (2.3.0) lib/web_console/middleware.rb:18:in `catch'
  web-console (2.3.0) lib/web_console/middleware.rb:18:in `call'
  actionpack (4.2.6) lib/action_dispatch/middleware/show_exceptions.rb:30:in `call'
  railties (4.2.6) lib/rails/rack/logger.rb:38:in `call_app'
  railties (4.2.6) lib/rails/rack/logger.rb:20:in `block in call'
  activesupport (4.2.6) lib/active_support/tagged_logging.rb:68:in `block in tagged'
  activesupport (4.2.6) lib/active_support/tagged_logging.rb:26:in `tagged'
  activesupport (4.2.6) lib/active_support/tagged_logging.rb:68:in `tagged'
  railties (4.2.6) lib/rails/rack/logger.rb:20:in `call'
  actionpack (4.2.6) lib/action_dispatch/middleware/request_id.rb:21:in `call'
  rack (1.6.5) lib/rack/methodoverride.rb:22:in `call'
  rack (1.6.5) lib/rack/runtime.rb:18:in `call'
  activesupport (4.2.6) lib/active_support/cache/strategy/local_cache_middleware.rb:28:in `call'
  rack (1.6.5) lib/rack/lock.rb:17:in `call'
  actionpack (4.2.6) lib/action_dispatch/middleware/static.rb:120:in `call'
  rack (1.6.5) lib/rack/sendfile.rb:113:in `call'
  railties (4.2.6) lib/rails/engine.rb:518:in `call'
  railties (4.2.6) lib/rails/application.rb:165:in `call'
  rack (1.6.5) lib/rack/lock.rb:17:in `call'
  rack (1.6.5) lib/rack/content_length.rb:15:in `call'
  rack (1.6.5) lib/rack/handler/webrick.rb:88:in `service'
  /home/kovo/.rbenv/versions/2.3.1/lib/ruby/2.3.0/webrick/httpserver.rb:140:in `service'
  /home/kovo/.rbenv/versions/2.3.1/lib/ruby/2.3.0/webrick/httpserver.rb:96:in `run'
  /home/kovo/.rbenv/versions/2.3.1/lib/ruby/2.3.0/webrick/server.rb:296:in `block in start_thread'


  Rendered /home/kovo/.rbenv/versions/2.3.1/lib/ruby/gems/2.3.0/gems/actionpack-4.2.6/lib/action_dispatch/middleware/templates/rescues/missing_template.text.erb (1.0ms)


Started DELETE "/post/13/delete" for 127.0.0.1 at 2017-03-21 00:47:08 +0100
Processing by PostsController#delete as JS
  Parameters: {"id"=>"13"}
  [1m[36mPost Load (0.8ms)[0m  [1mSELECT  "posts".* FROM "posts" WHERE "posts"."id" = ? LIMIT 1[0m  [["id", 13]]
  [1m[35m (0.3ms)[0m  begin transaction
  [1m[36mSQL (0.9ms)[0m  [1mDELETE FROM "posts" WHERE "posts"."id" = ?[0m  [["id", 13]]
  [1m[35m (15.5ms)[0m  commit transaction
Redirected to http://0.0.0.0:3000/post
Filter chain halted as :delete_action rendered or redirected
Completed 200 OK in 154ms (ActiveRecord: 48.8ms)


Started GET "/post" for 127.0.0.1 at 2017-03-21 00:47:08 +0100
Processing by PostsController#index as HTML
  [1m[36mPost Load (0.6ms)[0m  [1mSELECT "posts".* FROM "posts"[0m
  Rendered posts/index.html.erb within layouts/application (159.7ms)
  Rendered layouts/_main_menu.html.erb (9.9ms)
Completed 200 OK in 341ms (Views: 338.6ms | ActiveRecord: 0.6ms)


Started DELETE "/post/12/delete" for 127.0.0.1 at 2017-03-21 00:47:11 +0100
Processing by PostsController#delete as JS
  Parameters: {"id"=>"12"}
  [1m[35mPost Load (0.3ms)[0m  SELECT  "posts".* FROM "posts" WHERE "posts"."id" = ? LIMIT 1  [["id", 12]]
  [1m[36m (0.2ms)[0m  [1mbegin transaction[0m
  [1m[35mSQL (0.6ms)[0m  DELETE FROM "posts" WHERE "posts"."id" = ?  [["id", 12]]
  [1m[36m (27.0ms)[0m  [1mcommit transaction[0m
Redirected to http://0.0.0.0:3000/post
Filter chain halted as :delete_action rendered or redirected
Completed 200 OK in 55ms (ActiveRecord: 28.1ms)


Started GET "/post" for 127.0.0.1 at 2017-03-21 00:47:11 +0100
Processing by PostsController#index as HTML
  [1m[35mPost Load (4.8ms)[0m  SELECT "posts".* FROM "posts"
  Rendered posts/index.html.erb within layouts/application (125.1ms)
  Rendered layouts/_main_menu.html.erb (1.3ms)
Completed 200 OK in 337ms (Views: 325.9ms | ActiveRecord: 4.8ms)


Started DELETE "/post/11/delete" for 127.0.0.1 at 2017-03-21 00:47:27 +0100
Processing by PostsController#delete as JS
  Parameters: {"id"=>"11"}
  [1m[36mPost Load (0.3ms)[0m  [1mSELECT  "posts".* FROM "posts" WHERE "posts"."id" = ? LIMIT 1[0m  [["id", 11]]
  [1m[35m (0.2ms)[0m  begin transaction
  [1m[36mSQL (1.5ms)[0m  [1mDELETE FROM "posts" WHERE "posts"."id" = ?[0m  [["id", 11]]
  [1m[35m (16.0ms)[0m  commit transaction
Redirected to http://0.0.0.0:3000/post
Filter chain halted as :delete_action rendered or redirected
Completed 200 OK in 39ms (ActiveRecord: 18.0ms)


Started GET "/post" for 127.0.0.1 at 2017-03-21 00:47:27 +0100
Processing by PostsController#index as HTML
  [1m[36mPost Load (0.6ms)[0m  [1mSELECT "posts".* FROM "posts"[0m
  Rendered posts/index.html.erb within layouts/application (97.4ms)
  Rendered layouts/_main_menu.html.erb (1.2ms)
Completed 200 OK in 251ms (Views: 248.6ms | ActiveRecord: 0.6ms)


Started DELETE "/post/9/delete" for 127.0.0.1 at 2017-03-21 00:47:28 +0100
Processing by PostsController#delete as JS
  Parameters: {"id"=>"9"}
  [1m[35mPost Load (0.3ms)[0m  SELECT  "posts".* FROM "posts" WHERE "posts"."id" = ? LIMIT 1  [["id", 9]]
  [1m[36m (0.3ms)[0m  [1mbegin transaction[0m
  [1m[35mSQL (4.0ms)[0m  DELETE FROM "posts" WHERE "posts"."id" = ?  [["id", 9]]
  [1m[36m (18.4ms)[0m  [1mcommit transaction[0m
Redirected to http://0.0.0.0:3000/post
Filter chain halted as :delete_action rendered or redirected
Completed 200 OK in 46ms (ActiveRecord: 23.0ms)


Started GET "/post" for 127.0.0.1 at 2017-03-21 00:47:28 +0100
Processing by PostsController#index as HTML
  [1m[35mPost Load (0.6ms)[0m  SELECT "posts".* FROM "posts"
  Rendered posts/index.html.erb within layouts/application (120.8ms)
  Rendered layouts/_main_menu.html.erb (5.9ms)
Completed 200 OK in 296ms (Views: 294.0ms | ActiveRecord: 0.6ms)


Started DELETE "/post/7/delete" for 127.0.0.1 at 2017-03-21 00:47:29 +0100
Processing by PostsController#delete as JS
  Parameters: {"id"=>"7"}
  [1m[36mPost Load (0.3ms)[0m  [1mSELECT  "posts".* FROM "posts" WHERE "posts"."id" = ? LIMIT 1[0m  [["id", 7]]
  [1m[35m (0.2ms)[0m  begin transaction
  [1m[36mSQL (0.6ms)[0m  [1mDELETE FROM "posts" WHERE "posts"."id" = ?[0m  [["id", 7]]
  [1m[35m (19.5ms)[0m  commit transaction
Redirected to http://0.0.0.0:3000/post
Filter chain halted as :delete_action rendered or redirected
Completed 200 OK in 32ms (ActiveRecord: 20.6ms)


Started GET "/post" for 127.0.0.1 at 2017-03-21 00:47:29 +0100
Processing by PostsController#index as HTML
  [1m[36mPost Load (15.4ms)[0m  [1mSELECT "posts".* FROM "posts"[0m
  Rendered posts/index.html.erb within layouts/application (85.4ms)
  Rendered layouts/_main_menu.html.erb (1.1ms)
Completed 200 OK in 280ms (Views: 240.8ms | ActiveRecord: 15.4ms)


Started DELETE "/post/5/delete" for 127.0.0.1 at 2017-03-21 00:47:30 +0100
Processing by PostsController#delete as JS
  Parameters: {"id"=>"5"}
  [1m[35mPost Load (0.3ms)[0m  SELECT  "posts".* FROM "posts" WHERE "posts"."id" = ? LIMIT 1  [["id", 5]]
  [1m[36m (3.6ms)[0m  [1mbegin transaction[0m
  [1m[35mSQL (0.6ms)[0m  DELETE FROM "posts" WHERE "posts"."id" = ?  [["id", 5]]
  [1m[36m (15.2ms)[0m  [1mcommit transaction[0m
Redirected to http://0.0.0.0:3000/post
Filter chain halted as :delete_action rendered or redirected
Completed 200 OK in 41ms (ActiveRecord: 19.7ms)


Started GET "/post" for 127.0.0.1 at 2017-03-21 00:47:30 +0100
Processing by PostsController#index as HTML
  [1m[35mPost Load (0.6ms)[0m  SELECT "posts".* FROM "posts"
  Rendered posts/index.html.erb within layouts/application (109.9ms)
  Rendered layouts/_main_menu.html.erb (12.8ms)
Completed 200 OK in 265ms (Views: 262.7ms | ActiveRecord: 0.6ms)


Started DELETE "/post/3/delete" for 127.0.0.1 at 2017-03-21 00:47:31 +0100
Processing by PostsController#delete as JS
  Parameters: {"id"=>"3"}
  [1m[36mPost Load (0.3ms)[0m  [1mSELECT  "posts".* FROM "posts" WHERE "posts"."id" = ? LIMIT 1[0m  [["id", 3]]
  [1m[35m (0.2ms)[0m  begin transaction
  [1m[36mSQL (1.5ms)[0m  [1mDELETE FROM "posts" WHERE "posts"."id" = ?[0m  [["id", 3]]
  [1m[35m (15.6ms)[0m  commit transaction
Redirected to http://0.0.0.0:3000/post
Filter chain halted as :delete_action rendered or redirected
Completed 200 OK in 33ms (ActiveRecord: 17.7ms)


Started GET "/post" for 127.0.0.1 at 2017-03-21 00:47:31 +0100
Processing by PostsController#index as HTML
  [1m[36mPost Load (0.6ms)[0m  [1mSELECT "posts".* FROM "posts"[0m
  Rendered posts/index.html.erb within layouts/application (57.4ms)
  Rendered layouts/_main_menu.html.erb (5.6ms)
Completed 200 OK in 229ms (Views: 225.5ms | ActiveRecord: 0.6ms)


Started DELETE "/post/2/delete" for 127.0.0.1 at 2017-03-21 00:47:32 +0100
Processing by PostsController#delete as JS
  Parameters: {"id"=>"2"}
  [1m[35mPost Load (0.3ms)[0m  SELECT  "posts".* FROM "posts" WHERE "posts"."id" = ? LIMIT 1  [["id", 2]]
  [1m[36m (0.2ms)[0m  [1mbegin transaction[0m
  [1m[35mSQL (3.0ms)[0m  DELETE FROM "posts" WHERE "posts"."id" = ?  [["id", 2]]
  [1m[36m (5.8ms)[0m  [1mcommit transaction[0m
Redirected to http://0.0.0.0:3000/post
Filter chain halted as :delete_action rendered or redirected
Completed 200 OK in 30ms (ActiveRecord: 9.4ms)


Started GET "/post" for 127.0.0.1 at 2017-03-21 00:47:32 +0100
Processing by PostsController#index as HTML
  [1m[35mPost Load (0.6ms)[0m  SELECT "posts".* FROM "posts"
  Rendered posts/index.html.erb within layouts/application (84.5ms)
  Rendered layouts/_main_menu.html.erb (1.1ms)
Completed 200 OK in 235ms (Views: 232.7ms | ActiveRecord: 0.6ms)


Started DELETE "/post/10/delete" for 127.0.0.1 at 2017-03-21 00:47:34 +0100
Processing by PostsController#delete as JS
  Parameters: {"id"=>"10"}
  [1m[36mPost Load (8.5ms)[0m  [1mSELECT  "posts".* FROM "posts" WHERE "posts"."id" = ? LIMIT 1[0m  [["id", 10]]
  [1m[35m (0.3ms)[0m  begin transaction
  [1m[36mSQL (3.6ms)[0m  [1mDELETE FROM "posts" WHERE "posts"."id" = ?[0m  [["id", 10]]
  [1m[35m (18.2ms)[0m  commit transaction
Redirected to http://0.0.0.0:3000/post
Filter chain halted as :delete_action rendered or redirected
Completed 200 OK in 41ms (ActiveRecord: 30.7ms)


Started GET "/post" for 127.0.0.1 at 2017-03-21 00:47:34 +0100
Processing by PostsController#index as HTML
  [1m[36mPost Load (0.9ms)[0m  [1mSELECT "posts".* FROM "posts"[0m
  Rendered posts/index.html.erb within layouts/application (65.3ms)
  Rendered layouts/_main_menu.html.erb (1.1ms)
Completed 200 OK in 233ms (Views: 230.7ms | ActiveRecord: 0.9ms)


Started DELETE "/post/8/delete" for 127.0.0.1 at 2017-03-21 00:47:34 +0100
Processing by PostsController#delete as JS
  Parameters: {"id"=>"8"}
  [1m[35mPost Load (0.4ms)[0m  SELECT  "posts".* FROM "posts" WHERE "posts"."id" = ? LIMIT 1  [["id", 8]]
  [1m[36m (0.2ms)[0m  [1mbegin transaction[0m
  [1m[35mSQL (0.6ms)[0m  DELETE FROM "posts" WHERE "posts"."id" = ?  [["id", 8]]
  [1m[36m (15.2ms)[0m  [1mcommit transaction[0m
Redirected to http://0.0.0.0:3000/post
Filter chain halted as :delete_action rendered or redirected
Completed 200 OK in 26ms (ActiveRecord: 16.4ms)


Started GET "/post" for 127.0.0.1 at 2017-03-21 00:47:35 +0100
Processing by PostsController#index as HTML
  [1m[35mPost Load (2.3ms)[0m  SELECT "posts".* FROM "posts"
  Rendered posts/index.html.erb within layouts/application (54.0ms)
  Rendered layouts/_main_menu.html.erb (1.1ms)
Completed 200 OK in 249ms (Views: 222.4ms | ActiveRecord: 2.3ms)


Started DELETE "/post/6/delete" for 127.0.0.1 at 2017-03-21 00:47:35 +0100
Processing by PostsController#delete as JS
  Parameters: {"id"=>"6"}
  [1m[36mPost Load (0.3ms)[0m  [1mSELECT  "posts".* FROM "posts" WHERE "posts"."id" = ? LIMIT 1[0m  [["id", 6]]
  [1m[35m (0.3ms)[0m  begin transaction
  [1m[36mSQL (2.2ms)[0m  [1mDELETE FROM "posts" WHERE "posts"."id" = ?[0m  [["id", 6]]
  [1m[35m (18.8ms)[0m  commit transaction
Redirected to http://0.0.0.0:3000/post
Filter chain halted as :delete_action rendered or redirected
Completed 200 OK in 38ms (ActiveRecord: 21.7ms)


Started GET "/post" for 127.0.0.1 at 2017-03-21 00:47:35 +0100
Processing by PostsController#index as HTML
  [1m[36mPost Load (18.4ms)[0m  [1mSELECT "posts".* FROM "posts"[0m
  Rendered posts/index.html.erb within layouts/application (38.6ms)
  Rendered layouts/_main_menu.html.erb (6.1ms)
Completed 200 OK in 251ms (Views: 204.1ms | ActiveRecord: 18.4ms)


Started DELETE "/post/4/delete" for 127.0.0.1 at 2017-03-21 00:47:36 +0100
Processing by PostsController#delete as JS
  Parameters: {"id"=>"4"}
  [1m[35mPost Load (0.3ms)[0m  SELECT  "posts".* FROM "posts" WHERE "posts"."id" = ? LIMIT 1  [["id", 4]]
  [1m[36m (4.5ms)[0m  [1mbegin transaction[0m
  [1m[35mSQL (1.4ms)[0m  DELETE FROM "posts" WHERE "posts"."id" = ?  [["id", 4]]
  [1m[36m (34.3ms)[0m  [1mcommit transaction[0m
Redirected to http://0.0.0.0:3000/post
Filter chain halted as :delete_action rendered or redirected
Completed 200 OK in 49ms (ActiveRecord: 40.5ms)


Started GET "/post" for 127.0.0.1 at 2017-03-21 00:47:36 +0100
Processing by PostsController#index as HTML
  [1m[35mPost Load (7.1ms)[0m  SELECT "posts".* FROM "posts"
  Rendered posts/index.html.erb within layouts/application (21.6ms)
  Rendered layouts/_main_menu.html.erb (4.5ms)
Completed 200 OK in 257ms (Views: 248.4ms | ActiveRecord: 7.1ms)
  [1m[36mPost Load (0.5ms)[0m  [1mSELECT "posts".* FROM "posts"[0m
  [1m[35mPostTag Load (1.3ms)[0m  SELECT "post_tags".* FROM "post_tags"
  [1m[36mTag Load (0.6ms)[0m  [1mSELECT "tags".* FROM "tags"[0m
  [1m[35mTag Load (0.6ms)[0m  SELECT  "tags".* FROM "tags"  ORDER BY "tags"."id" ASC LIMIT 1
  [1m[36m (0.2ms)[0m  [1mbegin transaction[0m
  [1m[35mSQL (0.7ms)[0m  DELETE FROM "tags" WHERE "tags"."id" = ?  [["id", 1]]
  [1m[36m (10.2ms)[0m  [1mcommit transaction[0m
  [1m[35mPostTag Load (0.6ms)[0m  SELECT  "post_tags".* FROM "post_tags"  ORDER BY "post_tags"."id" ASC LIMIT 1
  [1m[36m (0.2ms)[0m  [1mbegin transaction[0m
  [1m[35mSQL (0.7ms)[0m  DELETE FROM "post_tags" WHERE "post_tags"."id" = ?  [["id", 1]]
  [1m[36m (5.1ms)[0m  [1mcommit transaction[0m
  [1m[35mPostTag Load (0.6ms)[0m  SELECT "post_tags".* FROM "post_tags"


Started GET "/post/new" for 127.0.0.1 at 2017-03-21 00:48:29 +0100
Processing by PostsController#new as HTML
  Rendered posts/new.html.erb within layouts/application (42.8ms)
  Rendered layouts/_main_menu.html.erb (1.4ms)
Completed 200 OK in 478ms (Views: 182.7ms | ActiveRecord: 1.7ms)


Started POST "/post" for 127.0.0.1 at 2017-03-21 00:48:33 +0100
Processing by PostsController#create as HTML
  Parameters: {"utf8"=>"✓", "authenticity_token"=>"vScPw0AhoahHXpQ4R1DQsCip/AS/TQluJVRz+QEIUysNh5iIvCmoJCrXYxAFd2UAT1awkd8tO4AFDYaCbO0ZRw==", "post"=>{"title"=>"hjghj", "tags_attributes"=>{"0"=>{"title"=>"hjghj"}}}, "commit"=>"Create Post"}
  [1m[36m (0.4ms)[0m  [1mbegin transaction[0m
  [1m[35mSQL (9.5ms)[0m  INSERT INTO "posts" ("title", "created_at", "updated_at") VALUES (?, ?, ?)  [["title", "hjghj"], ["created_at", "2017-03-20 23:48:33.964215"], ["updated_at", "2017-03-20 23:48:33.964215"]]
  [1m[36mSQL (0.6ms)[0m  [1mINSERT INTO "tags" ("title", "created_at", "updated_at") VALUES (?, ?, ?)[0m  [["title", "hjghj"], ["created_at", "2017-03-20 23:48:33.982716"], ["updated_at", "2017-03-20 23:48:33.982716"]]
  [1m[35mSQL (0.5ms)[0m  INSERT INTO "post_tags" ("post_id", "tag_id", "created_at", "updated_at") VALUES (?, ?, ?, ?)  [["post_id", 15], ["tag_id", 2], ["created_at", "2017-03-20 23:48:33.997136"], ["updated_at", "2017-03-20 23:48:33.997136"]]
  [1m[36m (7.9ms)[0m  [1mcommit transaction[0m
Redirected to http://0.0.0.0:3000/post
Filter chain halted as :create_action rendered or redirected
Completed 302 Found in 83ms (ActiveRecord: 18.9ms)


Started GET "/post" for 127.0.0.1 at 2017-03-21 00:48:34 +0100
Processing by PostsController#index as HTML
  [1m[35mPost Load (0.5ms)[0m  SELECT "posts".* FROM "posts"
  Rendered posts/index.html.erb within layouts/application (11.5ms)
  Rendered layouts/_main_menu.html.erb (6.3ms)
Completed 200 OK in 184ms (Views: 181.1ms | ActiveRecord: 0.5ms)
  [1m[36mPostTag Load (0.5ms)[0m  [1mSELECT "post_tags".* FROM "post_tags"[0m
  [1m[35mTag Load (0.6ms)[0m  SELECT "tags".* FROM "tags"


Started DELETE "/post/15/delete" for 127.0.0.1 at 2017-03-21 00:48:51 +0100
Processing by PostsController#delete as JS
  Parameters: {"id"=>"15"}
  [1m[36mPost Load (0.3ms)[0m  [1mSELECT  "posts".* FROM "posts" WHERE "posts"."id" = ? LIMIT 1[0m  [["id", 15]]
  [1m[35m (4.8ms)[0m  begin transaction
  [1m[36mSQL (5.4ms)[0m  [1mDELETE FROM "posts" WHERE "posts"."id" = ?[0m  [["id", 15]]
  [1m[35m (12.7ms)[0m  commit transaction
Redirected to http://0.0.0.0:3000/post
Filter chain halted as :delete_action rendered or redirected
Completed 200 OK in 38ms (ActiveRecord: 23.1ms)


Started GET "/post" for 127.0.0.1 at 2017-03-21 00:48:51 +0100
Processing by PostsController#index as HTML
  [1m[36mPost Load (4.0ms)[0m  [1mSELECT "posts".* FROM "posts"[0m
  Rendered posts/index.html.erb within layouts/application (11.8ms)
  Rendered layouts/_main_menu.html.erb (5.3ms)
Completed 200 OK in 248ms (Views: 236.0ms | ActiveRecord: 4.0ms)
  [1m[36mTag Load (0.5ms)[0m  [1mSELECT "tags".* FROM "tags"[0m
  [1m[35mPostTag Load (0.5ms)[0m  SELECT "post_tags".* FROM "post_tags"
  [1m[36mPost Load (0.5ms)[0m  [1mSELECT "posts".* FROM "posts"[0m


Started GET "/post" for 127.0.0.1 at 2017-03-21 00:53:54 +0100
Processing by PostsController#index as HTML
  [1m[35mPost Load (1.1ms)[0m  SELECT "posts".* FROM "posts"
  Rendered posts/index.html.erb within layouts/application (19.1ms)
  Rendered layouts/_main_menu.html.erb (9.1ms)
Completed 200 OK in 205ms (Views: 191.9ms | ActiveRecord: 5.1ms)


Started GET "/assets/blogs.self-e3b0c44298fc1c149afbf4c8996fb92427ae41e4649b934ca495991b7852b855.css?body=1" for 127.0.0.1 at 2017-03-21 00:53:54 +0100


Started GET "/assets/homepage.self-e3b0c44298fc1c149afbf4c8996fb92427ae41e4649b934ca495991b7852b855.css?body=1" for 127.0.0.1 at 2017-03-21 00:53:54 +0100


Started GET "/assets/posts.self-e3b0c44298fc1c149afbf4c8996fb92427ae41e4649b934ca495991b7852b855.css?body=1" for 127.0.0.1 at 2017-03-21 00:53:54 +0100


Started GET "/assets/users.self-e3b0c44298fc1c149afbf4c8996fb92427ae41e4649b934ca495991b7852b855.css?body=1" for 127.0.0.1 at 2017-03-21 00:53:54 +0100


Started GET "/assets/jquery.self-bd7ddd393353a8d2480a622e80342adf488fb6006d667e8b42e4c0073393abee.js?body=1" for 127.0.0.1 at 2017-03-21 00:53:54 +0100


Started GET "/assets/turbolinks.self-c5acd7a204f5f25ce7a1d8a0e4d92e28d34c9e2df2c7371cd7af88e147e4ad82.js?body=1" for 127.0.0.1 at 2017-03-21 00:53:54 +0100


Started GET "/assets/application.self-e80e8f2318043e8af94dddc2adad5a4f09739a8ebb323b3ab31cd71d45fd9113.css?body=1" for 127.0.0.1 at 2017-03-21 00:53:54 +0100


Started GET "/assets/jquery_ujs.self-784a997f6726036b1993eb2217c9cb558e1cbb801c6da88105588c56f13b466a.js?body=1" for 127.0.0.1 at 2017-03-21 00:53:54 +0100


Started GET "/assets/application.self-3b8dabdc891efe46b9a144b400ad69e37d7e5876bdc39dee783419a69d7ca819.js?body=1" for 127.0.0.1 at 2017-03-21 00:53:54 +0100


Started GET "/post/new" for 127.0.0.1 at 2017-03-21 00:53:59 +0100
Processing by PostsController#new as HTML
  Rendered posts/new.html.erb within layouts/application (26.2ms)
  Rendered layouts/_main_menu.html.erb (5.6ms)
Completed 200 OK in 377ms (Views: 159.9ms | ActiveRecord: 2.6ms)


Started POST "/post" for 127.0.0.1 at 2017-03-21 00:54:03 +0100
Processing by PostsController#create as HTML
  Parameters: {"utf8"=>"✓", "authenticity_token"=>"o2JxVlRcaGtviXuTvHMWpU858/zm2DNERPgAnD7FTp8TwuYdqFRh5wIAjLv+VKMVKMa/aYa4AapkofXnUyAE8w==", "post"=>{"title"=>"fghfgh", "tags_attributes"=>{"0"=>{"title"=>"fgffghfgh"}}}, "commit"=>"Create Post"}
  [1m[36m (0.2ms)[0m  [1mbegin transaction[0m
  [1m[35mSQL (13.5ms)[0m  INSERT INTO "posts" ("title", "created_at", "updated_at") VALUES (?, ?, ?)  [["title", "fghfgh"], ["created_at", "2017-03-20 23:54:03.429538"], ["updated_at", "2017-03-20 23:54:03.429538"]]
  [1m[36mSQL (0.5ms)[0m  [1mINSERT INTO "tags" ("title", "created_at", "updated_at") VALUES (?, ?, ?)[0m  [["title", "fgffghfgh"], ["created_at", "2017-03-20 23:54:03.447384"], ["updated_at", "2017-03-20 23:54:03.447384"]]
  [1m[35mSQL (4.8ms)[0m  INSERT INTO "post_tags" ("post_id", "tag_id", "created_at", "updated_at") VALUES (?, ?, ?, ?)  [["post_id", 16], ["tag_id", 3], ["created_at", "2017-03-20 23:54:03.461104"], ["updated_at", "2017-03-20 23:54:03.461104"]]
  [1m[36m (6.1ms)[0m  [1mcommit transaction[0m
Redirected to http://0.0.0.0:3000/post
Filter chain halted as :create_action rendered or redirected
Completed 302 Found in 104ms (ActiveRecord: 25.1ms)


Started GET "/post" for 127.0.0.1 at 2017-03-21 00:54:03 +0100
Processing by PostsController#index as HTML
  [1m[35mPost Load (0.5ms)[0m  SELECT "posts".* FROM "posts"
  Rendered posts/index.html.erb within layouts/application (14.9ms)
  Rendered layouts/_main_menu.html.erb (1.3ms)
Completed 200 OK in 203ms (Views: 200.5ms | ActiveRecord: 0.5ms)
  [1m[35mPostTag Load (0.5ms)[0m  SELECT "post_tags".* FROM "post_tags"


Started DELETE "/post/16/destroy" for 127.0.0.1 at 2017-03-21 00:54:15 +0100
Processing by PostsController#destroy as JS
  Parameters: {"id"=>"16"}
  [1m[36mPost Load (0.5ms)[0m  [1mSELECT  "posts".* FROM "posts" WHERE "posts"."id" = ? LIMIT 1[0m  [["id", 16]]
  [1m[35m (0.2ms)[0m  begin transaction
  [1m[36mSQL (0.7ms)[0m  [1mDELETE FROM "posts" WHERE "posts"."id" = ?[0m  [["id", 16]]
  [1m[35m (16.4ms)[0m  commit transaction
Redirected to http://0.0.0.0:3000/post
Filter chain halted as :destroy_action rendered or redirected
Completed 200 OK in 36ms (ActiveRecord: 17.8ms)


Started GET "/post" for 127.0.0.1 at 2017-03-21 00:54:15 +0100
Processing by PostsController#index as HTML
  [1m[36mPost Load (3.0ms)[0m  [1mSELECT "posts".* FROM "posts"[0m
  Rendered posts/index.html.erb within layouts/application (19.8ms)
  Rendered layouts/_main_menu.html.erb (4.7ms)
Completed 200 OK in 222ms (Views: 217.4ms | ActiveRecord: 3.0ms)
  [1m[36mPostTag Load (0.5ms)[0m  [1mSELECT "post_tags".* FROM "post_tags"[0m
  [1m[35mSQL (8.0ms)[0m  DELETE FROM "post_tags"
  [1m[36mPostTag Load (0.7ms)[0m  [1mSELECT "post_tags".* FROM "post_tags"[0m
  [1m[35mPost Load (0.8ms)[0m  SELECT "posts".* FROM "posts"
  [1m[36mTag Load (0.5ms)[0m  [1mSELECT "tags".* FROM "tags"[0m
  [1m[35mSQL (19.5ms)[0m  DELETE FROM "tags"


Started GET "/post/new" for 127.0.0.1 at 2017-03-21 00:55:45 +0100
Processing by PostsController#new as HTML
  Rendered posts/new.html.erb within layouts/application (26.7ms)
  Rendered layouts/_main_menu.html.erb (5.7ms)
Completed 200 OK in 345ms (Views: 186.4ms | ActiveRecord: 10.1ms)


Started POST "/post" for 127.0.0.1 at 2017-03-21 00:55:49 +0100
Processing by PostsController#create as HTML
  Parameters: {"utf8"=>"✓", "authenticity_token"=>"EsL4z9yAkEdRJ3Qje5pVNxPN05bzMRfbG958Xeet/CqiYm+EIIiZyzyugws5veCHdDKfA5NRJTU7h4kmiki2Rg==", "post"=>{"title"=>"jkhjk", "tags_attributes"=>{"0"=>{"title"=>"hjkhjk"}}}, "commit"=>"Create Post"}
  [1m[35m (0.2ms)[0m  begin transaction
  [1m[36mSQL (9.1ms)[0m  [1mINSERT INTO "posts" ("title", "created_at", "updated_at") VALUES (?, ?, ?)[0m  [["title", "jkhjk"], ["created_at", "2017-03-20 23:55:49.712243"], ["updated_at", "2017-03-20 23:55:49.712243"]]
  [1m[35mSQL (0.5ms)[0m  INSERT INTO "tags" ("title", "created_at", "updated_at") VALUES (?, ?, ?)  [["title", "hjkhjk"], ["created_at", "2017-03-20 23:55:49.726890"], ["updated_at", "2017-03-20 23:55:49.726890"]]
  [1m[36mSQL (0.5ms)[0m  [1mINSERT INTO "post_tags" ("post_id", "tag_id", "created_at", "updated_at") VALUES (?, ?, ?, ?)[0m  [["post_id", 17], ["tag_id", 4], ["created_at", "2017-03-20 23:55:49.731113"], ["updated_at", "2017-03-20 23:55:49.731113"]]
  [1m[35m (5.8ms)[0m  commit transaction
Redirected to http://0.0.0.0:3000/post
Filter chain halted as :create_action rendered or redirected
Completed 302 Found in 86ms (ActiveRecord: 16.2ms)


Started GET "/post" for 127.0.0.1 at 2017-03-21 00:55:49 +0100
Processing by PostsController#index as HTML
  [1m[36mPost Load (0.8ms)[0m  [1mSELECT "posts".* FROM "posts"[0m
  Rendered posts/index.html.erb within layouts/application (18.0ms)
  Rendered layouts/_main_menu.html.erb (13.7ms)
Completed 200 OK in 183ms (Views: 176.1ms | ActiveRecord: 0.8ms)


Started GET "/post/new" for 127.0.0.1 at 2017-03-21 00:55:55 +0100
Processing by PostsController#new as HTML
  Rendered posts/new.html.erb within layouts/application (14.9ms)
  Rendered layouts/_main_menu.html.erb (1.1ms)
Completed 200 OK in 268ms (Views: 243.2ms | ActiveRecord: 0.0ms)


Started POST "/post" for 127.0.0.1 at 2017-03-21 00:55:59 +0100
Processing by PostsController#create as HTML
  Parameters: {"utf8"=>"✓", "authenticity_token"=>"hnQEj5vJDSR6UV/Kz66a2xSB0ADSse1GTwUC7gH/iIo21JPEZ8EEqBfYqOKNiS9rc36clbLR36hvXPeVbBrC5g==", "post"=>{"title"=>"jklô", "tags_attributes"=>{"0"=>{"title"=>"ljkljkljkl"}}}, "commit"=>"Create Post"}
  [1m[35m (10.1ms)[0m  begin transaction
  [1m[36mSQL (0.7ms)[0m  [1mINSERT INTO "posts" ("title", "created_at", "updated_at") VALUES (?, ?, ?)[0m  [["title", "jklô"], ["created_at", "2017-03-20 23:55:59.152031"], ["updated_at", "2017-03-20 23:55:59.152031"]]
  [1m[35mSQL (4.6ms)[0m  INSERT INTO "tags" ("title", "created_at", "updated_at") VALUES (?, ?, ?)  [["title", "ljkljkljkl"], ["created_at", "2017-03-20 23:55:59.169799"], ["updated_at", "2017-03-20 23:55:59.169799"]]
  [1m[36mSQL (0.3ms)[0m  [1mINSERT INTO "post_tags" ("post_id", "tag_id", "created_at", "updated_at") VALUES (?, ?, ?, ?)[0m  [["post_id", 18], ["tag_id", 5], ["created_at", "2017-03-20 23:55:59.177815"], ["updated_at", "2017-03-20 23:55:59.177815"]]
  [1m[35m (16.3ms)[0m  commit transaction
Redirected to http://0.0.0.0:3000/post
Filter chain halted as :create_action rendered or redirected
Completed 302 Found in 121ms (ActiveRecord: 32.1ms)


Started GET "/post" for 127.0.0.1 at 2017-03-21 00:55:59 +0100
Processing by PostsController#index as HTML
  [1m[36mPost Load (0.5ms)[0m  [1mSELECT "posts".* FROM "posts"[0m
  Rendered posts/index.html.erb within layouts/application (20.7ms)
  Rendered layouts/_main_menu.html.erb (1.2ms)
Completed 200 OK in 189ms (Views: 186.3ms | ActiveRecord: 0.5ms)


Started DELETE "/post/18/destroy" for 127.0.0.1 at 2017-03-21 00:56:05 +0100
Processing by PostsController#destroy as JS
  Parameters: {"id"=>"18"}
  [1m[35mPost Load (0.5ms)[0m  SELECT  "posts".* FROM "posts" WHERE "posts"."id" = ? LIMIT 1  [["id", 18]]
  [1m[36m (0.2ms)[0m  [1mbegin transaction[0m
  [1m[35mPostTag Load (0.5ms)[0m  SELECT "post_tags".* FROM "post_tags" WHERE "post_tags"."post_id" = ?  [["post_id", 18]]
  [1m[36mSQL (1.1ms)[0m  [1mDELETE FROM "post_tags" WHERE "post_tags"."id" = ?[0m  [["id", 5]]
  [1m[35m (0.8ms)[0m  rollback transaction
Completed 500 Internal Server Error in 116ms (ActiveRecord: 3.2ms)

SystemStackError (stack level too deep):
  app/controllers/application_controller.rb:66:in `destroy_action'




Started GET "/post" for 127.0.0.1 at 2017-03-21 01:09:52 +0100
  [1m[36mActiveRecord::SchemaMigration Load (0.5ms)[0m  [1mSELECT "schema_migrations".* FROM "schema_migrations"[0m
Processing by PostsController#index as HTML
  [1m[35mPost Load (0.6ms)[0m  SELECT "posts".* FROM "posts"
  Rendered posts/index.html.erb within layouts/application (93.9ms)
  Rendered layouts/_main_menu.html.erb (9.7ms)
Completed 200 OK in 1673ms (Views: 1580.9ms | ActiveRecord: 1.9ms)


Started GET "/assets/blogs.self-e3b0c44298fc1c149afbf4c8996fb92427ae41e4649b934ca495991b7852b855.css?body=1" for 127.0.0.1 at 2017-03-21 01:09:55 +0100


Started GET "/assets/homepage.self-e3b0c44298fc1c149afbf4c8996fb92427ae41e4649b934ca495991b7852b855.css?body=1" for 127.0.0.1 at 2017-03-21 01:09:56 +0100


Started GET "/assets/jquery_ujs.self-784a997f6726036b1993eb2217c9cb558e1cbb801c6da88105588c56f13b466a.js?body=1" for 127.0.0.1 at 2017-03-21 01:09:56 +0100


Started GET "/assets/posts.self-e3b0c44298fc1c149afbf4c8996fb92427ae41e4649b934ca495991b7852b855.css?body=1" for 127.0.0.1 at 2017-03-21 01:09:56 +0100


Started GET "/assets/users.self-e3b0c44298fc1c149afbf4c8996fb92427ae41e4649b934ca495991b7852b855.css?body=1" for 127.0.0.1 at 2017-03-21 01:09:56 +0100


Started GET "/assets/application.self-e80e8f2318043e8af94dddc2adad5a4f09739a8ebb323b3ab31cd71d45fd9113.css?body=1" for 127.0.0.1 at 2017-03-21 01:09:56 +0100


Started GET "/assets/jquery.self-bd7ddd393353a8d2480a622e80342adf488fb6006d667e8b42e4c0073393abee.js?body=1" for 127.0.0.1 at 2017-03-21 01:09:56 +0100


Started GET "/assets/turbolinks.self-c5acd7a204f5f25ce7a1d8a0e4d92e28d34c9e2df2c7371cd7af88e147e4ad82.js?body=1" for 127.0.0.1 at 2017-03-21 01:09:56 +0100


Started GET "/assets/application.self-3b8dabdc891efe46b9a144b400ad69e37d7e5876bdc39dee783419a69d7ca819.js?body=1" for 127.0.0.1 at 2017-03-21 01:09:56 +0100


Started DELETE "/post/18/destroy" for 127.0.0.1 at 2017-03-21 01:10:07 +0100
Processing by PostsController#destroy as JS
  Parameters: {"id"=>"18"}
  [1m[36mPost Load (0.7ms)[0m  [1mSELECT  "posts".* FROM "posts" WHERE "posts"."id" = ? LIMIT 1[0m  [["id", 18]]
  [1m[35m (0.3ms)[0m  begin transaction
  [1m[36mPostTag Load (0.5ms)[0m  [1mSELECT "post_tags".* FROM "post_tags" WHERE "post_tags"."post_id" = ?[0m  [["post_id", 18]]
  [1m[35mSQL (0.8ms)[0m  DELETE FROM "post_tags" WHERE "post_tags"."id" = ?  [["id", 5]]
  [1m[36mSQL (0.6ms)[0m  [1mDELETE FROM "posts" WHERE "posts"."id" = ?[0m  [["id", 18]]
  [1m[35m (8.8ms)[0m  commit transaction
Redirected to http://0.0.0.0:3000/post
Filter chain halted as :destroy_action rendered or redirected
Completed 200 OK in 314ms (ActiveRecord: 12.5ms)


Started GET "/post" for 127.0.0.1 at 2017-03-21 01:10:07 +0100
Processing by PostsController#index as HTML
  [1m[36mPost Load (0.6ms)[0m  [1mSELECT "posts".* FROM "posts"[0m
  Rendered posts/index.html.erb within layouts/application (22.7ms)
  Rendered layouts/_main_menu.html.erb (7.4ms)
Completed 200 OK in 299ms (Views: 296.3ms | ActiveRecord: 0.6ms)
  [1m[36mSQL (8.2ms)[0m  [1mDELETE FROM "tags"[0m
  [1m[35mTag Load (0.4ms)[0m  SELECT "tags".* FROM "tags"
  [1m[36mPostTag Load (0.5ms)[0m  [1mSELECT "post_tags".* FROM "post_tags"[0m
  [1m[35mSQL (6.5ms)[0m  DELETE FROM "tags"
  [1m[36mTag Load (0.5ms)[0m  [1mSELECT "tags".* FROM "tags"[0m


Started GET "/" for 127.0.0.1 at 2017-03-21 01:11:53 +0100
Processing by HomepageController#index as HTML
  Rendered homepage/index.html.erb within layouts/application (4.8ms)
  Rendered layouts/_main_menu.html.erb (10.1ms)
Completed 200 OK in 623ms (Views: 617.0ms | ActiveRecord: 0.0ms)


Started GET "/assets/blogs.self-e3b0c44298fc1c149afbf4c8996fb92427ae41e4649b934ca495991b7852b855.css?body=1" for 127.0.0.1 at 2017-03-21 01:11:54 +0100


Started GET "/assets/homepage.self-e3b0c44298fc1c149afbf4c8996fb92427ae41e4649b934ca495991b7852b855.css?body=1" for 127.0.0.1 at 2017-03-21 01:11:54 +0100


Started GET "/assets/posts.self-e3b0c44298fc1c149afbf4c8996fb92427ae41e4649b934ca495991b7852b855.css?body=1" for 127.0.0.1 at 2017-03-21 01:11:54 +0100


Started GET "/assets/application.self-3b8dabdc891efe46b9a144b400ad69e37d7e5876bdc39dee783419a69d7ca819.js?body=1" for 127.0.0.1 at 2017-03-21 01:11:54 +0100


Started GET "/assets/users.self-e3b0c44298fc1c149afbf4c8996fb92427ae41e4649b934ca495991b7852b855.css?body=1" for 127.0.0.1 at 2017-03-21 01:11:54 +0100
